--
-- PostgreSQL database dump
--

SET statement_timeout = 0;
SET client_encoding = 'UTF8';
SET standard_conforming_strings = on;
SET check_function_bodies = false;
SET client_min_messages = warning;

SET search_path = public, pg_catalog;

--
-- Name: _assertion_trigger_seq; Type: SEQUENCE SET; Schema: public; Owner: postgres
--

SELECT pg_catalog.setval('_assertion_trigger_seq', 1, false);


--
-- Data for Name: _user_messages; Type: TABLE DATA; Schema: public; Owner: thelma
--

COPY _user_messages (guid, text, time_stamp) FROM stdin;
\.


--
-- Data for Name: db_user; Type: TABLE DATA; Schema: public; Owner: postgres
--

COPY db_user (db_user_id, username, login, email_addr, password, directory_user_id) FROM stdin;
76	Daniel Tondera	dtondera	tondera@cenix.com	$1$xy$d3R9JcGjXtmYI2lNUGG/J1	tondera
4	Christoph Sachse	csachse	sachse@cenix-bioscience.com	$1$xy$d3R9JcGjXtmYI2lNUGG/J1	sachse
7	Birte Soennichsen	bsoennichsen	soennichsen@cenix-bioscience.com	$1$Pw$AjosZG3op0.nQEqPLug5Q/	soennichsen
8	Christophe Echeverri	cecheverri	echeverri@cenix-bioscience.com	$1$xy$d3R9JcGjXtmYI2lNUGG/J1	echeverri
9	Michael Brehm	mbrehm	brehm@cenix-bioscience.com	$1$eX$8VaD0mLMpKpurYnSlRbbK0	brehm
10	Cecilie Martin	cmartin	martin@cenix-bioscience.com	$1$xy$d3R9JcGjXtmYI2lNUGG/J1	martin
11	Harald Haentsch	hhaentsch	haentsch@cenix-bioscience.com	$1$xy$d3R9JcGjXtmYI2lNUGG/J1	haentsch
12	Maria Winzi	mwinzi	winzi@cenix-bioscience.com	$1$xy$d3R9JcGjXtmYI2lNUGG/J1	winzi
13	Michael Hannus	mhannus	hannus@cenix-bioscience.com	$1$Z4$9bOU5p5tIyQqrCqmBCgg60	hannus
14	Mark Hewitson	mhewitson	hewitson@cenix-bioscience.com	$1$SR$LXTdjCJDYPHeBqLkFxUmI/	hewitson
15	Christian Holz	cholz	holz@cenix-bioscience.com	$1$xs$FdVSY1u7g3PcDU0RtGDbf.	holz
16	Moddasar Khan	mkhan	khan@cenix-bioscience.com	$1$xy$d3R9JcGjXtmYI2lNUGG/J1	khan
17	Oliver Gathmann	ogathmann	gathmann@cenix-bioscience.com	$1$xy$d3R9JcGjXtmYI2lNUGG/J1	gathmann
18	Andrew Walsh	awalsh	walsh@cenix-bioscience.com	$1$xy$d3R9JcGjXtmYI2lNUGG/J1	walsh
19	Mary-Ann Skujat	mskujat	skujat@cenix-bioscience.com	$1$xy$d3R9JcGjXtmYI2lNUGG/J1	skujat
20	Michael Held	mheld	held@cenix-bioscience.com	$1$xy$d3R9JcGjXtmYI2lNUGG/J1	held
21	Andrea Kroenke	akroenke	kroenke@cenix-bioscience.com	$1$xy$d3R9JcGjXtmYI2lNUGG/J1	kroenke
22	Thomas Burgold	tburgold	burgold@cenix-bioscience.com	$1$xy$d3R9JcGjXtmYI2lNUGG/J1	burgold
23	Evelyn Oswald	eoswald	oswald@cenix-bioscience.com	$1$xy$d3R9JcGjXtmYI2lNUGG/J1	oswald
24	Anne Grabner	agrabner	agrabner@cenix-bioscience.com	$1$xy$d3R9JcGjXtmYI2lNUGG/J1	grabner
25	Kathleen Gottwald	kgottwald	gottwald@cenix-bioscience.com	$1$xy$d3R9JcGjXtmYI2lNUGG/J1	gottwald
26	Gregory Gimenez	ggimenez	gimenez@cenix-bioscience.com	$1$xy$d3R9JcGjXtmYI2lNUGG/J1	gimenez
27	Francoise Halley	fhalley	halley@cenix-bioscience.com	$1$xy$d3R9JcGjXtmYI2lNUGG/J1	halley
28	Corinna Frenzel	cfrenzel	frenzel@cenix-bioscience.com	$1$xy$d3R9JcGjXtmYI2lNUGG/J1	frenzel
30	Neil Benn	nbenn	benn@cenix-bioscience.com	$1$xy$d3R9JcGjXtmYI2lNUGG/J1	benn
31	Thomas Waechter	twaechter	waechter@cenix-bioscience.com	$1$xy$d3R9JcGjXtmYI2lNUGG/J1	waechter
32	Kathrin Regener	kregener	regener@cenix-bioscience.com	$1$xy$d3R9JcGjXtmYI2lNUGG/J1	safarik
33	Jan Finell	jfinell	finell@cenix-bioscience.com	$1$xy$d3R9JcGjXtmYI2lNUGG/J1	finell
34	Aaron Bingham	abingham	bingham@cenix-bioscience.com	$1$xy$d3R9JcGjXtmYI2lNUGG/J1	bingham
35	Maria Mirotsou	mmirotsou	mirotsou@cenix-bioscience.com	$1$xy$d3R9JcGjXtmYI2lNUGG/J1	mirotsou
36	Teresia Walter	twalter	walter@cenix-bioscience.com	$1$0Z$qLCKa2JOYiv5cj6uWYeIH/	walter
37	Kathleen Boerner	kboerner	Kathleen.Boerner@cenix-bioscience.com	$1$oS$mzMmJpa6.HoyWFDwvS7wb/	boerner
38	Liisa Koski	lkoski	koski@cenix-bioscience.com	$1$BS$IlUQJY2wfD2Zur9XY4.ND0	koski
39	Sindy Kluge	skluge	kluge@cenix-bioscience.com	$1$xy$d3R9JcGjXtmYI2lNUGG/J1	kluge
40	Samuel Laborde	slaborde	laborde@cenix-bioscience.com	$1$QT$UHewNdSJIZzsPSbFK4OhL/	laborde
41	Sonja Lazik	slazik	lazik@cenix-bioscience.com	$1$mO$K8iifpNyfiuEvKIgQbt0P/	lazik
42	Julia Paditz	jpaditz	paditz@cenix-bioscience.com	$1$xy$d3R9JcGjXtmYI2lNUGG/J1	paditz
43	Monika Seidel	mseidel	seidel@cenix-bioscience.com	$1$xy$d3R9JcGjXtmYI2lNUGG/J1	seidel
44	Carlo Jochems	cjochems	jochems@cenix-bioscience.com	$1$og$tjUqYoOx3FsyMN9ggzYV31	jochems
46	Nikos Papagrigoriou	npapagr	papagrigoriou@cenix-bioscience.com	$1$kk$UkjM7.2FjuX5/RDBNojjf/	papagrigoriou
48	Sabine Grahl	sgrahl	grahl@cenix-bioscience.com	$1$xy$d3R9JcGjXtmYI2lNUGG/J1	grahl
50	Nicole Kiessling	nkiessling	kiessling@cenix-bioscience.com	$1$xy$d3R9JcGjXtmYI2lNUGG/J1	kiessling
51	Rita Schlichting	rschlichting	schlichting@cenix-bioscience.com	$1$xy$d3R9JcGjXtmYI2lNUGG/J1	schlichting
53	Arend Grosse	agrosse	grosse@cenix-bioscience.com	$1$Or$lxyu4LkjZhBRyqo3pMliE1	grosse
56	Reinhard Waehler	rwaehler	waehler@jabber.cenix-bioscience.com	$1$xy$d3R9JcGjXtmYI2lNUGG/J1	waehler
57	Steffen Schubert	sschubert	schubert@cenix-bioscience.com	$1$xy$d3R9JcGjXtmYI2lNUGG/J1	schubert
59	Mike Helms	mhelms	helms@cenix-bioscience.com	$1$xy$d3R9JcGjXtmYI2lNUGG/J1	helms
60	James Longden	jlongden	longden@cenix-bioscience.com	$1$4R$8sLuIz0FFKdZt56kFb9VK/	longden
61	Jan Goldenbogen	jgoldenbogen	goldenbogen@cenix-bioscience.com	$1$xy$d3R9JcGjXtmYI2lNUGG/J1	goldenbogen
64	Eva Walzi	ewalzi	walzi@cenix-bioscience.com	$1$VF$ZDnL7gz5yZFCQ6oxzsk2B1	walzi
65	Kartini Kochar	kkochar	kochar@cenix-bioscience.com	$1$xy$d3R9JcGjXtmYI2lNUGG/J1	kochar
66	Susanne Boehm	sboehm	boehm@cenix-bioscience.com	$1$xy$d3R9JcGjXtmYI2lNUGG/J1	boehm
67	Melanie Jaeger	mjaeger	jaeger@cenix-bioscience.com	$1$xy$d3R9JcGjXtmYI2lNUGG/J1	jaeger
69	Alexander Schiewart	aschiewart	schiewart@cenix-bioscience.com	$1$bs$YdOLApPzPm.FLJ..edFTt1	schiewart
72	Theresia Grosskopf	tgrosskopf	grosskopf@cenix-bioscience.com	$1$xy$d3R9JcGjXtmYI2lNUGG/J1	grosskopf
73	Kerstin Korn	kkorn	korn@cenix-bioscience.com	$1$GC$B6/g4XWSwlQU8Enhx7UoQ.	korn
74	Tobias Rothe	trothe	rothe@cenix-bioscience.com	$1$xy$d3R9JcGjXtmYI2lNUGG/J1	rothe
75	Anna Berger	aberger	berger@cenix-bioscience.com	$1$xy$d3R9JcGjXtmYI2lNUGG/J1	berger
55	Julia Huffziger	jhuffziger	huffziger@cenix.com	$1$xy$d3R9JcGjXtmYI2lNUGG/J1	huffziger
77	Andreas Patsalos	apatsalos	patsalos@cenix.com	$1$xy$d3R9JcGjXtmYI2lNUGG/J1	patsalos
78	Konstantina Lyroni	klyroni	lyroni@cenix.com	$1$xy$d3R9JcGjXtmYI2lNUGG/J1	lyroni
79	Eleftheria Ieronymaki	eieronymaki	ieronymaki@cenix.com	$1$xy$d3R9JcGjXtmYI2lNUGG/J1	ieronymaki
81	Robin Verjans	rverjans	verjans@cenix.com	$1$xy$d3R9JcGjXtmYI2lNUGG/J1	verjans
82	Wouter Derks	wderks	derks@cenix.com	$1$xy$d3R9JcGjXtmYI2lNUGG/J1	derks
29	Cornelia Weiss	cweiss	weiss@cenix-bioscience.com	$1$xy$d3R9JcGjXtmYI2lNUGG/J1	cweiss
83	Sarah Weiss	sweiss	weiss@cenix.com	$1$xy$d3R9JcGjXtmYI2lNUGG/J1	weiss
2	it	it	it@cenix-bioscience.com	$1$xy$qjptBOIrgDnOJPjkkTEZL/	it
84	cenixadm	cenixadm	cenixadm@cenix.com	$1$xy$d3R9JcGjXtmYI2lNUGG/J1	cenixadm
\.


--
-- Data for Name: file_set; Type: TABLE DATA; Schema: public; Owner: postgres
--

COPY file_set (file_set_id) FROM stdin;
\.


--
-- Data for Name: file_storage_site; Type: TABLE DATA; Schema: public; Owner: postgres
--

COPY file_storage_site (file_storage_site_id, path) FROM stdin;
\.


--
-- Data for Name: item_status; Type: TABLE DATA; Schema: public; Owner: postgres
--

COPY item_status (item_status_id, name, description) FROM stdin;
FUTURE	Future	Physical item does not yet exist. This odd status is required to support the current job scheduling and processing system, and shouldn't really be here.
MANAGED	Managed	Physical item is in the managed store.
UNMANAGED	Unmanaged	Physical item exists outside of the managed store.
DESTROYED	Destroyed	Physical item has been discarded.
\.


--
-- Data for Name: job_type; Type: TABLE DATA; Schema: public; Owner: postgres
--

COPY job_type (job_type_id, name, label, xml) FROM stdin;
\.


--
-- Data for Name: organization; Type: TABLE DATA; Schema: public; Owner: postgres
--

COPY organization (organization_id, name) FROM stdin;
1	AbGene
2	ABI
3	ABI PRISM
4	Alnylam
5	Altana
6	Ambion
7	Bayer
8	Becton Dickenson
9	Berlex
10	Casy
11	Cenix
12	Costar
13	Greiner
14	Gruenenthal
15	Hewlett Packard
16	Maria Molta
17	MDC
18	Metabion
19	MJ-PCR
20	NGFN
21	Nunc
22	PerkinElmer
23	SATO
24	Schering
25	Sigma-Genesis
26	Tecan
27	Merck
29	Dharmacon
28	Qiagen
34	Siena Biotech
35	Tripos
37	IKEA
38	Jurilab
39	Satorius
40	Eurogentec
41	AstraZeneca
42	CellCentric
43	BMBF
44	Schwarz
45	Regulus
46	Oryzon
47	Gordon Sugarbaker
48	Jan Rupp
49	Microsource Discovery Systems
51	Boehringer Ingelheim
50	JnJ
52	4titude
53	Developmental Biology Institute
54	SAB Technologiefoerderung (2060)
55	EU
56	MPI-CBG
57	Kai Matuschewski
60	University of Magdeburg
61	Silicos
62	Sigma-Aldrich
63	Laser Zentrum Hannover
65	intana
64	Exiqon
66	Takeda Cambridge
67	Ugichem
68	Sygnis
69	TASSONE
70	Testorganization2
71	SelleckChem
72	TACIT
73	Debiopharm
74	Rutter
75	University of Minnesota
76	BioMicroLab
77	CTF
78	Eupheria
79	Roche Diagnostics
80	Medivation
81	Pasteur institut
82	Metanomics Health
\.


--
-- Data for Name: project; Type: TABLE DATA; Schema: public; Owner: postgres
--

COPY project (project_id, customer_id, label, creation_date, project_leader_id) FROM stdin;
72	11	Test	2010-03-09 10:56:06.25616+01	84
\.


--
-- Data for Name: status_type; Type: TABLE DATA; Schema: public; Owner: postgres
--

COPY status_type (status_type_id, name, description) FROM stdin;
\.


--
-- Data for Name: subproject; Type: TABLE DATA; Schema: public; Owner: postgres
--

COPY subproject (project_id, label, creation_date, file_storage_site_id, active, subproject_id) FROM stdin;
72	Test	2010-03-09 11:00:19.077702+01	\N	t	130
\.


--
-- Data for Name: job; Type: TABLE DATA; Schema: public; Owner: postgres
--

COPY job (job_id, job_type_id, start_time, end_time, label, description, db_user_id, subproject_id, status_type, type) FROM stdin;
\.


--
-- Data for Name: task_type; Type: TABLE DATA; Schema: public; Owner: postgres
--

COPY task_type (task_type_id, name, label, xml) FROM stdin;
\.


--
-- Data for Name: job_step; Type: TABLE DATA; Schema: public; Owner: postgres
--

COPY job_step (job_id, xml_id, task_type_id, label, instruction, job_step_id) FROM stdin;
\.


--
-- Data for Name: rack_shape; Type: TABLE DATA; Schema: public; Owner: postgres
--

COPY rack_shape (rack_shape_name, number_rows, number_columns, label) FROM stdin;
8x12	8	12	8x12
16x24	16	24	16x24
32x48	32	48	32x48
3x4	3	4	3x4
4x6	4	6	4x6
1x4	1	4	1x4
1x1	1	1	1x1
\.


--
-- Data for Name: rack_specs; Type: TABLE DATA; Schema: public; Owner: postgres
--

COPY rack_specs (name, number_rows, number_columns, label, has_movable_subitems, manufacturer_id, rack_specs_id, rack_shape_name) FROM stdin;
FOURTITUDEVP384	16	24	4titude Vision Plate 384	f	52	26	16x24
FOURTITUDEVP384CCI	16	24	4titude Vision Plate 384 - Type I Collagen Coated	f	52	29	16x24
STD96	8	12	std. 96 well	f	\N	1	8x12
MATRIX1400	8	12	Matrix 96 tube rack (1.4 mL)	t	\N	4	8x12
MATRIX0750	8	12	Matrix 96 tube rack (0.75 ml)	t	\N	8	8x12
MATRIX0500	8	12	Matrix 96 tube rack (0.5 mL)	t	\N	5	8x12
ABGENE0750	8	12	Abgene 96 tube rack (0.75 ml)	t	1	10	8x12
ABGENE1400	8	12	Abgene 96 tube rack (1.4 ml)	t	1	9	8x12
BD96	8	12	BD 96 Black Clear Bottom	f	8	13	8x12
COSTAR96UV	8	12	Costar 96 UV	f	12	14	8x12
COSTAR96	8	12	Costar Black Clear Bottom	f	12	12	8x12
MJPCR	8	12	MJ-PCR	f	19	11	8x12
NUNCDEEP96	8	12	Nunc 2 ml deep block	f	21	17	8x12
NUNCF96	8	12	Nunc F 96	f	21	7	8x12
NUNCV96	8	12	Nunc V 96	f	21	6	8x12
ABGENEDEEP96	8	12	Abgene 2.2 ml storage plate	f	1	24	8x12
STD384	16	24	std. 384 well	f	\N	2	16x24
ABI_RTPCR	16	24	RT-PCR well plate	f	2	16	16x24
GREINER384UV	16	24	Greiner 384 UV	f	13	15	16x24
GREINER384UC	16	24	Greiner 384 μClear	f	13	20	16x24
GREINER384COLI	16	24	Greiner 384 Collagen Type I	f	13	21	16x24
NUNC384CLEAR	16	24	Nunc 384 clear	f	21	22	16x24
NUNC384CLEARTC	16	24	Nunc 384 clear TC	f	21	23	16x24
STD1536	32	48	std. 1536 well	f	\N	3	32x48
BIOMEK96STD	8	12	96 well plate (BioMek standard)	f	\N	30	8x12
BIOMEK96DEEP	8	12	96 deep well 0.5 ml (Biomek)	f	\N	31	8x12
\.


--
-- Data for Name: rack; Type: TABLE DATA; Schema: public; Owner: postgres
--

COPY rack (barcode, creation_date, rack_specs_id, label, rack_id, comment, item_status, rack_type) FROM stdin;
02481500	2006-10-18 13:57:37.84223	5		12641		MANAGED	TUBERACK
02488242	2008-11-21 14:18:33.194114	5		17909		MANAGED	TUBERACK
02488447	2008-11-21 14:24:21.293717	5		18114		DESTROYED	TUBERACK
02490439	2009-11-17 13:30:22.134704	5		19865		MANAGED	TUBERACK
02490469	2009-11-17 13:31:00.001056	5		19895		MANAGED	TUBERACK
02498991	2011-05-17 08:43:27.558982	5		28390		MANAGED	TUBERACK
02500516	2012-11-29 08:52:33.559963	5	poollib-10uM-17-Q1	29912		MANAGED	TUBERACK
02500558	2012-11-29 09:00:46.888218	5	poollib-10uM-27-Q3	29954		MANAGED	TUBERACK
02500565	2012-11-29 09:00:46.936021	5	poollib-10uM-29-Q2	29961		MANAGED	TUBERACK
02501355	2013-05-15 09:29:17.982893	5		30751		MANAGED	TUBERACK
02501359	2013-05-15 09:51:03.172189	5		30755		MANAGED	TUBERACK
02501366	2013-05-15 10:46:37.123876	5		30762		MANAGED	TUBERACK
02502503	2013-07-18 16:27:46.057601	5		31899		MANAGED	TUBERACK
02503031	2013-10-15 14:39:13.029633	5		32427		MANAGED	TUBERACK
02503032	2013-10-15 14:39:13.131998	5		32428		MANAGED	TUBERACK
02503920	2014-01-07 10:14:17.212772	5		33086		MANAGED	TUBERACK
02503989	2014-01-15 11:26:42.468662	5		33155		MANAGED	TUBERACK
02504203	2014-02-05 09:24:55.001247	5		33369		MANAGED	TUBERACK
\.


--
-- Data for Name: sample_set_type; Type: TABLE DATA; Schema: public; Owner: postgres
--

COPY sample_set_type (sample_set_type_id, name, description) FROM stdin;
\.


--
-- Data for Name: sample_set; Type: TABLE DATA; Schema: public; Owner: postgres
--

COPY sample_set (creation_time, label, description, sample_set_id, sample_set_type) FROM stdin;
\.


--
-- Data for Name: task; Type: TABLE DATA; Schema: public; Owner: postgres
--

COPY task (task_id, start_time, end_time, instruction, comment, db_user_id, job_step_id, status_type) FROM stdin;
\.


--
-- Data for Name: task_item; Type: TABLE DATA; Schema: public; Owner: postgres
--

COPY task_item (rack_id, task_id, comment, item_set_id, task_item_id) FROM stdin;
\.


--
-- Data for Name: acquisition_task_item; Type: TABLE DATA; Schema: public; Owner: postgres
--

COPY acquisition_task_item (file_set_id, task_item_id, file_storage_site_id) FROM stdin;
\.


--
-- Data for Name: alembic_version; Type: TABLE DATA; Schema: public; Owner: thelma
--

COPY alembic_version (version_num) FROM stdin;
227c832e89fb
\.


--
-- Data for Name: db_source; Type: TABLE DATA; Schema: public; Owner: postgres
--

COPY db_source (db_source_id, db_name, curating_organization) FROM stdin;
\.


--
-- Data for Name: annotation_type; Type: TABLE DATA; Schema: public; Owner: postgres
--

COPY annotation_type (annotation_type_id, db_source_id, type) FROM stdin;
\.


--
-- Data for Name: annotation; Type: TABLE DATA; Schema: public; Owner: postgres
--

COPY annotation (annotation_id, annotation_type_id, name) FROM stdin;
\.


--
-- Data for Name: annotation_accession; Type: TABLE DATA; Schema: public; Owner: postgres
--

COPY annotation_accession (annotation_id, accession) FROM stdin;
\.


--
-- Name: annotation_annotation_id_seq; Type: SEQUENCE SET; Schema: public; Owner: postgres
--

SELECT pg_catalog.setval('annotation_annotation_id_seq', 1, false);


--
-- Data for Name: annotation_relationship; Type: TABLE DATA; Schema: public; Owner: postgres
--

COPY annotation_relationship (parent_annotation_id, child_annotation_id) FROM stdin;
\.


--
-- Name: annotation_type_annotation_type_id_seq; Type: SEQUENCE SET; Schema: public; Owner: postgres
--

SELECT pg_catalog.setval('annotation_type_annotation_type_id_seq', 1, false);


--
-- Name: barcode_seq; Type: SEQUENCE SET; Schema: public; Owner: postgres
--

SELECT pg_catalog.setval('barcode_seq', 1, false);


--
-- Data for Name: device_type; Type: TABLE DATA; Schema: public; Owner: postgres
--

COPY device_type (device_type_id, name, label) FROM stdin;
6	BARCODE_PRINTER	Barcode printer
5	RT_PCR	RT-PCR
1	PLATE_READER	Plate reader
2	PIPETTING_ROBOT	Pipetting robot
3	AUTOSCOPE	Autoscope
4	CELL_COUNTER	Cell counter
7	PRINTER	Printer
8	FREEZER	freezer
9	SHELF	Storage shelf
10	BALANCE	Balance
11	TUBE_HANDLER	Tube handler
\.


--
-- Data for Name: device; Type: TABLE DATA; Schema: public; Owner: postgres
--

COPY device (device_id, device_type_id, label, model, name, manufacturer_id) FROM stdin;
6	5	RT-PCR machine	7900 HT	RTPCR	3
8	4	Cell Counter I	Casy TT	COUNTER1	10
16	6	dummy barcode		BARCODE_DUMMY	11
18	7	Lab2	HP 1300N	LJLAB2	15
17	7	Drosophila lab	HP 4100N	LJDROSLAB	15
15	3	Discovery1B	Discovery 1	DISCOVERY1B	17
7	3	Discovery1A	Discovery 1	DISCOVERY1A	17
5	2	MultiProbe2	MPII/4	MULTIPROBE2	22
1	1	Victor2A	Victor2	VICTOR2A	22
13	6	barcode 5	CL412	BARCODE5	23
12	6	barcode 4	CL412	BARCODE4	23
11	6	barcode 3	CL412	BARCODE3	23
10	6	barcode 2	CL412	BARCODE2	23
9	6	barcode 1	CL412	BARCODE1	23
3	2	Genesis2	Genesis Workstation 200/8 with TeMO	GENESIS2	26
2	2	Genesis1	Genesis Workstation 200/8 with TeMO	GENESIS1	26
19	8	Stockfreezer 1	Liebherr GTS 6112	STOCKFREEZER_1	2
20	9	Storageshelf1	Waldner	STORAGESHELF1	37
21	10	Satorius balance	CP323S	SATORIUS_BALANCE	39
22	11	XL20 Tube handler	XL20	TUBEHANDLER_XL20	76
\.


--
-- Data for Name: barcoded_location; Type: TABLE DATA; Schema: public; Owner: postgres
--

COPY barcoded_location (type, label, barcode, barcoded_location_id, name, device_id, index) FROM stdin;
\.


--
-- Name: barcoded_location_barcoded_location_id_seq; Type: SEQUENCE SET; Schema: public; Owner: postgres
--

SELECT pg_catalog.setval('barcoded_location_barcoded_location_id_seq', 1, false);


--
-- Name: carrier_content_type_carrier_content_type_id_seq; Type: SEQUENCE SET; Schema: public; Owner: postgres
--

SELECT pg_catalog.setval('carrier_content_type_carrier_content_type_id_seq', 17, false);


--
-- Name: carrier_origin_type_carrier_origin_type_id_seq; Type: SEQUENCE SET; Schema: public; Owner: postgres
--

SELECT pg_catalog.setval('carrier_origin_type_carrier_origin_type_id_seq', 10, false);


--
-- Name: carrier_set_carrier_set_id_seq; Type: SEQUENCE SET; Schema: public; Owner: postgres
--

SELECT pg_catalog.setval('carrier_set_carrier_set_id_seq', 1, false);


--
-- Name: carrier_set_type_carrier_set_type_id_seq; Type: SEQUENCE SET; Schema: public; Owner: postgres
--

SELECT pg_catalog.setval('carrier_set_type_carrier_set_type_id_seq', 6, false);


--
-- Data for Name: species; Type: TABLE DATA; Schema: public; Owner: postgres
--

COPY species (species_id, genus_name, species_name, common_name, acronym, ncbi_tax_id) FROM stdin;
1	Homo	sapiens	human	HS	9606
3	Mus	musculus	mouse	MM	10090
5	Rattus	norvegicus	rat	RN	10116
4	Caenorhabditis	elegans	worm	CE	6239
2	Drosophila	melanogaster	fly	DM	7227
\.


--
-- Data for Name: cell_line; Type: TABLE DATA; Schema: public; Owner: postgres
--

COPY cell_line (cell_line_id, species_id, identifier) FROM stdin;
\.


--
-- Name: cell_line_cell_line_id_seq; Type: SEQUENCE SET; Schema: public; Owner: postgres
--

SELECT pg_catalog.setval('cell_line_cell_line_id_seq', 1, false);


--
-- Data for Name: chemical_structure; Type: TABLE DATA; Schema: public; Owner: gathmann
--

COPY chemical_structure (chemical_structure_id, structure_type, representation) FROM stdin;
705619	COMPOUND	N12[C@@H]([C@H](c3c4c(ncc3)ccc(c4)OC)OC(=O)OCC)C[C@@H]([C@H](C1)C=C)CC2
705659	COMPOUND	C1(=O)c2c(Cc3c1c(O)ccc3)cccc2O
705404	COMPOUND	[C@]12(C(=C3C(=O)c4c([C@]([C@H]3C[C@H]2[C@@H](C(=C(C1=O)C(=O)N)O)N(C)C)(O)C)cccc4O)O)O.Cl
705692	COMPOUND	N1(C(=O)N)c2c(C=Cc3c1cccc3)cccc2
705688	COMPOUND	P(=S)(SC(CC(=O)OCC)C(=O)OCC)(OC)OC
705528	COMPOUND	c1(c(ccc(c1)CC=C)O)OC
705532	COMPOUND	[C@@]12(C(C3C(c4c(CC3)cc(cc4)O)CC2)CC[C@]1(C#C)O)C
705388	COMPOUND	[C@]12([C@@](C(=O)COP(=O)([O-])[O-])(CCC1C1C([C@@]3(C(=CC(=O)C=C3)CC1)C)[C@H](C2)O)O)C.[Na+].[Na+]
705352	COMPOUND	N(c1ncccc1)(Cc1ccc(cc1)OC)CCN(C)C.C(=O)(/C=C/C(=O)O)O
705350	COMPOUND	c1(c(c(Cc2c(c(cc3c2cccc3)C(=O)O)O)c2c(c1)cccc2)O)C(=O)O.C1(=NCCCN1C)\\C=C/c1sccc1
705572	COMPOUND	[C@]12([C@@](C(=O)COC(=O)CCC(=O)O)(CCC1C1C([C@@]3(C(=CC(=O)CC3)CC1)C)[C@H](C2)O)O)C
705570	COMPOUND	S1(=O)(=O)c2cc(S(=O)(=O)N)c(cc2NCN1)Cl
705690	COMPOUND	C1(=C/NC(=O)N)\\NC(=O)C(NC(=O)C(NC(=O)C(CNC(=O)C(NC1=O)C1NC(=N)NCC1)N)CO)CNC(=O)CC(N)CCCN.S(=O)(=O)(O)O
705661	COMPOUND	C(=O)(CC(c1ccc(cc1)Cl)CN)O
705623	COMPOUND	C(=O)(c1ccc(cc1)O)OCC
705568	COMPOUND	C1=C[C@]2(C(=CC1=O)CCC1C2[C@H](C[C@]2(C1C[C@@H]1[C@@]2(C(=O)CO)OC(O1)(C)C)C)O)C
705390	COMPOUND	C1(=C/c2ccc(S(=O)C)cc2)\\C(=C(c2c1ccc(c2)F)CC(=O)O)C
705392	COMPOUND	c12c(c(=O)c(cn1C1CC1)C(=O)O)cc(c(n2)N1C\\C(=N/OC)C(C1)CN)F.S(=O)(=O)(O)C
705534	COMPOUND	C12([C@@]3(C(C4[C@@]([C@](CC4)(C(=O)C)O)(C[C@@H]3O)C)C[C@@H](C1=CC(=O)C=C2)C)F)C
705625	COMPOUND	c1c(ccc(c1)/C(=N\\OCCN)CCCCOC)C(F)(F)F.C(=C/C(=O)O)/C(=O)O
705348	COMPOUND	C(CCN1CCCC1)(c1ccccc1)(C1CCCCC1)O.Cl
705576	COMPOUND	n1(c(c(c2c1ccc(c2)OC)CC(=O)O)C)C(=O)c1ccc(cc1)Cl
705574	COMPOUND	N1(c2c(CCc3c1cccc3)cccc2)CCCN(C)C.Cl
705101	COMPOUND	c1(c(cc(cc1I)C[C@@H](C(=O)O)N)I)Oc1cc(c(c(c1)I)O)I
705105	COMPOUND	c1(c(=O)c2c(n(c1)CC)nc(cc2)C)C(=O)O
704929	COMPOUND	FC(F)(F)c1cc(c(cc1)Cl)NC(=S)NN=C2C(CCC2)CCCCCC
704884	COMPOUND	N(C1CCCCC1)C(=O)Nc2c(cccc2)CC
705097	COMPOUND	N1(C(=O)[C@@H](CS)C)[C@H](C(=O)O)CCC1
705631	COMPOUND	[C@@H](C(=O)O)(NC(=O)C)CS
705629	COMPOUND	S(=O)(=O)(NC)c1ccc(NC(=O)c2c(cccc2)C(=O)O)cc1.c1nccs1
705663	COMPOUND	c1(c(c(ccc1O)CNNC(=O)C(N)CO)O)O.Cl
705665	COMPOUND	S(=O)(=O)(O)O.N1(C2C[C@@H](OC(=O)C(c3ccccc3)CO)CC1CC2)C
705633	COMPOUND	C(=O)(Nc1ccc(cc1)O)C
705635	COMPOUND	C(=O)(NO)C
704938	COMPOUND	S=C(NN=C1C(CCC1)CCCCCC)Nc2cc(ccc2)OC
705583	COMPOUND	C(=O)(c1ccncc1)NN
705581	COMPOUND	C1(=C2/CCNCC2)/c2c(cc(cc2)Cl)CCc2c1nccc2.Cl
704959	COMPOUND	Fc1ccc(cc1)CC2CCCCC2=NNC(=S)Nc3c(cccc3)C
705671	COMPOUND	[C@@]12(C(C3[C@@]([C@@]4(C(=CC(=O)C=C4)CC3)C)([C@H](C2)O)F)C[C@@H]([C@@]1(C(=O)CO)O)C)C
705667	COMPOUND	c1(c(Sc2c3c(ncn3)nc[nH]2)n(cn1)C)[N+](=O)[O-]
704841	COMPOUND	s1c(ccc1)NC(=O)Nc2c(c(ccc2)C)C
704935	COMPOUND	S=C(NN=C1C(CCC1)CCCCCC)Nc2c(cc(cc2)OC)OC
706126	COMPOUND	COCC1CCN(CC2=CN=C(N2CC(C)C)S(C)(=O)=O)CC1
706184	COMPOUND	CC(C)C1=C(C(=O)NC2=CC=CC=C2)C(=C(N1CC[C@@H](O)C[C@@H](O)CC(O)=O)C1=CC=C(F)C=C1)C1=CC=CC=C1
706153	COMPOUND	CCCCCC1CC(C\\C(C)=N\\NC(N)=S)C(=O)O1
706151	COMPOUND	CCCCCC(C)NC(=O)C1=CC=C(S1)[N+]([O-])=O
706122	COMPOUND	CCN(CC1=CN(C)N=C1)CC1=CN=C(N1CC1CCCO1)S(C)(=O)=O
706181	COMPOUND	COCC(=O)\\N=C1/SC2CS(=O)(=O)CC2N1CC1=CC=CC=C1OC
706183	COMPOUND	CCCCOC1=CC=CC=C1C(=O)N(CC1=CC=CO1)C1CCS(=O)(=O)C1
704803	COMPOUND	S=C(NN=C1C(CCC1)CCCCCC)N
706124	COMPOUND	COCCN(C)CC1=CN=C(N1CC(C)C)S(=O)(=O)CC1CCCO1
706179	COMPOUND	CCCCN(C1CCS(=O)(=O)C1)C(=O)c1cccc(OC)c1
29952	NUCLEIC_ACID	GTTGACCAACTTGATCCCATGA
29943	NUCLEIC_ACID	CGCTGACTCAGTTCTTCTTGGA
197337	NUCLEIC_ACID	TCGAAGTGGGGAATCGAATACT
197339	NUCLEIC_ACID	ACAGCATTTCGTGGCTCAGTTA
197323	NUCLEIC_ACID	GCTTTGATCCCACTATTCCCTG
197322	NUCLEIC_ACID	GGCCAAAGTCAGTAGGAGAGGA
34327	NUCLEIC_ACID	CAAGGAACACAGTTCACCTTCG
34328	NUCLEIC_ACID	GTTCCAAGGCACATTGATGGTA
197443	NUCLEIC_ACID	GAAATCTTCTCTGGCTTCTGCC
197441	NUCLEIC_ACID	CCCAGGGAACTCTAGGAGACCT
196212	NUCLEIC_ACID	GGTCAGTAGCATTGGCTATCCC
196213	NUCLEIC_ACID	GGAAGGCAGATGGTCAGGTATC
198137	NUCLEIC_ACID	CGCCAACTACAGCATAGACACC
198138	NUCLEIC_ACID	ATGACAGCATCAATGGCTAGGA
197740	NUCLEIC_ACID	GCTGAACTCAGAGGAGAAAGCC
197741	NUCLEIC_ACID	GAAGCTGAGTAGGGCATCTGGT
197745	NUCLEIC_ACID	CAGGATTCCTCTAAATCCACCG
197744	NUCLEIC_ACID	ATTTTTCTGTCTGGCTTCTCCG
197883	NUCLEIC_ACID	GGTATTTCTTGCCAGATGGGAG
197881	NUCLEIC_ACID	CACTGGCAGGAACTTTGATGAG
197345	NUCLEIC_ACID	CCCATAACTCAACGACCAATGA
197344	NUCLEIC_ACID	AAATGTTCCCCAGGGTGATATG
198191	NUCLEIC_ACID	CGAGGAGCCCAAGTAGAAGAAA
198192	NUCLEIC_ACID	TGGCTTGAGTAGCACAAGCATT
31872	NUCLEIC_ACID	CTGGGACTGTGCCTGTAGAATG
102912	NUCLEIC_ACID	CCTGAGGCAGATCAACATCAAC
192782	NUCLEIC_ACID	GGAACTGGTGCCAACATCATTA
192781	NUCLEIC_ACID	TCCTTTCCTATCCATCCTTCCA
31228	NUCLEIC_ACID	AGAAGGTGAGTCCGGGTAACTG
31229	NUCLEIC_ACID	ATTTGAATGCCGCTTGGATACT
197350	NUCLEIC_ACID	TCTCACAGTTTTGGGCATCAGT
197349	NUCLEIC_ACID	TGCATGTGGGGAGTTATCAAAC
198151	NUCLEIC_ACID	TTCATCAAGTCAGCCTTTTGGA
198152	NUCLEIC_ACID	TGAATGGTGTTGACACTGAACG
191125	NUCLEIC_ACID	AACATCACAAGGCTGAGACCAA
191124	NUCLEIC_ACID	AAATGAAACGTGATGAACGCAC
197343	NUCLEIC_ACID	CACCATTGATGGTTTCTCCAAA
197342	NUCLEIC_ACID	GACTACTGGATTGACCCCAACC
29619	NUCLEIC_ACID	CCATCTCCAGGTGTTCTCTGTG
29607	NUCLEIC_ACID	CCTCTTCTTCTGGCGGTACCTA
102199	NUCLEIC_ACID	CAGCTGTCAAAAGGCGATAATG
196996	NUCLEIC_ACID	ACGGCTACGAAAATCCAACCTA
33825	NUCLEIC_ACID	TCTGTATCTTGGGCGAACAGAA
33826	NUCLEIC_ACID	CCATCACCATTGGACACAAAGT
198414	NUCLEIC_ACID	TGCTGGAGGATTTTCCAGTTCT
198415	NUCLEIC_ACID	AAAAATTTCTCTTCCCCCTCCC
197520	NUCLEIC_ACID	TGCAATCCTCAAGGCTTTTGTA
197519	NUCLEIC_ACID	CCTGGTGTTTCCCTCTGACTCT
196998	NUCLEIC_ACID	GTGAAAGCCTCATCATCACTGG
196997	NUCLEIC_ACID	CCAAGGAGATGAAGAAAATGGG
197793	NUCLEIC_ACID	AGGTGGCACTAGGGATCAAAGA
197794	NUCLEIC_ACID	GAAGTAGGGAAGGGATGGCTTT
198425	NUCLEIC_ACID	ATGACCAAGTGCAGAAGGTTGA
198426	NUCLEIC_ACID	AGGAACTCTCCGTGTTCTGTCC
196713	NUCLEIC_ACID	ATTGTGACTTCGTGCTCCTTCA
196712	NUCLEIC_ACID	TGCCAAGACTATCCTCTCCCTC
197751	NUCLEIC_ACID	GCCTACACTGCCCTCAAGTTCT
197752	NUCLEIC_ACID	TGATACACCCAGTGCACCTTCT
197630	NUCLEIC_ACID	TCCTACTCATCTTCTGCCTCCC
197631	NUCLEIC_ACID	CGATCCAAACTGATGAATCCAA
197726	NUCLEIC_ACID	GCAGAGGGTCATGTTGAAGTTG
197727	NUCLEIC_ACID	TTTTCCTTCCCGTTGTCAGAAT
197715	NUCLEIC_ACID	TTCTGTGCTGTGTTTGCTTTGA
197714	NUCLEIC_ACID	TTCCCCCTACCTAATTGCCTTT
197724	NUCLEIC_ACID	CATTCATGTTGTTTCTTGGGGA
197723	NUCLEIC_ACID	CTTCTCAAGGAGGGATTCGAGA
102887	NUCLEIC_ACID	GTACTGCTTGATGACACCCTCG
102886	NUCLEIC_ACID	GCAAACGTCATCATCTTTGAGG
198211	NUCLEIC_ACID	AAAATGCGCAGGAGAGAAAAAG
198212	NUCLEIC_ACID	CCTCTGATGTACGGTTGCATTC
198158	NUCLEIC_ACID	GGATGTTGACACAGAAGCCAAG
198159	NUCLEIC_ACID	GCTTGAACAGCATTCAGGTTTG
89006	NUCLEIC_ACID	TGGAGTGTTGCATGTACTGTGG
197529	NUCLEIC_ACID	TTGGCCTCTACAAAAATCCGTT
198220	NUCLEIC_ACID	TGTTCTGATTCACTGCATCCCT
198219	NUCLEIC_ACID	GGGGATCTCTACACTGACCCAC
197629	NUCLEIC_ACID	TTTTGAACAATGACGACCAAGG
197628	NUCLEIC_ACID	CAAACAATTTTACTCCGCCCTC
197729	NUCLEIC_ACID	TGCTTTGGTGAGTTTTTCTCCA
197730	NUCLEIC_ACID	GGTGGGATTGGTTACTGACTCC
102108	NUCLEIC_ACID	GGTCCTGCAGCTACACTTTCCT
102109	NUCLEIC_ACID	AGCCACTGAGTGTTGTTTTCCA
196644	NUCLEIC_ACID	CAGAACAGATCCCCTGCTTTCT
196643	NUCLEIC_ACID	GACCAAGTGCTGAAGTTTGGTG
197806	NUCLEIC_ACID	CCGGGAACAGTTTGAAGAAAAC
197805	NUCLEIC_ACID	AGGCCTGGGTAAAAAGTGAGTG
197632	NUCLEIC_ACID	CGCCAAGTACGAACTGTTCAAG
197633	NUCLEIC_ACID	AGCAGAAAAAGCGTTTCCAAAG
197522	NUCLEIC_ACID	GGTGTCGAAGGAGTAGTCCAGG
197521	NUCLEIC_ACID	CCTGGTGTCTGAGATGGAGATG
34750	NUCLEIC_ACID	ACCCGTGACACTTTCATTCCTT
34749	NUCLEIC_ACID	TTTTGCGGAGATTTTGAACAGA
102517	NUCLEIC_ACID	TCCCATAGAGTGAGGGTGGATT
102516	NUCLEIC_ACID	GATGTCGGACTGTCTGGTGAAC
197305	NUCLEIC_ACID	AGGCACCTTCTCCTTGATTCTG
197304	NUCLEIC_ACID	TTAACCAGTTCACGCCTGCTAA
191683	NUCLEIC_ACID	ACTCAGTGCTGAGCTTGGTGTC
191684	NUCLEIC_ACID	TTCAGGGCTCACTGTCATTCAT
195149	NUCLEIC_ACID	CCGAGTCTCCTGACCACTACCT
195148	NUCLEIC_ACID	ACCACATCCTCAAACACCACAG
196828	NUCLEIC_ACID	TTTGGCTGAAGCAGCATTATGT
196827	NUCLEIC_ACID	AGCTGAGGTTGGAAAGGAAGTG
34441	NUCLEIC_ACID	AGGCTTTGGATTCCTCTCACAG
197309	NUCLEIC_ACID	AACAGCACGTACACAGCCCTAA
195182	NUCLEIC_ACID	AGTCCAGAGAATCCAGCTTTGG
195183	NUCLEIC_ACID	AAGTGTGCACAGCTCCATGATT
196834	NUCLEIC_ACID	TTCCTCCTAGCTTCCAGTGTCC
196833	NUCLEIC_ACID	GGCATTCATCTTGTCACTGAGC
198190	NUCLEIC_ACID	AAAGGCATTCGTCCATCAAGTT
198188	NUCLEIC_ACID	AAATGTCCCCTGAAGACAGAGC
194095	NUCLEIC_ACID	ACTGGAACAAGTGCCAAGTTGA
194096	NUCLEIC_ACID	AACTCAACTCTTCCCCCAAACA
198406	NUCLEIC_ACID	AGTCTGGATTCTGGACCCTCAG
198407	NUCLEIC_ACID	TATCAGAGAAGGAAGCCTTCGG
31747	NUCLEIC_ACID	TCAAGAGTGTGAGAGTCCCCAA
31748	NUCLEIC_ACID	CACCAGGGTTACCTTGATCTCC
195783	NUCLEIC_ACID	CTGCTACAACACTGGGCTATGG
195784	NUCLEIC_ACID	GCTTCGCTTTCTTCGTTTTCAT
198128	NUCLEIC_ACID	CAGTAGGTCCTGGTGGTGACAG
198127	NUCLEIC_ACID	AGAAAGACTTCGCTGAGCACCT
193865	NUCLEIC_ACID	CCCTAACTCTTGCTGGCTGTTT
193864	NUCLEIC_ACID	AAGAAGGAGGAATGCTGGACTG
195824	NUCLEIC_ACID	AGCTGGTCTCTTCAAATCCCTG
195823	NUCLEIC_ACID	TAGCCAATCCTAACAAGACGCA
193701	NUCLEIC_ACID	CATACTCCAAACCTTTCCACCC
102420	NUCLEIC_ACID	GCCCTCTTCAAAAACTTCTCCA
195928	NUCLEIC_ACID	TACTGCTCTCAAGGAGCCTTCC
195926	NUCLEIC_ACID	AGGACCTCAGCCATGAGACTTC
195948	NUCLEIC_ACID	GCAGATGATGCCGTATTTACCA
195947	NUCLEIC_ACID	CAAGGCTTCGATTAACATGCTG
197010	NUCLEIC_ACID	AAACTGCTGGGGAAGAAGACAG
197011	NUCLEIC_ACID	GTCTGATGCCTTGCTCTCAGAA
197353	NUCLEIC_ACID	TTGAGGCCAGGAGTTAAAGAGC
197437	NUCLEIC_ACID	AGGCTGGAGTACAGTGGTGTGA
190846	NUCLEIC_ACID	CAAGAAATCCTCCTGCCTGAGT
190847	NUCLEIC_ACID	ACAAATGCCAAGGACTGCTGTA
196490	NUCLEIC_ACID	GTGCAGGTGAAGTAGCATCCAC
196489	NUCLEIC_ACID	ATGGAAGAAAAGTTCCGAGGTG
196482	NUCLEIC_ACID	GAGCCCAAAGAGCAGAAGAAAA
196483	NUCLEIC_ACID	ATCAGCCACAAGTGTGAAAGGA
191532	NUCLEIC_ACID	ACTTCGGGAGGCAGTGACTAAG
191531	NUCLEIC_ACID	CTGTTAATTCCTCATGCGTTGC
196487	NUCLEIC_ACID	GAAGGATATGGAAGCTGACGCT
196486	NUCLEIC_ACID	AGCTCCAACTTTTCTGCTTTCG
88833	NUCLEIC_ACID	AGATGGAGTTCCTAGCAGTCGG
88832	NUCLEIC_ACID	CACCTGATGTGCTTCTTGGTTC
195799	NUCLEIC_ACID	GGTCTCAGGTGGAGACTAGGGA
195798	NUCLEIC_ACID	TCATCTGGGACAAAACTGGAGA
198194	NUCLEIC_ACID	TGACAGGCCTTACTGCACTGAT
198193	NUCLEIC_ACID	TACACAACAGTTTCGCCAGACA
196343	NUCLEIC_ACID	GGGAGATGGTATGGTTAGCTGG
196342	NUCLEIC_ACID	CCCTACAACCCTTTCCTGTCTG
197001	NUCLEIC_ACID	AATGGACTCGGTGTTTGGAGAT
197000	NUCLEIC_ACID	AGGAATGTCGGTATGACGGTCT
88814	NUCLEIC_ACID	GACCAAGTACCTCACCCCAAAG
88815	NUCLEIC_ACID	TGTCCAGATATTCGTGGAATGG
196098	NUCLEIC_ACID	GGGGTCCAGAGCATAAAAACAG
196097	NUCLEIC_ACID	GTGATTCAGCATCCCAACTCAG
88993	NUCLEIC_ACID	AGTACTGCTGGAAGAAGGGGTG
88992	NUCLEIC_ACID	GATGATCATGAGCGGCAACTAC
198160	NUCLEIC_ACID	CCTCAGTTTCCCTGTCTTGCTT
198161	NUCLEIC_ACID	CATGATTCTGGTGGCTGGAATA
195531	NUCLEIC_ACID	TTGACAGAGTGCAAGACGATGA
195532	NUCLEIC_ACID	GATCTTTTCGCACCAGCTCTTT
33871	NUCLEIC_ACID	ATGAACAATCCACACCAGCATC
33870	NUCLEIC_ACID	ATCAGCTGAAAAGGAAACAGCC
197590	NUCLEIC_ACID	CCTCTCTGAACTGCAAGAACCA
197589	NUCLEIC_ACID	ACGCTTGAGGAATGTGTGAAGA
196637	NUCLEIC_ACID	CTTCTCCAAAAACCCCACAAAG
196636	NUCLEIC_ACID	ATATCCACACTGCACACTGCCT
197664	NUCLEIC_ACID	GCACAGCTCAACTTCTTCCTCA
197663	NUCLEIC_ACID	CTCCAACCACCTGTAACCTTCC
31277	NUCLEIC_ACID	GGTTTACCATGTGTTGCAGGAA
31276	NUCLEIC_ACID	AAGAAGTCAGGCATTGACCACA
192957	NUCLEIC_ACID	TCATAGGTGGCAAGTACATGGG
192958	NUCLEIC_ACID	GATGTTGTAGATCTGCTTGCGG
194810	NUCLEIC_ACID	CAGCCATCACTTGGATGAGTTC
194809	NUCLEIC_ACID	CCAGAGCATCCAAAAGAGTGTG
2512555	MODIFICATION	Ambion H
2550299	NUCLEIC_ACID	CGUGUGCGAUCACCCGAAATT
2550300	NUCLEIC_ACID	UUUCGGGUGAUCGCACACGGA
2516662	NUCLEIC_ACID	GCUGUCACUUAAUAAUCAATT
2516663	NUCLEIC_ACID	UUGAUUAUUAAGUGACAGCAT
2525540	NUCLEIC_ACID	UAUUUGCAGACUUUCGUGUAG
2525539	NUCLEIC_ACID	ACACGAAAGUCUGCAAAUATT
2520313	NUCLEIC_ACID	AAAUCUUGGUGCUUCCAUATT
2520314	NUCLEIC_ACID	UAUGGAAGCACCAAGAUUUGG
2569898	NUCLEIC_ACID	UUUUCAAAAGGUUUAAGGCAA
2569897	NUCLEIC_ACID	GCCUUAAACCUUUUGAAAATT
2526418	NUCLEIC_ACID	UGAUCAUCAUGCUUCCGGATT
2526417	NUCLEIC_ACID	UCCGGAAGCAUGAUGAUCATA
2554792	NUCLEIC_ACID	UACGUUUUCUAUGCAGCCGCG
2554791	NUCLEIC_ACID	CGGCUGCAUAGAAAACGUATT
2539712	NUCLEIC_ACID	AAUUAGAUUCGGACAGUUCTC
2539713	NUCLEIC_ACID	GAACUGUCCGAAUCUAAUUTT
2559699	NUCLEIC_ACID	UAGCAUGUAACGUGUGACCCA
2559698	NUCLEIC_ACID	GGUCACACGUUACAUGCUATT
2527057	NUCLEIC_ACID	CGACAGUCUUGCUGAAAAATT
2527058	NUCLEIC_ACID	UUUUUCAGCAAGACUGUCGCG
2515081	NUCLEIC_ACID	UAAGUUUGAGCCGAGCUGCCA
2515080	NUCLEIC_ACID	GCAGCUCGGCUCAAACUUATT
2569317	NUCLEIC_ACID	GAACUAUGUUUAACUUGGATT
2569318	NUCLEIC_ACID	UCCAAGUUAAACAUAGUUCGG
2243411	NUCLEIC_ACID	AAACAAAGACGAUAUCAGCTG
2243412	NUCLEIC_ACID	GCUGAUAUCGUCUUUGUUUTT
2566225	NUCLEIC_ACID	UUUGUCUUCGUUUCGAAUGCT
2566224	NUCLEIC_ACID	CAUUCGAAACGAAGACAAATT
2557913	NUCLEIC_ACID	AAAUCCCUUUGACACCUUUTT
2557912	NUCLEIC_ACID	AAAGGUGUCAAAGGGAUUUCT
2525378	NUCLEIC_ACID	CACUAGCCUUGUUACCGUUTT
2525377	NUCLEIC_ACID	AACGGUAACAAGGCUAGUGAA
2550468	NUCLEIC_ACID	UCGGAUACUAUCAUUGAUCTC
2550467	NUCLEIC_ACID	GAUCAAUGAUAGUAUCCGATT
2516833	NUCLEIC_ACID	CCAAUGUUGUGGUAAAGCUTT
2516832	NUCLEIC_ACID	AGCUUUACCACAACAUUGGTG
2572120	NUCLEIC_ACID	CGCUCUACCUGAUCUGCUATT
2572121	NUCLEIC_ACID	UAGCAGAUCAGGUAGAGCGGG
2515755	NUCLEIC_ACID	UACGCAAUCAGCAAGCAGGAA
2515754	NUCLEIC_ACID	CCUGCUUGCUGAUUGCGUATT
2549106	NUCLEIC_ACID	GGUCCACGUUUAUUGCCUUTT
2549105	NUCLEIC_ACID	AAGGCAAUAAACGUGGACCGA
2519532	NUCLEIC_ACID	GAAGGGUUAUCGUCGGGAATT
2519533	NUCLEIC_ACID	UUCCCGACGAUAACCCUUCCT
2567413	NUCLEIC_ACID	GGAUAUAUGGAGGUGAUAATT
2567414	NUCLEIC_ACID	UUAUCACCUCCAUAUAUCCAG
2523594	NUCLEIC_ACID	UACGGUAUGAGAAACGCACCT
2523593	NUCLEIC_ACID	GUGCGUUUCUCAUACCGUATT
2563638	NUCLEIC_ACID	UAUACGUAUAAUGUGCUUGTG
2563637	NUCLEIC_ACID	CAAGCACAUUAUACGUAUATT
2522401	NUCLEIC_ACID	GCAAUUUCUUGUUUCGUUATT
2522402	NUCLEIC_ACID	UAACGAAACAAGAAAUUGCTG
2537754	NUCLEIC_ACID	AUCGCUGUGACAUCAAAGGTG
2537755	NUCLEIC_ACID	CCUUUGAUGUCACAGCGAUTT
2536358	NUCLEIC_ACID	CACUAGAGCUUUAGCAAAATT
2536359	NUCLEIC_ACID	UUUUGCUAAAGCUCUAGUGTC
2543658	NUCLEIC_ACID	UCUCUUUUCAUUGGUAGACTA
2543657	NUCLEIC_ACID	GUCUACCAAUGAAAAGAGATT
2182334	NUCLEIC_ACID	UGAUGUACUCCACUGAUGCTT
2182333	NUCLEIC_ACID	GCAUCAGUGGAGUACAUCATT
2532933	NUCLEIC_ACID	GGUCCCGGUUUAUAUCUAUTT
2532932	NUCLEIC_ACID	AUAGAUAUAAACCGGGACCAG
2546438	NUCLEIC_ACID	UGAUCAUCCGGACUCCAUATT
2546437	NUCLEIC_ACID	UAUGGAGUCCGGAUGAUCATC
2527888	NUCLEIC_ACID	UUACACUGUAGUACCGUCCCT
2527887	NUCLEIC_ACID	GGACGGUACUACAGUGUAATT
2525538	NUCLEIC_ACID	UUAACUUGCGUGAACAGUCTT
2525537	NUCLEIC_ACID	GACUGUUCACGCAAGUUAATT
2550297	NUCLEIC_ACID	GAUCAAGCCUGGGAUGACATT
2550298	NUCLEIC_ACID	UGUCAUCCCAGGCUUGAUCCA
2516661	NUCLEIC_ACID	UCACUUGCCUGAUCUAAUGCT
2516660	NUCLEIC_ACID	CAUUAGAUCAGGCAAGUGATT
2547258	NUCLEIC_ACID	GAACUGCCCUGAAGAUAUUTT
2547257	NUCLEIC_ACID	AAUAUCUUCAGGGCAGUUCCT
2528060	NUCLEIC_ACID	UCUUAUACUUGUAGAAAGCCT
2528059	NUCLEIC_ACID	GCUUUCUACAAGUAUAAGATT
2532774	NUCLEIC_ACID	GCUCAAUUGUCGAUCUUUATT
2532775	NUCLEIC_ACID	UAAAGAUCGACAAUUGAGCGC
2536142	NUCLEIC_ACID	ACAUAUUGUAGGUAUAGCCTG
2536143	NUCLEIC_ACID	GGCUAUACCUACAAUAUGUTT
2531574	NUCLEIC_ACID	CCCAAACCCUUAACCAUGATT
2531575	NUCLEIC_ACID	UCAUGGUUAAGGGUUUGGGAG
2544922	NUCLEIC_ACID	GCAUAUGCCCUGUUUUUCATT
2544923	NUCLEIC_ACID	UGAAAAACAGGGCAUAUGCTG
2531549	NUCLEIC_ACID	UUUCUCGUCGGUUUCGAGGTT
2531548	NUCLEIC_ACID	CCUCGAAACCGACGAGAAATT
2544900	NUCLEIC_ACID	CAGUAAAUCUGAAAAGUAATT
2544901	NUCLEIC_ACID	UUACUUUUCAGAUUUACUGAG
2536114	NUCLEIC_ACID	AGGUGCUCCUGAUGAAAGATT
2536115	NUCLEIC_ACID	UCUUUCAUCAGGAGCACCUCG
2565585	NUCLEIC_ACID	UGAGAUUUCAUCGCAGGUGCT
2565584	NUCLEIC_ACID	CACCUGCGAUGAAAUCUCATT
2558599	NUCLEIC_ACID	UUCUUUUUCGUGGAGCUGGTT
2558598	NUCLEIC_ACID	CCAGCUCCACGAAAAAGAATT
2542269	NUCLEIC_ACID	AAAGGGUCAGGAUCGGUCUCA
2542270	NUCLEIC_ACID	AGACCGAUCCUGACCCUUUTT
2525224	NUCLEIC_ACID	UUUUCCAUUCGGUAGUAGCAA
2525223	NUCLEIC_ACID	GCUACUACCGAAUGGAAAATT
2549989	NUCLEIC_ACID	AACCUUGUGGUAGGUAUCCAG
2549990	NUCLEIC_ACID	GGAUACCUACCACAAGGUUTT
2517010	NUCLEIC_ACID	GCGUAAAGGUUGUACAAGATT
2517011	NUCLEIC_ACID	UCUUGUACAACCUUUACGCAG
2568246	NUCLEIC_ACID	UUUCCUCCUACUGUCGCCGGA
2568245	NUCLEIC_ACID	CGGCGACAGUAGGAGGAAATT
2522470	NUCLEIC_ACID	GGAGCUACUUUGACUCACUTT
2522469	NUCLEIC_ACID	AGUGAGUCAAAGUAGCUCCAG
2517799	NUCLEIC_ACID	UGAGAAUUCAUUGUCCCGGGC
2517798	NUCLEIC_ACID	CCGGGACAAUGAAUUCUCATT
2550835	NUCLEIC_ACID	AAGUUGCUCAUUCUUCUCCAG
2550836	NUCLEIC_ACID	GGAGAAGAAUGAGCAACUUTT
2518339	NUCLEIC_ACID	GUUGAUAAGUUUUACCGAUTT
2518338	NUCLEIC_ACID	AUCGGUAAAACUUAUCAACAT
2525743	NUCLEIC_ACID	GCAGCAUGAACUUAUCAUATT
2525744	NUCLEIC_ACID	UAUGAUAAGUUCAUGCUGCAG
2564521	NUCLEIC_ACID	AAGUAUUCUGAAUCCGUGATT
2564522	NUCLEIC_ACID	UCACGGAUUCAGAAUACUUTT
1988704	NUCLEIC_ACID	GGAAUGAAGGUCAUCGAAATT
1988705	NUCLEIC_ACID	UUUCGAUGACCUUCAUUCCTC
2525043	NUCLEIC_ACID	AUAUUUGCGGUCUGAAUCCTC
2525044	NUCLEIC_ACID	GGAUUCAGACCGCAAAUAUTT
2554872	NUCLEIC_ACID	UGCAGUAUCAGAGAGUCGGGC
2554871	NUCLEIC_ACID	CCGACUCUCUGAUACUGCATT
2541660	NUCLEIC_ACID	UGCCUUUAAAAUGAAGAGCCT
2541659	NUCLEIC_ACID	GCUCUUCAUUUUAAAGGCATT
2564192	NUCLEIC_ACID	UACGUUUCUGAUACCCUCGTC
2564191	NUCLEIC_ACID	CGAGGGUAUCAGAAACGUATT
2519719	NUCLEIC_ACID	UAUCUCUGAAGCGUAAUCGCA
2519718	NUCLEIC_ACID	CGAUUACGCUUCAGAGAUATT
2569644	NUCLEIC_ACID	CAACCCUACCAAUGCUACUTT
2569643	NUCLEIC_ACID	AGUAGCAUUGGUAGGGUUGTG
2526806	NUCLEIC_ACID	UGCGUUUUCUGAUAACUCATT
2526805	NUCLEIC_ACID	UGAGUUAUCAGAAAACGCATG
2565390	NUCLEIC_ACID	GGAUGGGAGCAAAUACUGATT
2565391	NUCLEIC_ACID	UCAGUAUUUGCUCCCAUCCGA
2558743	NUCLEIC_ACID	UCUCUGUUCGCGUUGAUGCTT
2558742	NUCLEIC_ACID	GCAUCAACGCGAACAGAGATT
2542076	NUCLEIC_ACID	GGGCUUCAACGAGUACUUUTT
2542075	NUCLEIC_ACID	AAAGUACUCGUUGAAGCCCAG
2513590	NUCLEIC_ACID	GCCGGCAGUUUCUAAAGUATT
2513591	NUCLEIC_ACID	UACUUUAGAAACUGCCGGCCG
2547632	NUCLEIC_ACID	UGAAGUCGUAGAUCUCACGCA
2547631	NUCLEIC_ACID	CGUGAGAUCUACGACUUCATT
2513589	NUCLEIC_ACID	UUGUAGGUCGGAAUGUUCCAG
2513588	NUCLEIC_ACID	GGAACAUUCCGACCUACAATT
2518730	NUCLEIC_ACID	AACCCAUCGUUCCAUAUUATT
2518731	NUCLEIC_ACID	UAAUAUGGAACGAUGGGUUTG
2524404	NUCLEIC_ACID	UGUUGAAACAGCUCCUGAGAT
2524403	NUCLEIC_ACID	CUCAGGAGCUGUUUCAACATT
2571023	NUCLEIC_ACID	AAAGAUAGCACCAUUAGGGCC
2571024	NUCLEIC_ACID	CCCUAAUGGUGCUAUCUUUTT
2549081	NUCLEIC_ACID	GGAUGUACGUGAUAUGUAATT
2549082	NUCLEIC_ACID	UUACAUAUCACGUACAUCCCA
2515727	NUCLEIC_ACID	UUUGCGUGAACUGAGUUGCTC
2515726	NUCLEIC_ACID	GCAACUCAGUUCACGCAAATT
2572092	NUCLEIC_ACID	CUGCAUACAUCACAAAGAATT
2572093	NUCLEIC_ACID	UUCUUUGUGAUGUAUGCAGGG
2533198	NUCLEIC_ACID	CCUUCGAACAAAGAGUAGATT
2533199	NUCLEIC_ACID	UCUACUCUUUGUUCGAAGGTG
2571164	NUCLEIC_ACID	UCUCGAAUAAGUCGGACAUCT
2571163	NUCLEIC_ACID	AUGUCCGACUUAUUCGAGATT
2547686	NUCLEIC_ACID	UCUAUUAUCACCGGGAUUUTG
2547685	NUCLEIC_ACID	AAAUCCCGGUGAUAAUAGATT
2532473	NUCLEIC_ACID	GCCUCGCUGUGAUCUGAUUTT
2532472	NUCLEIC_ACID	AAUCAGAUCACAGCGAGGCCA
1977532	NUCLEIC_ACID	GGUCUGGAUCGAUUCACUUTT
1977531	NUCLEIC_ACID	AAGUGAAUCGAUCCAGACCTG
2529088	NUCLEIC_ACID	GGAGAGACUUUUUACAACUTT
2529087	NUCLEIC_ACID	AGUUGUAAAAAGUCUCUCCCG
2572326	NUCLEIC_ACID	GGCUACAUCUAGAAGGCAATT
2572327	NUCLEIC_ACID	UUGCCUUCUAGAUGUAGCCGT
2548501	NUCLEIC_ACID	UGCGCUACCUCUUCCUGAATT
2548502	NUCLEIC_ACID	UUCAGGAAGAGGUAGCGCAGG
2515646	NUCLEIC_ACID	AUAGAGGUCGCUCAGGUUCTG
2515647	NUCLEIC_ACID	GAACCUGAGCGACCUCUAUTT
2529491	NUCLEIC_ACID	UAAUAGCACCAGAUGUUUCCT
2529490	NUCLEIC_ACID	GAAACAUCUGGUGCUAUUATT
2548017	NUCLEIC_ACID	GGGAUGCUUUGUGGACUCATT
2548018	NUCLEIC_ACID	UGAGUCCACAAAGCAUCCCAG
2533540	NUCLEIC_ACID	ACAGGUCAGCAAAAACAGUTT
2533541	NUCLEIC_ACID	ACUGUUUUUGCUGACCUGUGA
2571978	NUCLEIC_ACID	AGACAUUAAAGAAUGCAUATT
2571979	NUCLEIC_ACID	UAUGCAUUCUUUAAUGUCUCC
2532029	NUCLEIC_ACID	UUACUGUCCACCGUGUAAUCC
2532028	NUCLEIC_ACID	AUUACACGGUGGACAGUAATT
2548808	NUCLEIC_ACID	UCUGUUGCAUCGGCACACCTA
2548807	NUCLEIC_ACID	GGUGUGCCGAUGCAACAGATT
2566617	NUCLEIC_ACID	AUAGCUAGCAUCAUGAUGGGC
2566618	NUCLEIC_ACID	CCAUCAUGAUGCUAGCUAUTT
2542805	NUCLEIC_ACID	CGAUUCCAGCAGUAGCUCATT
2542806	NUCLEIC_ACID	UGAGCUACUGCUGGAAUCGCT
2556186	NUCLEIC_ACID	UUGUGAAUCAGGUCGAUGCGC
2556185	NUCLEIC_ACID	GCAUCGACCUGAUUCACAATT
2542863	NUCLEIC_ACID	AGACCAUCGGUAUAGUGGATT
2542864	NUCLEIC_ACID	UCCACUAUACCGAUGGUCUCT
2566673	NUCLEIC_ACID	GAGAGAUACUCGCAGGCAATT
2566674	NUCLEIC_ACID	UUGCCUGCGAGUAUCUCUCTG
2556245	NUCLEIC_ACID	AAAAAUGCUACGGCUGUUGGG
2556246	NUCLEIC_ACID	CAACAGCCGUAGCAUUUUUTT
2519438	NUCLEIC_ACID	CAUCCUCGUUGUGAAUUUATT
2519439	NUCLEIC_ACID	UAAAUUCACAACGAGGAUGAT
2523496	NUCLEIC_ACID	AGCUCACGCUGGGAAAAUUTT
2523495	NUCLEIC_ACID	AAUUUUCCCAGCGUGAGCUTG
2567314	NUCLEIC_ACID	UUGGGACCGACUUUUAACCTG
2567313	NUCLEIC_ACID	GGUUAAAAGUCGGUCCCAATT
2523702	NUCLEIC_ACID	UAGGUGAUAUCUCUCCGCCTG
2523701	NUCLEIC_ACID	GGCGGAGAGAUAUCACCUATT
2567526	NUCLEIC_ACID	UACUUGACCUUGGAUCUGCGA
2567525	NUCLEIC_ACID	GCAGAUCCAAGGUCAAGUATT
2519321	NUCLEIC_ACID	UCCGCAAUGAUGAAACCUCTG
2519320	NUCLEIC_ACID	GAGGUUUCAUCAUUGCGGATT
2520284	NUCLEIC_ACID	UAGCUAUCGAUGUACAGCCGA
2520283	NUCLEIC_ACID	GGCUGUACAUCGAUAGCUATT
2526384	NUCLEIC_ACID	UGUAUUCAAAGUUAUCGGCCT
2526383	NUCLEIC_ACID	GCCGAUAACUUUGAAUACATT
2569869	NUCLEIC_ACID	GGAAAUUGUGGAUUCGGUATT
2569870	NUCLEIC_ACID	UACCGAAUCCACAAUUUCCAC
2523527	NUCLEIC_ACID	AUAGUAGUGAAUGGUCUGCTT
2523528	NUCLEIC_ACID	GCAGACCAUUCACUACUAUTT
2519467	NUCLEIC_ACID	UUAGGAUUGACAUCCCAGATG
2519466	NUCLEIC_ACID	UCUGGGAUGUCAAUCCUAATT
2567346	NUCLEIC_ACID	GGAAGACAGUUUUUAUUUUTT
2567345	NUCLEIC_ACID	AAAAUAAAAACUGUCUUCCCG
2526381	NUCLEIC_ACID	GGAUUCUCAGUUACACUUATT
2526382	NUCLEIC_ACID	UAAGUGUAACUGAGAAUCCGT
2569867	NUCLEIC_ACID	GCUUUUAUGAAGUCUUUAATT
2569868	NUCLEIC_ACID	UUAAAGACUUCAUAAAAGCCA
2520281	NUCLEIC_ACID	GAUUUAAAGGUGUAUGGAATT
2520282	NUCLEIC_ACID	UUCCAUACACCUUUAAAUCCA
2552746	NUCLEIC_ACID	GCACCGACCCUAGCAUCAUTT
2552745	NUCLEIC_ACID	AUGAUGCUAGGGUCGGUGCTG
2561247	NUCLEIC_ACID	UUGACGGCAAUCACUGUCUGC
2561246	NUCLEIC_ACID	AGACAGUGAUUGCCGUCAATT
2538456	NUCLEIC_ACID	GCCUCAUGGUUCUAGUAAATT
2538457	NUCLEIC_ACID	UUUACUAGAACCAUGAGGCCT
2528963	NUCLEIC_ACID	AUAGCAUUGACUCCUCUGCAA
2528964	NUCLEIC_ACID	GCAGAGGAGUCAAUGCUAUTT
2534653	NUCLEIC_ACID	UAUCUAGAAGAUUAUGUAGCT
2534652	NUCLEIC_ACID	CUACAUAAUCUUCUAGAUATT
2015056	NUCLEIC_ACID	GGUCAAUUCAGUGAAGAUATT
2015057	NUCLEIC_ACID	UAUCUUCACUGAAUUGACCTG
2536952	NUCLEIC_ACID	GCACUGUAGCAUACCUGUATT
2536953	NUCLEIC_ACID	UACAGGUAUGCUACAGUGCAG
2521283	NUCLEIC_ACID	AUAAUUAUUAAACCACUCCAT
2521284	NUCLEIC_ACID	GGAGUGGUUUAAUAAUUAUTT
2562346	NUCLEIC_ACID	CGAAGUGAUUUGAUACCAATT
2562347	NUCLEIC_ACID	UUGGUAUCAAAUCACUUCGTC
2516230	NUCLEIC_ACID	GUAACUCCAUUGGACCACATT
2516231	NUCLEIC_ACID	UGUGGUCCAAUGGAGUUACCG
2568794	NUCLEIC_ACID	UUUGUUACUGAUCUGGUUCTC
2568793	NUCLEIC_ACID	GAACCAGAUCAGUAACAAATT
2527613	NUCLEIC_ACID	GCAUAUCAAUCUCCAGGGATT
2527614	NUCLEIC_ACID	UCCCUGGAGAUUGAUAUGCTG
2538921	NUCLEIC_ACID	GGACUUGAGAGAUCUCUUUTT
2538920	NUCLEIC_ACID	AAAGAGAUCUCUCAAGUCCAG
2553197	NUCLEIC_ACID	AGGUCAGGAUCGCAGUGAATT
2553198	NUCLEIC_ACID	UUCACUGCGAUCCUGACCUTT
2559892	NUCLEIC_ACID	AGACAAUAUUGGAAGAGGATT
2559893	NUCLEIC_ACID	UCCUCUUCCAAUAUUGUCUGG
2528399	NUCLEIC_ACID	GAAUCGGCGAUGUACUAGATT
2528400	NUCLEIC_ACID	UCUAGUACAUCGCCGAUUCCA
2533769	NUCLEIC_ACID	UUUAGUAUACCAUUCCACCAT
2533768	NUCLEIC_ACID	GGUGGAAUGGUAUACUAAATT
2545627	NUCLEIC_ACID	GUUCGAAUCAAGAACCCUATT
2545628	NUCLEIC_ACID	UAGGGUUCUUGAUUCGAACTG
2538107	NUCLEIC_ACID	UUUUGGACAAGGGUGAAGGTG
2538106	NUCLEIC_ACID	CCUUCACCCUUGUCCAAAATT
2560892	NUCLEIC_ACID	GCACCUUCCCAACCAUCAATT
2560893	NUCLEIC_ACID	UUGAUGGUUGGGAAGGUGCGG
2552712	NUCLEIC_ACID	UUCUCAAUCAGCACGGCCCTG
2552711	NUCLEIC_ACID	GGGCCGUGCUGAUUGAGAATT
2521093	NUCLEIC_ACID	CGACAUAACUUACGACAAATT
2521094	NUCLEIC_ACID	UUUGUCGUAAGUUAUGUCGTT
2537082	NUCLEIC_ACID	AUCCAUACAUGUUCUUAGCGT
2537083	NUCLEIC_ACID	GCUAAGAACAUGUAUGGAUTT
2562492	NUCLEIC_ACID	GCGAAAUUUUGGAUAUCAATT
2562493	NUCLEIC_ACID	UUGAUAUCCAAAAUUUCGCAT
2544687	NUCLEIC_ACID	UAUCUGCUGAGGUUUAGGCAA
2544686	NUCLEIC_ACID	GCCUAAACCUCAGCAGAUATT
2535431	NUCLEIC_ACID	GAUCUACCCUGCUCACGAUTT
2535430	NUCLEIC_ACID	AUCGUGAGCAGGGUAGAUCAG
2529901	NUCLEIC_ACID	UUUAUUUAGGGAGCUCCAGGG
2529900	NUCLEIC_ACID	CUGGAGCUCCCUAAAUAAATT
2571273	NUCLEIC_ACID	GAAGUGCAGUUGGAAAGCATT
2571274	NUCLEIC_ACID	UGCUUUCCAACUGCACUUCAT
2533300	NUCLEIC_ACID	AAACGAAUAUGCAAACCAUTT
2533301	NUCLEIC_ACID	AUGGUUUGCAUAUUCGUUUTG
2548106	NUCLEIC_ACID	UACUGUUAACAUAACCUUCTT
2548105	NUCLEIC_ACID	GAAGGUUAUGUUAACAGUATT
2533281	NUCLEIC_ACID	UUUUCAGCUCGGAAGGUCGGA
2533280	NUCLEIC_ACID	CGACCUUCCGAGCUGAAAATT
2571254	NUCLEIC_ACID	UUGUCAACACCCAAGAUGCAC
2571253	NUCLEIC_ACID	GCAUCUUGGGUGUUGACAATT
2548088	NUCLEIC_ACID	UUCAUGUUCAGUCCGUAGGTC
2548087	NUCLEIC_ACID	CCUACGGACUGAACAUGAATT
2553148	NUCLEIC_ACID	CCCUGCCUUUUUCAACUUUTT
2553147	NUCLEIC_ACID	AAAGUUGAAAAAGGCAGGGTA
2559844	NUCLEIC_ACID	CGCUCAGUGUCCAACAUUATT
2559845	NUCLEIC_ACID	UAAUGUUGGACACUGAGCGAC
2538874	NUCLEIC_ACID	UGUCUGCUCCUGACCCUAATT
2538875	NUCLEIC_ACID	UUAGGGUCAGGAGCAGACAGA
2553190	NUCLEIC_ACID	UCUGGGAACAUAUCCAGCUCT
2553189	NUCLEIC_ACID	AGCUGGAUAUGUUCCCAGATT
2538914	NUCLEIC_ACID	GCGCAGACGUGAUUGUCAATT
2538915	NUCLEIC_ACID	UUGACAAUCACGUCUGCGCCT
2559884	NUCLEIC_ACID	ACAAUAUCCAGGACCACAATT
2559885	NUCLEIC_ACID	UUGUGGUCCUGGAUAUUGUTT
2530332	NUCLEIC_ACID	GGCUGCAGUCUAUACCAUATT
2530333	NUCLEIC_ACID	UAUGGUAUAGACUGCAGCCAT
2543800	NUCLEIC_ACID	UGUCUUGUCUGGGUAAUCCAT
2543799	NUCLEIC_ACID	GGAUUACCCAGACAAGACATT
2537485	NUCLEIC_ACID	GGAUUUGCAGGAGUAUAUUTT
2537484	NUCLEIC_ACID	AAUAUACUCCUGCAAAUCCTG
2572335	NUCLEIC_ACID	UCAGUGUCAAAUGGGCUUGTG
2572334	NUCLEIC_ACID	CAAGCCCAUUUGACACUGATT
2548509	NUCLEIC_ACID	AGACUACAAAGAUCUCUGCAG
2548510	NUCLEIC_ACID	GCAGAGAUCUUUGUAGUCUTT
2515654	NUCLEIC_ACID	GCGACUUACUGAAGUGCAATT
2515655	NUCLEIC_ACID	UUGCACUUCAGUAAGUCGCAT
2567149	NUCLEIC_ACID	AGAGUAGUUGUCAAAAACGGT
2567150	NUCLEIC_ACID	CGUUUUUGACAACUACUCUTT
2523973	NUCLEIC_ACID	CAUGCUUGCUGAUCAGCUATT
2523974	NUCLEIC_ACID	UAGCUGAUCAGCAAGCAUGTC
2518960	NUCLEIC_ACID	GGGAGAUUGGCUCUGUGAATT
2518961	NUCLEIC_ACID	UUCACAGAGCCAAUCUCCCGG
2570186	NUCLEIC_ACID	UGAUCAGCCUCGACCGGUATT
2570185	NUCLEIC_ACID	UACCGGUCGAGGCUGAUCATG
2524788	NUCLEIC_ACID	CCUCCAUUCUUAACCUCUUTT
2524787	NUCLEIC_ACID	AAGAGGUUAAGAAUGGAGGCT
2520595	NUCLEIC_ACID	GCAGGAACGAGACCAGCAATT
2520596	NUCLEIC_ACID	UUGCUGGUCUCGUUCCUGCTG
2517210	NUCLEIC_ACID	GGACCCAAUCAACUCAAUATT
2517211	NUCLEIC_ACID	UAUUGAGUUGAUUGGGUCCAG
2567669	NUCLEIC_ACID	AUAGGCAUAUGGUUAGGCCCA
2567670	NUCLEIC_ACID	GGCCUAACCAUAUGCCUAUTT
2523196	NUCLEIC_ACID	UCUAUAUCCUCCAUACUGCTG
2523195	NUCLEIC_ACID	GCAGUAUGGAGGAUAUAGATT
2528115	NUCLEIC_ACID	GAACUGUCCCAGACCUUAATT
2528116	NUCLEIC_ACID	UUAAGGUCUGGGACAGUUCTG
2532829	NUCLEIC_ACID	CAACUUGUAAGAAACGGUUTT
2532828	NUCLEIC_ACID	AACCGUUUCUUACAAGUUGGG
2547314	NUCLEIC_ACID	UGAUUUACCAGCAUGCCGCGC
2547313	NUCLEIC_ACID	GCGGCAUGCUGGUAAAUCATT
2533247	NUCLEIC_ACID	AGAGAGGAGUGAAUAACUUTT
2533246	NUCLEIC_ACID	AAGUUAUUCACUCCUCUCUGG
2571213	NUCLEIC_ACID	GGGUCAUUCUAUGGGCAAATT
2571214	NUCLEIC_ACID	UUUGCCCAUAGAAUGACCCAG
2548052	NUCLEIC_ACID	UGAAGGCUCACCUAAAGCCAC
2548051	NUCLEIC_ACID	GGCUUUAGGUGAGCCUUCATT
2551647	NUCLEIC_ACID	CCAACACUGACAUCCUCGATT
2551648	NUCLEIC_ACID	UCGAGGAUGUCAGUGUUGGTG
2563114	NUCLEIC_ACID	UCACUGUUGGGUCUUCUCUGA
2563113	NUCLEIC_ACID	AGAGAAGACCCAACAGUGATT
2521714	NUCLEIC_ACID	GCGACUUUCCUAAGACCUUTT
2521713	NUCLEIC_ACID	AAGGUCUUAGGAAAGUCGCCG
2523146	NUCLEIC_ACID	AUGUUAACCACGGUUCUGUTG
2523145	NUCLEIC_ACID	ACAGAACCGUGGUUAACAUTT
2517156	NUCLEIC_ACID	GACUGCUGCUUAUCAACAATT
2517157	NUCLEIC_ACID	UUGUUGAUAAGCAGCAGUCGC
2567616	NUCLEIC_ACID	UAAGGACAAGCACGGAGCCGG
2567615	NUCLEIC_ACID	GGCUCCGUGCUUGUCCUUATT
2524556	NUCLEIC_ACID	GGAAAGCAAUAAAAGUUAUTT
2524555	NUCLEIC_ACID	AUAACUUUUAUUGCUUUCCTA
2570547	NUCLEIC_ACID	GGUUUUAAAGAACAGUUCATT
2570548	NUCLEIC_ACID	UGAACUGUUCUUUAAAACCTG
2518571	NUCLEIC_ACID	UGAUUUACAACGGUCUGACAA
2518570	NUCLEIC_ACID	GUCAGACCGUUGUAAAUCATT
2535317	NUCLEIC_ACID	GAAUGGAUUCUGACCUUAUTT
2535316	NUCLEIC_ACID	AUAAGGUCAGAAUCCAUUCCT
2188316	NUCLEIC_ACID	UGGAUUGUCCGGUAUAUGCTT
2188315	NUCLEIC_ACID	GCAUAUACCGGACAAUCCATT
2544238	NUCLEIC_ACID	UACUAGUACUUAUAGAAGCCT
2544237	NUCLEIC_ACID	GCUUCUAUAAGUACUAGUATT
2571540	NUCLEIC_ACID	UAUUAUUCAGUGUUACUUCCG
2571539	NUCLEIC_ACID	GAAGUAACACUGAAUAAUATT
2532256	NUCLEIC_ACID	ACAUGCAUGAGGAAUAUGGAA
2532257	NUCLEIC_ACID	CCAUAUUCCUCAUGCAUGUTT
2547730	NUCLEIC_ACID	UGAGUAGAAGCGAAAUCCCTT
2547729	NUCLEIC_ACID	GGGAUUUCGCUUCUACUCATT
2532168	NUCLEIC_ACID	GCAGACAGGUAAGUAAAGATT
2532169	NUCLEIC_ACID	UCUUUACUUACCUGUCUGCCC
2571453	NUCLEIC_ACID	GAACUGAGAUCGAAAUUGATT
2571454	NUCLEIC_ACID	UCAAUUUCGAUCUCAGUUCCC
2548617	NUCLEIC_ACID	AUAUAGACCACAUCUCACCCG
2548618	NUCLEIC_ACID	GGUGAGAUGUGGUCUAUAUTT
2548242	NUCLEIC_ACID	UUUGGGACGACUGAACUUGGT
2548241	NUCLEIC_ACID	CAAGUUCAGUCGUCCCAAATT
2571743	NUCLEIC_ACID	GAGGAGCUGUCACUACGCATT
2571744	NUCLEIC_ACID	UGCGUAGUGACAGCUCCUCCA
2515397	NUCLEIC_ACID	UAACUCGAAAGUGAACUUCTG
2515396	NUCLEIC_ACID	GAAGUUCACUUUCGAGUUATT
2549745	NUCLEIC_ACID	AUCACAUAUAUGUUGUUUCTT
2549746	NUCLEIC_ACID	GAAACAACAUAUAUGUGAUTT
2564438	NUCLEIC_ACID	UACUUGAUCCCUCUUCGCCAT
2564437	NUCLEIC_ACID	GGCGAAGAGGGAUCAAGUATT
2524964	NUCLEIC_ACID	UUUGAGCUUUGACUAUACGAT
2524963	NUCLEIC_ACID	CGUAUAGUCAAAGCUCAAATT
2539768	NUCLEIC_ACID	AGUGAGAUGAGCAAAAGGCTG
2539769	NUCLEIC_ACID	GCCUUUUGCUCAUCUCACUTT
2554846	NUCLEIC_ACID	CAGAGUAUCUUCAACUAAUTT
2554845	NUCLEIC_ACID	AUUAGUUGAAGAUACUCUGTA
2559752	NUCLEIC_ACID	AACGAUAUGUUGUAAUUCCTT
2559753	NUCLEIC_ACID	GGAAUUACAACAUAUCGUUTT
2539701	NUCLEIC_ACID	UUUGAUCCAAUGGAUGGUUTT
2539700	NUCLEIC_ACID	AACCAUCCAUUGGAUCAAATT
2554780	NUCLEIC_ACID	UUCAGUGGAGAUUCUAUCCTC
2554779	NUCLEIC_ACID	GGAUAGAAUCUCCACUGAATT
2559689	NUCLEIC_ACID	GUAACCAAGCGAUACAGAUTT
2559688	NUCLEIC_ACID	AUCUGUAUCGCUUGGUUACTG
2559747	NUCLEIC_ACID	UGUUGGAUAACUGGUUCUCTT
2559746	NUCLEIC_ACID	GAGAACCAGUUAUCCAACATT
2539760	NUCLEIC_ACID	GGCCUACAACUGUGGGUUATT
2539761	NUCLEIC_ACID	UAACCCACAGUUGUAGGCCAT
2513166	NUCLEIC_ACID	CACUCGCACACCAACCUUATT
2513167	NUCLEIC_ACID	UAAGGUUGGUGUGCGAGUGTA
2570174	NUCLEIC_ACID	UUCCUCAUAGUCAAUCACGCT
2570173	NUCLEIC_ACID	CGUGAUUGACUAUGAGGAATT
2524778	NUCLEIC_ACID	UACUGGAAGAUGUCGUACCGC
2524777	NUCLEIC_ACID	GGUACGACAUCUUCCAGUATT
2520584	NUCLEIC_ACID	UUUGGUUCCCUGGGAAUCUTG
2520583	NUCLEIC_ACID	AGAUUCCCAGGGAACCAAATT
2528095	NUCLEIC_ACID	GUAUAUGACUGUACACUCATT
2528096	NUCLEIC_ACID	UGAGUGUACAGUCAUAUACAG
2532811	NUCLEIC_ACID	UUCCGUCACACCAAUCAUCCA
2532810	NUCLEIC_ACID	GAUGAUUGGUGUGACGGAATT
2547293	NUCLEIC_ACID	CAUGCAGAUUUGUAUGUUATT
2547294	NUCLEIC_ACID	UAACAUACAAAUCUGCAUGGT
2526335	NUCLEIC_ACID	GCGGGUUCUUUGACGACAATT
2526336	NUCLEIC_ACID	UUGUCGUCAAAGAACCCGCAT
2569825	NUCLEIC_ACID	AUACGAGAAAGUGUUCGUCGG
2569826	NUCLEIC_ACID	GACGAACACUUUCUCGUAUTT
2520238	NUCLEIC_ACID	UAUAGCAUCAUGGACCGUCAA
2520237	NUCLEIC_ACID	GACGGUCCAUGAUGCUAUATT
2523963	NUCLEIC_ACID	GGAAUAGACUUUCGGGAAATT
2523964	NUCLEIC_ACID	UUUCCCGAAAGUCUAUUCCTA
2518946	NUCLEIC_ACID	UGCUUAUUGUGAAAAUCCATT
2518947	NUCLEIC_ACID	UGGAUUUUCACAAUAAGCATT
2567134	NUCLEIC_ACID	UUAAGUCCAAAAGGGUUUCTA
2567133	NUCLEIC_ACID	GAAACCCUUUUGGACUUAATT
2567143	NUCLEIC_ACID	CCCUAUUACCCUAUUCUUATT
2567144	NUCLEIC_ACID	UAAGAAUAGGGUAAUAGGGAA
2513741	NUCLEIC_ACID	UAAACAUAACAUUCAGCUCTT
2513740	NUCLEIC_ACID	GAGCUGAAUGUUAUGUUUATT
2513742	NUCLEIC_ACID	AAUUCUUCACGGUAAGAAATT
2513743	NUCLEIC_ACID	UUUCUUACCGUGAAGAAUUAA
2524235	NUCLEIC_ACID	UGAAGACCCAGAGAUGUAATT
2524236	NUCLEIC_ACID	UUACAUCUCUGGGUCUUCATG
2570846	NUCLEIC_ACID	UCUUAGAUUCUGCUUGAGGTT
2570845	NUCLEIC_ACID	CCUCAAGCAGAAUCUAAGATT
2518880	NUCLEIC_ACID	GGACUGGAGCUGAGUGCAATT
2518881	NUCLEIC_ACID	UUGCACUCAGCUCCAGUCCGA
2517590	NUCLEIC_ACID	AAUGGUCAGAAAGUGUUGCAT
2517591	NUCLEIC_ACID	GCAACACUUUCUGACCAUUTT
2568043	NUCLEIC_ACID	CGAUAUCAGCUGAUUAUGATT
2568044	NUCLEIC_ACID	UCAUAAUCAGCUGAUAUCGCT
2522920	NUCLEIC_ACID	GUAUAUCCGUGUAUCCUAUTT
2522919	NUCLEIC_ACID	AUAGGAUACACGGAUAUACAT
2549020	NUCLEIC_ACID	GCUCCGAAGUGUUUACAAUTT
2549019	NUCLEIC_ACID	AUUGUAAACACUUCGGAGCTC
2572510	NUCLEIC_ACID	CUAGAACUCAUGCAACGAATT
2572511	NUCLEIC_ACID	UUCGUUGCAUGAGUUCUAGGA
2516140	NUCLEIC_ACID	GCCUCUGCCUGUAUCCUAATT
2516141	NUCLEIC_ACID	UUAGGAUACAGGCAGAGGCAG
2558507	NUCLEIC_ACID	CCGAAGUUCUUAUCUUGUUTT
2558506	NUCLEIC_ACID	AACAAGAUAAGAACUUCGGCT
2565492	NUCLEIC_ACID	GGAAAGAGAUUCAACAACATT
2565493	NUCLEIC_ACID	UGUUGUUGAAUCUCUUUCCAC
2542177	NUCLEIC_ACID	GAAAGUCCAGAGGAGUUUATT
2542178	NUCLEIC_ACID	UAAACUCCUCUGGACUUUCTC
2523234	NUCLEIC_ACID	UGAGUACAUAAUCACAUGGAT
2523233	NUCLEIC_ACID	CCAUGUGAUUAUGUACUCATT
2567707	NUCLEIC_ACID	GGACAUACAAAGAGCCUAATT
2567708	NUCLEIC_ACID	UUAGGCUCUUUGUAUGUCCGA
2517251	NUCLEIC_ACID	UUUGCUCACACCAUUUGCUGA
2517250	NUCLEIC_ACID	AGCAAAUGGUGUGAGCAAATT
2518129	NUCLEIC_ACID	UGAGUUUUGCGGCUGUUUGAA
2518128	NUCLEIC_ACID	CAAACAGCCGCAAAACUCATT
2525858	NUCLEIC_ACID	UUUUGAUCUCCAGUGUUUGTT
2525857	NUCLEIC_ACID	CAAACACUGGAGAUCAAAATT
2550620	NUCLEIC_ACID	UAACCUUGCAUUUGGUUCCAG
2550619	NUCLEIC_ACID	GGAACCAAAUGCAAGGUUATT
2549996	NUCLEIC_ACID	UCCGAUAGAGGUUAGACCGCA
2549995	NUCLEIC_ACID	CGGUCUAACCUCUAUCGGATT
2517018	NUCLEIC_ACID	GGCUCUUCGACAGCUCGUATT
2517019	NUCLEIC_ACID	UACGAGCUGUCGAAGAGCCCA
2525230	NUCLEIC_ACID	UAAAGGGUACGGUUGGAGUGC
2525229	NUCLEIC_ACID	ACUCCAACCGUACCCUUUATT
2031300	NUCLEIC_ACID	GACAUGGCAGUGAGCUUCCTT
2031301	NUCLEIC_ACID	GGAAGCUCACUGCCAUGUCTT
2532212	NUCLEIC_ACID	GGCUGGUCCUCCAAACAUATT
2532213	NUCLEIC_ACID	UAUGUUUGGAGGACCAGCCGC
2548665	NUCLEIC_ACID	AGAAGGAACAUGAGAAGGATT
2548666	NUCLEIC_ACID	UCCUUCUCAUGUUCCUUCUTC
2517021	NUCLEIC_ACID	UAAACUUAGGAGUCACUGGAG
2517020	NUCLEIC_ACID	CCAGUGACUCCUAAGUUUATT
2549997	NUCLEIC_ACID	GGGUCACAACCAAAUCAAATT
2549998	NUCLEIC_ACID	UUUGAUUUGGUUGUGACCCAG
1988514	NUCLEIC_ACID	AUACUGCUCACCUUCUCCCTG
1988515	NUCLEIC_ACID	GGGAGAAGGUGAGCAGUAUTT
2569261	NUCLEIC_ACID	AUAAUUCACCCAGUAAGCCAT
2569262	NUCLEIC_ACID	GGCUUACUGGGUGAAUUAUTT
2515296	NUCLEIC_ACID	GAAGAGAUAGAGAUAGUAATT
2515297	NUCLEIC_ACID	UUACUAUCUCUAUCUCUUCCT
2527009	NUCLEIC_ACID	AGUGGGCGAAGGUACAAUATT
2527010	NUCLEIC_ACID	UAUUGUACCUUCGCCCACUGA
2567454	NUCLEIC_ACID	UUGCUGUAAACGGUGAGGGAA
2567453	NUCLEIC_ACID	CCCUCACCGUUUACAGCAATT
2357074	NUCLEIC_ACID	UUUCAUGCAAGCAUACUCCTC
2357073	NUCLEIC_ACID	GGAGUAUGCUUGCAUGAAATT
2519255	NUCLEIC_ACID	UUUGUUGCAAAUGCUCCGCTT
2519254	NUCLEIC_ACID	GCGGAGCAUUUGCAACAAATT
2362644	NUCLEIC_ACID	UCUGUUUCCAGCCUUCUUCTG
2362643	NUCLEIC_ACID	GAAGAAGGCUGGAAACAGATT
2545757	NUCLEIC_ACID	AUGGGCAUCACGACUAUCCTG
2545758	NUCLEIC_ACID	GGAUAGUCGUGAUGCCCAUTT
2528525	NUCLEIC_ACID	AGUCCUUAAUGACCACCGATT
2528526	NUCLEIC_ACID	UCGGUGGUCAUUAAGGACUGG
2525332	NUCLEIC_ACID	UUGGUCGCAAUAAAAGCCCAG
2525331	NUCLEIC_ACID	GGGCUUUUAUUGCGACCAATT
2517118	NUCLEIC_ACID	CAGUAAGACAGAUACGUCATT
2517119	NUCLEIC_ACID	UGACGUAUCUGUCUUACUGTT
2550097	NUCLEIC_ACID	AACGAGAAUCGAUAUACUGGG
2550098	NUCLEIC_ACID	CAGUAUAUCGAUUCUCGUUTT
2552004	NUCLEIC_ACID	UCGAAAGUCACAGCAUUGGTG
2552003	NUCLEIC_ACID	CCAAUGCUGUGACUUUCGATT
2539200	NUCLEIC_ACID	AAACUUGAGGGAAUAGAGCGT
2539201	NUCLEIC_ACID	GCUCUAUUCCCUCAAGUUUTT
2562802	NUCLEIC_ACID	UAGAUUCUCGUGCACAGCCTT
2562801	NUCLEIC_ACID	GGCUGUGCACGAGAAUCUATT
2541243	NUCLEIC_ACID	CCGCCCAAGUAGUAAAGAATT
2541244	NUCLEIC_ACID	UUCUUUACUACUUGGGCGGAC
2512982	NUCLEIC_ACID	GGACUGGUGUUGGACAUCATT
2512983	NUCLEIC_ACID	UGAUGUCCAACACCAGUCCAA
2512985	NUCLEIC_ACID	UUUGAUCUUGGUGAUCACCCG
2512984	NUCLEIC_ACID	GGUGAUCACCAAGAUCAAATT
2542508	NUCLEIC_ACID	UCAUUGAACAAAUACCAUCAG
2542507	NUCLEIC_ACID	GAUGGUAUUUGUUCAAUGATT
2556560	NUCLEIC_ACID	UGACAUGCGGGUAAAAGCCTT
2556559	NUCLEIC_ACID	GGCUUUUACCCGCAUGUCATT
2555897	NUCLEIC_ACID	GACUCAUAUGGACCAGUUATT
2555898	NUCLEIC_ACID	UAACUGGUCCAUAUGAGUCAA
2535412	NUCLEIC_ACID	GUCUAUUCUAUUUAUCCUATT
2535413	NUCLEIC_ACID	UAGGAUAAAUAGAAUAGACTG
2529883	NUCLEIC_ACID	UAUGUUGUACUUGAUUAGGAG
2529882	NUCLEIC_ACID	CCUAAUCAAGUACAACAUATT
2544666	NUCLEIC_ACID	GAACUGCCCUUGGUUGAGATT
2544667	NUCLEIC_ACID	UCUCAACCAAGGGCAGUUCTG
2560627	NUCLEIC_ACID	GGAAUUGGACUGAUCCUUUTT
2560626	NUCLEIC_ACID	AAAGGAUCAGUCCAAUUCCAG
2552134	NUCLEIC_ACID	UAACCGAUCCCUUUCAGCCTC
2552133	NUCLEIC_ACID	GGCUGAAAGGGAUCGGUUATT
2537856	NUCLEIC_ACID	AGUCCAAUCCGUCUAAUGGTG
2537857	NUCLEIC_ACID	CCAUUAGACGGAUUGGACUTT
2538483	NUCLEIC_ACID	UUGGUAUCCUUGGUAAGUGGT
2538482	NUCLEIC_ACID	CACUUACCAAGGAUACCAATT
2552765	NUCLEIC_ACID	AAACCCUUCGAUAACAUGCGT
2552766	NUCLEIC_ACID	GCAUGUUAUCGAAGGGUUUTT
2561271	NUCLEIC_ACID	UGAGUUAUCUGAGCAACGGCT
2561270	NUCLEIC_ACID	CCGUUGCUCAGAUAACUCATT
2559424	NUCLEIC_ACID	AAUUGAGUAAAGGUUCUGCCA
2559425	NUCLEIC_ACID	GCAGAACCUUUACUCAAUUTT
2540526	NUCLEIC_ACID	GAAUAUUGCAAUAGACUUATT
2540527	NUCLEIC_ACID	UAAGUCUAUUGCAAUAUUCTT
2557639	NUCLEIC_ACID	AUACUUACUAUGGAUUGAGGA
2557640	NUCLEIC_ACID	CUCAAUCCAUAGUAAGUAUTT
2558712	NUCLEIC_ACID	ACAGGUGUCACACUCAAACGG
2558713	NUCLEIC_ACID	GUUUGAGUGUGACACCUGUTT
2565360	NUCLEIC_ACID	GCAUGAACCUCACUGUGCATT
2565361	NUCLEIC_ACID	UGCACAGUGAGGUUCAUGCGC
2542046	NUCLEIC_ACID	UUACUGAGGUCUGAAGUGCTG
2542045	NUCLEIC_ACID	GCACUUCAGACCUCAGUAATT
2535401	NUCLEIC_ACID	GAAUGAACUCUUUACAGAUTT
2535400	NUCLEIC_ACID	AUCUGUAAAGAGUUCAUUCCT
2544654	NUCLEIC_ACID	GGAACAUCCUCCAUCAGAATT
2544655	NUCLEIC_ACID	UUCUGAUGGAGGAUGUUCCTT
2529872	NUCLEIC_ACID	GGAAAUCUCGGAGAUCACATT
2529873	NUCLEIC_ACID	UGUGAUCUCCGAGAUUUCCTT
2528694	NUCLEIC_ACID	UCUCCUACGAACAACAUCCCT
2528693	NUCLEIC_ACID	GGAUGUUGUUCGUAGGAGATT
2555621	NUCLEIC_ACID	CCAAGAUGAGUAUAAAACATT
2555622	NUCLEIC_ACID	UGUUUUAUACUCAUCUUGGAA
2519184	NUCLEIC_ACID	CGAUCAGCAACCUUACAAATT
2519185	NUCLEIC_ACID	UUUGUAAGGUUGCUGAUCGGA
2530182	NUCLEIC_ACID	AGGUGUCCGUUGAACUGGATT
2530183	NUCLEIC_ACID	UCCAGUUCAACGGACACCUTA
2195107	NUCLEIC_ACID	GCACAAGACGAACUCAGUATT
2195108	NUCLEIC_ACID	UACUGAGUUCGUCUUGUGCTT
2011568	NUCLEIC_ACID	AAUCAGUCUUUUGUCAUCCTT
2011569	NUCLEIC_ACID	GGAUGACAAAAGACUGAUUTT
2530628	NUCLEIC_ACID	GGGACAAUUUGCUAGCUUATT
2530629	NUCLEIC_ACID	UAAGCUAGCAAAUUGUCCCAG
2555616	NUCLEIC_ACID	UUCAGGGCGAGGUAAUCCUTG
2555615	NUCLEIC_ACID	AGGAUUACCUCGCCCUGAATT
2517284	NUCLEIC_ACID	GCUCUUAAAAUUAAGUACATT
2517285	NUCLEIC_ACID	UGUACUUAAUUUUAAGAGCTG
2542526	NUCLEIC_ACID	CAAUGAUGGAGGCUAUUAUTT
2542525	NUCLEIC_ACID	AUAAUAGCCUCCAUCAUUGAG
2538395	NUCLEIC_ACID	CAACGGAAGUGCUACUACUTT
2538394	NUCLEIC_ACID	AGUAGUAGCACUUCCGUUGGA
2519265	NUCLEIC_ACID	UUUUUGGUCAUGUUGAAGUTT
2519264	NUCLEIC_ACID	ACUUCAACAUGACCAAAAATT
2538586	NUCLEIC_ACID	CCACUGAUCCUUCCCGAUATT
2538587	NUCLEIC_ACID	UAUCGGGAAGGAUCAGUGGGA
2538661	NUCLEIC_ACID	UACUGAAGAGGUUGUGGUCAT
2538660	NUCLEIC_ACID	GACCACAACCUCUUCAGUATT
2531184	NUCLEIC_ACID	GAAGCGGCAUUAGCAGAGATT
2531185	NUCLEIC_ACID	UCUCUGCUAAUGCCGCUUCTA
2516623	NUCLEIC_ACID	UUCGAACUAAGGCACGAGCAA
2516622	NUCLEIC_ACID	GCUCGUGCCUUAGUUCGAATT
2530562	NUCLEIC_ACID	GCCUAGCUAUAGUUAGGAATT
2530563	NUCLEIC_ACID	UUCCUAACUAUAGCUAGGCCT
2529959	NUCLEIC_ACID	UUAAUUUCCAACCAUUUGCAT
2529958	NUCLEIC_ACID	GCAAAUGGUUGGAAAUUAATT
2528722	NUCLEIC_ACID	UUUCUCAGCAGCAUCGGCUTT
2528721	NUCLEIC_ACID	AGCCGAUGCUGCUGAGAAATT
2518624	NUCLEIC_ACID	CAACUGGAAGAUUACUUGATT
2518625	NUCLEIC_ACID	UCAAGUAAUCUUCCAGUUGTT
2518337	NUCLEIC_ACID	UUGGAUUCGCGAAAUAAUGGG
2518336	NUCLEIC_ACID	CAUUAUUUCGCGAAUCCAATT
2516537	NUCLEIC_ACID	UCGGUAGUAGUAAUCGUGCAG
2516536	NUCLEIC_ACID	GCACGAUUACUACUACCGATT
2513207	NUCLEIC_ACID	GCGACGACUUUGACUGGUUTT
2513206	NUCLEIC_ACID	AACCAGUCAAAGUCGUCGCCG
2532342	NUCLEIC_ACID	AAACUGUCCAGCACCGGCATT
2532343	NUCLEIC_ACID	UGCCGGUGCUGGACAGUUUTT
2528848	NUCLEIC_ACID	UCGGAAAUGUUAAACUUUATT
2528847	NUCLEIC_ACID	UAAAGUUUAACAUUUCCGACT
2528386	NUCLEIC_ACID	UACUCGAUGGAUGUAAUCCTT
2528385	NUCLEIC_ACID	GGAUUACAUCCAUCGAGUATT
2538323	NUCLEIC_ACID	UUUGGAUACUCAAUAGGUGTG
2538322	NUCLEIC_ACID	CACCUAUUGAGUAUCCAAATT
2530195	NUCLEIC_ACID	UCUCAUCCCUCUUCAGGCCGA
2530194	NUCLEIC_ACID	GGCCUGAAGAGGGAUGAGATT
2537895	NUCLEIC_ACID	UAUCUAACUUCUGUCCCGCAA
2537894	NUCLEIC_ACID	GCGGGACAGAAGUUAGAUATT
2542797	NUCLEIC_ACID	AUCUGCAUAAACUCCACGCTG
2542798	NUCLEIC_ACID	GCGUGGAGUUUAUGCAGAUTT
2542796	NUCLEIC_ACID	UCCCUUUAGGUAGCUCUGCAG
2542795	NUCLEIC_ACID	GCAGAGCUACCUAAAGGGATT
2538674	NUCLEIC_ACID	CGUCGAAAGCGGAUUCCAATT
2538675	NUCLEIC_ACID	UUGGAAUCCGCUUUCGACGGT
2517620	NUCLEIC_ACID	GGCUUUAAGGUGUACUUCATT
2517621	NUCLEIC_ACID	UGAAGUACACCUUAAAGCCGT
2538432	NUCLEIC_ACID	GCUUUUGCAGGAGAAUGAATT
2538433	NUCLEIC_ACID	UUCAUUCUCCUGCAAAAGCTG
2540555	NUCLEIC_ACID	ACUUCUUCCAUGUAGCAUUTT
2540554	NUCLEIC_ACID	AAUGCUACAUGGAAGAAGUTA
2531908	NUCLEIC_ACID	GGGCUCUAAUGAGACUAGATT
2531909	NUCLEIC_ACID	UCUAGUCUCAUUAGAGCCCAA
2513524	NUCLEIC_ACID	GGAGCACAGAAUACCGGAATT
2513525	NUCLEIC_ACID	UUCCGGUAUUCUGUGCUCCGT
2529468	NUCLEIC_ACID	AACAAUUUCAGCUACUCGGTT
2529469	NUCLEIC_ACID	CCGAGUAGCUGAAAUUGUUTT
2528775	NUCLEIC_ACID	CCAACAAUGUGGGACACCATT
2528776	NUCLEIC_ACID	UGGUGUCCCACAUUGUUGGAT
2513286	NUCLEIC_ACID	GCAACUGUAUUGAUAUCAATT
2513287	NUCLEIC_ACID	UUGAUAUCAAUACAGUUGCCT
2531278	NUCLEIC_ACID	CAGAGAAUCCUAAUGAUAATT
2531279	NUCLEIC_ACID	UUAUCAUUAGGAUUCUCUGTA
2518912	NUCLEIC_ACID	GACGGCAUCAAUCAGGUCCTC
2518913	NUCLEIC_ACID	GGACCUGAUUGAUGCCGUCTT
2521762	NUCLEIC_ACID	UCGGAGAAGUGAUUUCUUATT
2521761	NUCLEIC_ACID	UAAGAAAUCACUUCUCCGAAT
2518732	NUCLEIC_ACID	CAGACAGUAUGUUCGAAGATT
2518733	NUCLEIC_ACID	UCUUCGAACAUACUGUCUGGT
2528988	NUCLEIC_ACID	UCAAGUAAUAGUCUCCAGGAG
2528987	NUCLEIC_ACID	CCUGGAGACUAUUACUUGATT
2527987	NUCLEIC_ACID	CCUUUGACCAGUCCACUUATT
2527988	NUCLEIC_ACID	UAAGUGGACUGGUCAAAGGCA
2541305	NUCLEIC_ACID	GGUGCGAGAUUUACUCAGATT
2541306	NUCLEIC_ACID	UCUGAGUAAAUCUCGCACCCT
2528970	NUCLEIC_ACID	UCCGAUUCAUCCUUCUUGCTC
2528969	NUCLEIC_ACID	GCAAGAAGGAUGAAUCGGATT
2529548	NUCLEIC_ACID	CGAGGAAUGCUAGAUCACATT
2529549	NUCLEIC_ACID	UGUGAUCUAGCAUUCCUCGGT
2542351	NUCLEIC_ACID	CCUUAUCCGCUACCUCCAATT
2542352	NUCLEIC_ACID	UUGGAGGUAGCGGAUAAGGTA
2539492	NUCLEIC_ACID	AAUCGCUCUGUGAAUAUUCCT
2539493	NUCLEIC_ACID	GAAUAUUCACAGAGCGAUUTT
2516517	NUCLEIC_ACID	UGACUUCACCCAGAAGCACTG
2516516	NUCLEIC_ACID	GUGCUUCUGGGUGAAGUCATT
2538321	NUCLEIC_ACID	GAAGGAGAUUGGGCGGAUUTT
2538320	NUCLEIC_ACID	AAUCCGCCCAAUCUCCUUCAG
2538002	NUCLEIC_ACID	GAUUAUCGAAUGUCUGAAATT
2538003	NUCLEIC_ACID	UUUCAGACAUUCGAUAAUCTG
2519449	NUCLEIC_ACID	UGACAUUGAAGAAUGGGCGGT
2519448	NUCLEIC_ACID	CGCCCAUUCUUCAAUGUCATT
2555319	NUCLEIC_ACID	AGGUGGGAUUCUAUCCAAATT
2555320	NUCLEIC_ACID	UUUGGAUAGAAUCCCACCUTT
2542583	NUCLEIC_ACID	GCAUCAACCACGAGUGUAATT
2542584	NUCLEIC_ACID	UUACACUCGUGGUUGAUGCCT
2515902	NUCLEIC_ACID	GCAAUUAACUCCACACGAATT
2515903	NUCLEIC_ACID	UUCGUGUGGAGUUAAUUGCAC
2538800	NUCLEIC_ACID	GAGUCACAUUUGAGGUUCATT
2538801	NUCLEIC_ACID	UGAACCUCAAAUGUGACUCCT
2520336	NUCLEIC_ACID	UAACGUAGAAAUCUUGUUGTT
2520335	NUCLEIC_ACID	CAACAAGAUUUCUACGUUATT
2527709	NUCLEIC_ACID	CAUUGUAGAUUACUCAGAATT
2527710	NUCLEIC_ACID	UUCUGAGUAAUCUACAAUGTG
2539079	NUCLEIC_ACID	UGACCUUUGACAGUAUCACCA
2539078	NUCLEIC_ACID	GUGAUACUGUCAAAGGUCATT
2521455	NUCLEIC_ACID	AAACCCACCAGUCAUUCUCCT
2521456	NUCLEIC_ACID	GAGAAUGACUGGUGGGUUUTT
2176263	NUCLEIC_ACID	GGCAUUCACUCAUACGGCATT
2176264	NUCLEIC_ACID	UGCCGUAUGAGUGAAUGCCTT
2541862	NUCLEIC_ACID	UACACGCUUAUGGUUGUUGAG
2541861	NUCLEIC_ACID	CAACAACCAUAAGCGUGUATT
2539037	NUCLEIC_ACID	UAGGCGAUGAACUCGGGUCTC
2539036	NUCLEIC_ACID	GACCCGAGUUCAUCGCCUATT
2540646	NUCLEIC_ACID	AAUAGUGAAAAAUCUGUCGAG
2540647	NUCLEIC_ACID	CGACAGAUUUUUCACUAUUTT
2530536	NUCLEIC_ACID	CAGCUUCGAUAUAAGGAAATT
2530537	NUCLEIC_ACID	UUUCCUUAUAUCGAAGCUGCC
2516488	NUCLEIC_ACID	CCACAGUUACCUCAGCAAATT
2516489	NUCLEIC_ACID	UUUGCUGAGGUAACUGUGGGT
2541293	NUCLEIC_ACID	CCUCAUCCCUGUUACAACATT
2541294	NUCLEIC_ACID	UGUUGUAACAGGGAUGAGGGC
2528555	NUCLEIC_ACID	CAGCCUGUCUCGAUAUAGATT
2528556	NUCLEIC_ACID	UCUAUAUCGAGACAGGCUGTG
2542237	NUCLEIC_ACID	GCAGUCACAUCUACCAGAATT
2542238	NUCLEIC_ACID	UUCUGGUAGAUGUGACUGCGG
2520069	NUCLEIC_ACID	GAAUGUCCCUGGAGUACUATT
2520070	NUCLEIC_ACID	UAGUACUCCAGGGACAUUCCA
2524925	NUCLEIC_ACID	GAGAAGUCGAGGCUCUUUATT
2524926	NUCLEIC_ACID	UAAAGAGCCUCGACUUCUCGT
2524991	NUCLEIC_ACID	GCAGAUUGAUAUACUAGGATT
2524992	NUCLEIC_ACID	UCCUAGUAUAUCAAUCUGCCT
2524983	NUCLEIC_ACID	AAUCUUUCUUGUGACGAUCCA
2524984	NUCLEIC_ACID	GAUCGUCACAAGAAAGAUUTT
2553270	NUCLEIC_ACID	UUUAAGGCAUCAUCUAGACTT
2553269	NUCLEIC_ACID	GUCUAGAUGAUGCCUUAAATT
2523929	NUCLEIC_ACID	GCUCCUUCCUGAGAGCAAATT
2523930	NUCLEIC_ACID	UUUGCUCUCAGGAAGGAGCCC
2535031	NUCLEIC_ACID	UUUGGAAAAAUAAUCCGGUCT
2535030	NUCLEIC_ACID	ACCGGAUUAUUUUUCCAAATT
2552168	NUCLEIC_ACID	UACUCUUUUGCUUUCCCUCCA
2552167	NUCLEIC_ACID	GAGGGAAAGCAAAAGAGUATT
2533754	NUCLEIC_ACID	CCAUUCUUCUAGCAACUGATT
2533755	NUCLEIC_ACID	UCAGUUGCUAGAAGAAUGGAA
2533038	NUCLEIC_ACID	ACUUCGAGCUGGACCUUAATT
2533039	NUCLEIC_ACID	UUAAGGUCCAGCUCGAAGUGC
2194120	NUCLEIC_ACID	UCUCUGAGAUCCGACUGCGTT
2194119	NUCLEIC_ACID	CGCAGUCGGAUCUCAGAGATT
2051734	NUCLEIC_ACID	GCCCUGACCAGUUCUCAACTT
2051735	NUCLEIC_ACID	GUUGAGAACUGGUCAGGGCTT
2160959	NUCLEIC_ACID	AAUGGACCACACAUCCACCTC
2160960	NUCLEIC_ACID	GGUGGAUGUGUGGUCCAUUTT
2531239	NUCLEIC_ACID	UUUUAGUCUUUCGAUUUUCTT
2531238	NUCLEIC_ACID	GAAAAUCGAAAGACUAAAATT
2587918	NUCLEIC_ACID	UUUUCAUCGUAGGGUAGACTA
2587917	NUCLEIC_ACID	GUCUACCCUACGAUGAAAATT
2479415	NUCLEIC_ACID	UCACAUUUAACACUUUUGGTC
2479414	NUCLEIC_ACID	CCAAAAGUGUUAAAUGUGATT
2479417	NUCLEIC_ACID	UUUAGAGCUCAAGAUGUCCTC
2479416	NUCLEIC_ACID	GGACAUCUUGAGCUCUAAATT
2479419	NUCLEIC_ACID	GGUACUGUGGAUUCAUUUUTT
2479418	NUCLEIC_ACID	AAAAUGAAUCCACAGUACCTT
2198620	NUCLEIC_ACID	GAGGUUGUAUGUUCUCGGGTT
2198619	NUCLEIC_ACID	CCCGAGAACAUACAACCUCTT
2198621	NUCLEIC_ACID	AAUCUGGUCUAACCGUGGCTT
2198622	NUCLEIC_ACID	GCCACGGUUAGACCAGAUUTT
2011078	NUCLEIC_ACID	GAAGUCACGGUUACGAACCTC
2011079	NUCLEIC_ACID	GGUUCGUAACCGUGACUUCTT
2208710	NUCLEIC_ACID	UUAGUGCCUGUAAUGCAGCTC
2208709	NUCLEIC_ACID	GCUGCAUUACAGGCACUAATT
2208708	NUCLEIC_ACID	GCACGGCACGCAGAAUAAGTT
2208707	NUCLEIC_ACID	CUUAUUCUGCGUGCCGUGCTT
2208711	NUCLEIC_ACID	GGAGUCAUGUGCAUACAUATT
2208712	NUCLEIC_ACID	UAUGUAUGCACAUGACUCCTT
2005061	NUCLEIC_ACID	GGAAUUGUCUGCGUAUCCUTT
2005060	NUCLEIC_ACID	AGGAUACGCAGACAAUUCCTC
2004869	NUCLEIC_ACID	UCUGAUUUCUCUCAUCUCCTC
2004868	NUCLEIC_ACID	GGAGAUGAGAGAAAUCAGATT
2054791	NUCLEIC_ACID	GAUCAAUGAUGGGAUGGGUTT
2054790	NUCLEIC_ACID	ACCCAUCCCAUCAUUGAUCTG
2372647	NUCLEIC_ACID	GGUCCUAGUCAUGUAAUUGTT
2372646	NUCLEIC_ACID	CAAUUACAUGACUAGGACCTG
2372644	NUCLEIC_ACID	GGUGGCUUCACCAUAACUATT
2372645	NUCLEIC_ACID	UAGUUAUGGUGAAGCCACCTC
2372648	NUCLEIC_ACID	CAAUGAUGACACAGACUCGTC
2372649	NUCLEIC_ACID	CGAGUCUGUGUCAUCAUUGTT
2204173	NUCLEIC_ACID	ACUGCUGGUAUGAAUUUCCTC
2204174	NUCLEIC_ACID	GGAAAUUCAUACCAGCAGUTT
2204172	NUCLEIC_ACID	GCCAACUAUUCGAAGGACUTT
2204171	NUCLEIC_ACID	AGUCCUUCGAAUAGUUGGCTG
2204170	NUCLEIC_ACID	CCACAGAAGCUUAUGAAUGTT
2204169	NUCLEIC_ACID	CAUUCAUAAGCUUCUGUGGTC
2199092	NUCLEIC_ACID	UCUGAUGGAAUGUCAAACGTG
2199091	NUCLEIC_ACID	CGUUUGACAUUCCAUCAGATT
2199087	NUCLEIC_ACID	CCUUGUUAUAGAAGCCUUATT
2199088	NUCLEIC_ACID	UAAGGCUUCUAUAACAAGGTC
2199090	NUCLEIC_ACID	GCUCUCAUCCAUGCUAGUGTT
2199089	NUCLEIC_ACID	CACUAGCAUGGAUGAGAGCTG
2197107	NUCLEIC_ACID	CUGCACAACAAUUAAGAGCTT
2197108	NUCLEIC_ACID	GCUCUUAAUUGUUGUGCAGTT
2197104	NUCLEIC_ACID	GGACAGUCCUGUGUGAAGGTT
2197103	NUCLEIC_ACID	CCUUCACACAGGACUGUCCTT
1973195	NUCLEIC_ACID	CUCAUUUCUUACUUUUUCCTC
1973196	NUCLEIC_ACID	GGAAAAAGUAAGAAAUGAGTT
2020657	NUCLEIC_ACID	UUUUGCCCAGGUUCAAGCCTG
2020656	NUCLEIC_ACID	GGCUUGAACCUGGGCAAAATT
2020829	NUCLEIC_ACID	UCCUCCAACAUCACAUCCCTT
2020828	NUCLEIC_ACID	GGGAUGUGAUGUUGGAGGATT
2219537	NUCLEIC_ACID	GUUCGAUUGAAAGAAGGCCTG
2219536	NUCLEIC_ACID	GGCCUUCUUUCAAUCGAACTT
2053698	NUCLEIC_ACID	GAUAGACGAAUUGGAGACATT
2053699	NUCLEIC_ACID	UGUCUCCAAUUCGUCUAUCTC
2053519	NUCLEIC_ACID	UCUAUCUCCAGGUCAGAACTG
2053518	NUCLEIC_ACID	GUUCUGACCUGGAGAUAGATT
2051350	NUCLEIC_ACID	GGUUGUAUGUGGGAUGUGATT
2051351	NUCLEIC_ACID	UCACAUCCCACAUACAACCTC
2211278	NUCLEIC_ACID	UUCACAAAGCGGUUGGUCCTT
2211277	NUCLEIC_ACID	GGACCAACCGCUUUGUGAATT
2211274	NUCLEIC_ACID	GUAGUAGUGCAGCUGAGGGTT
2211273	NUCLEIC_ACID	CCCUCAGCUGCACUACUACTT
2211275	NUCLEIC_ACID	GAUACAACACAAUCACGGCTG
2211276	NUCLEIC_ACID	GCCGUGAUUGUGUUGUAUCTT
2201436	NUCLEIC_ACID	UGGAAAGUAGCCGUGUUCGTT
2201435	NUCLEIC_ACID	CGAACACGGCUACUUUCCATT
2369793	NUCLEIC_ACID	CCCUCUAUGACACUGCACCTT
2369794	NUCLEIC_ACID	GGUGCAGUGUCAUAGAGGGTT
2369791	NUCLEIC_ACID	CCACUUAAUCAAGGCUGACTT
2369792	NUCLEIC_ACID	GUCAGCCUUGAUUAAGUGGTT
2456450	NUCLEIC_ACID	GGUUUUUACUAAAGCUUGCTG
2456449	NUCLEIC_ACID	GCAAGCUUUAGUAAAAACCTT
2456448	NUCLEIC_ACID	GGACACCUUGCAUCAUCUGTT
2456447	NUCLEIC_ACID	CAGAUGAUGCAAGGUGUCCTG
2456446	NUCLEIC_ACID	UGUGAAUGGUAGUGCCACCTG
2456445	NUCLEIC_ACID	GGUGGCACUACCAUUCACATT
2247467	NUCLEIC_ACID	CAGGUAUCUAUAGUUAGGCTG
2247468	NUCLEIC_ACID	GCCUAACUAUAGAUACCUGTT
2247471	NUCLEIC_ACID	GCAAAUUGAUAGAAGGUUATT
2247472	NUCLEIC_ACID	UAACCUUCUAUCAAUUUGCTG
2247470	NUCLEIC_ACID	GUUUUCUGCUACUAAUAGCTC
2247469	NUCLEIC_ACID	GCUAUUAGUAGCAGAAAACTT
2249966	NUCLEIC_ACID	GGCUCCUACUAAGUGCUUUTT
2249965	NUCLEIC_ACID	AAAGCACUUAGUAGGAGCCTT
2249968	NUCLEIC_ACID	UUGAUAAUGGCAAGGUUCCTT
2249967	NUCLEIC_ACID	GGAACCUUGCCAUUAUCAATT
2249964	NUCLEIC_ACID	CGAAGGUUGAAGGAUGUGGTG
2249963	NUCLEIC_ACID	CCACAUCCUUCAACCUUCGTT
1991653	NUCLEIC_ACID	GUCAUCUGAAAUUUCUUCCTT
1991652	NUCLEIC_ACID	GGAAGAAAUUUCAGAUGACTT
2245724	NUCLEIC_ACID	CCAUCCCUAAUGCCUUUCUTT
2245723	NUCLEIC_ACID	AGAAAGGCAUUAGGGAUGGTG
2052323	NUCLEIC_ACID	UCACCAGGUAGGGAGUCUCTT
2052322	NUCLEIC_ACID	GAGACUCCCUACCUGGUGATT
2205158	NUCLEIC_ACID	GGGUGUACAACAGAAACGUTT
2205157	NUCLEIC_ACID	ACGUUUCUGUUGUACACCCTT
2205159	NUCLEIC_ACID	GCUAACCUCUAGAAUAAAATT
2205160	NUCLEIC_ACID	UUUUAUUCUAGAGGUUAGCTG
2205162	NUCLEIC_ACID	GCAACUACUUUUAUAUGCUTT
2205161	NUCLEIC_ACID	AGCAUAUAAAAGUAGUUGCTC
2214759	NUCLEIC_ACID	GCUCUGUGCAUAUUGAUGCTC
2214758	NUCLEIC_ACID	GCAUCAAUAUGCACAGAGCTT
2214761	NUCLEIC_ACID	UAUAGGAUUUUCGUGAUGCTT
2214760	NUCLEIC_ACID	GCAUCACGAAAAUCCUAUATT
2214757	NUCLEIC_ACID	UUCCUGGAAUUCAACUAGCTC
2214756	NUCLEIC_ACID	GCUAGUUGAAUUCCAGGAATT
2419006	NUCLEIC_ACID	UGGAUCUUCUCCACCGAUUTC
2419005	NUCLEIC_ACID	AAUCGGUGGAGAAGAUCCATT
2250650	NUCLEIC_ACID	GGUAAUAAGCUCCUCGUCGTT
2250649	NUCLEIC_ACID	CGACGAGGAGCUUAUUACCTT
2419003	NUCLEIC_ACID	AGAGAAGCGUGGACAAAGCTT
2419004	NUCLEIC_ACID	GCUUUGUCCACGCUUCUCUTG
1998359	NUCLEIC_ACID	GGAUGAAUCUUGUGAGAAGTT
1998358	NUCLEIC_ACID	CUUCUCACAAGAUUCAUCCTT
2238744	NUCLEIC_ACID	CUCAUUAGGGAGGAGAUGGTC
2238743	NUCLEIC_ACID	CCAUCUCCUCCCUAAUGAGTT
1998544	NUCLEIC_ACID	CAUCCAUUUUUCAGCUUCCTC
1998545	NUCLEIC_ACID	GGAAGCUGAAAAAUGGAUGTT
2222818	NUCLEIC_ACID	CCUAUGGCUGCCAGAUGAATT
2222819	NUCLEIC_ACID	UUCAUCUGGCAGCCAUAGGTC
2222821	NUCLEIC_ACID	GGAUCCGUUUUACCUCUCCTT
2222820	NUCLEIC_ACID	GGAGAGGUAAAACGGAUCCTC
2222823	NUCLEIC_ACID	UUUAAGCUGAUGUAAACGGTT
2222822	NUCLEIC_ACID	CCGUUUACAUCAGCUUAAATT
2013671	NUCLEIC_ACID	GGAAUCUCGGAAUGAUAUUTT
2013670	NUCLEIC_ACID	AAUAUCAUUCCGAGAUUCCTT
2013483	NUCLEIC_ACID	GGAGCUAUUGAAUGUCGGGTT
2013482	NUCLEIC_ACID	CCCGACAUUCAAUAGCUCCTT
2013291	NUCLEIC_ACID	GGUGAACGCAAAGCCAUCCTT
2013290	NUCLEIC_ACID	GGAUGGCUUUGCGUUCACCTT
2044827	NUCLEIC_ACID	GGAUGGACCCACAUCCUCUTT
2044826	NUCLEIC_ACID	AGAGGAUGUGGGUCCAUCCTT
2044645	NUCLEIC_ACID	GGAAUUGUUCCAAGGAUGGTT
2044644	NUCLEIC_ACID	CCAUCCUUGGAACAAUUCCTC
2249207	NUCLEIC_ACID	GCAUGUUUGGAAGUUAUCCTT
2249208	NUCLEIC_ACID	GGAUAACUUCCAAACAUGCTT
2251927	NUCLEIC_ACID	GCUUAGACGAGGCAAGAAATT
2251928	NUCLEIC_ACID	UUUCUUGCCUCGUCUAAGCTG
2251929	NUCLEIC_ACID	GCUACAUUGAGCCUGAAGATT
2251930	NUCLEIC_ACID	UCUUCAGGCUCAAUGUAGCTT
2251932	NUCLEIC_ACID	GGGUUCACACAACUUAUUUTT
2251931	NUCLEIC_ACID	AAAUAAGUUGUGUGAACCCTC
2228361	NUCLEIC_ACID	UAGGCUAGCCUUUAAUACCTC
2228360	NUCLEIC_ACID	GGUAUUAAAGGCUAGCCUATT
2228357	NUCLEIC_ACID	UCUACCAUGUUGACUGAGGTT
2228356	NUCLEIC_ACID	CCUCAGUCAACAUGGUAGATT
2228358	NUCLEIC_ACID	GCAUCAGCAGUCAUCUCACTT
2228359	NUCLEIC_ACID	GUGAGAUGACUGCUGAUGCTG
2248396	NUCLEIC_ACID	UAGGGUCGAAAAAAACUCCTC
2248395	NUCLEIC_ACID	GGAGUUUUUUUCGACCCUATT
2248397	NUCLEIC_ACID	CGAAUGUCCCGGUUAGAAGTT
2248398	NUCLEIC_ACID	CUUCUAACCGGGACAUUCGTT
2248394	NUCLEIC_ACID	GGCAAAUUACAACCUGCUCTT
2248393	NUCLEIC_ACID	GAGCAGGUUGUAAUUUGCCTG
2207938	NUCLEIC_ACID	GGUAAAUAUUCCGGAUUGGTT
2207937	NUCLEIC_ACID	CCAAUCCGGAAUAUUUACCTC
2207942	NUCLEIC_ACID	UGGUCCAAAAGAUACAUGGTG
2207941	NUCLEIC_ACID	CCAUGUAUCUUUUGGACCATT
2207939	NUCLEIC_ACID	CACGUCUUCUGAGCUAACCTG
2207940	NUCLEIC_ACID	GGUUAGCUCAGAAGACGUGTT
2033046	NUCLEIC_ACID	GGUAUAUGAUGGAAAAGACTT
2033047	NUCLEIC_ACID	GUCUUUUCCAUCAUAUACCTT
2369264	NUCLEIC_ACID	GUGAAUUCGACUUCCUGGCTC
2369263	NUCLEIC_ACID	GCCAGGAAGUCGAAUUCACTT
2173556	NUCLEIC_ACID	UAUAGGUGAGUUGAAAACCTT
2173555	NUCLEIC_ACID	GGUUUUCAACUCACCUAUATT
1996636	NUCLEIC_ACID	GAUCUCCAGAAACUCCUCCTC
1996637	NUCLEIC_ACID	GGAGGAGUUUCUGGAGAUCTT
1996824	NUCLEIC_ACID	CAUGAUCUCCAGAAACUCCTC
1996825	NUCLEIC_ACID	GGAGUUUCUGGAGAUCAUGTT
2365504	NUCLEIC_ACID	GCAUCCCGCUCUUCAAGAUTT
2365503	NUCLEIC_ACID	AUCUUGAAGAGCGGGAUGCTG
2207414	NUCLEIC_ACID	GGGUCUAAUAGGAGGUUUGTT
2207413	NUCLEIC_ACID	CAAACCUCCUAUUAGACCCTC
2021744	NUCLEIC_ACID	AUAGGCUUUUUUGGGUACCTC
2021745	NUCLEIC_ACID	GGUACCCAAAAAAGCCUAUTT
2207415	NUCLEIC_ACID	CCUUUACUAGGCUACUACCTT
2207416	NUCLEIC_ACID	GGUAGUAGCCUAGUAAAGGTT
2207356	NUCLEIC_ACID	GCUUGCAUGACUACUUUGGTT
2207355	NUCLEIC_ACID	CCAAAGUAGUCAUGCAAGCTG
2207360	NUCLEIC_ACID	GGGAUUUUGGCUAUAGAGUTT
2207359	NUCLEIC_ACID	ACUCUAUAGCCAAAAUCCCTC
2207357	NUCLEIC_ACID	AGAUCAACUGAGGCUGAGCTC
2207358	NUCLEIC_ACID	GCUCAGCCUCAGUUGAUCUTT
2210608	NUCLEIC_ACID	GCACACGCGACAAUUGAUCTT
2210607	NUCLEIC_ACID	GAUCAAUUGUCGCGUGUGCTG
2210605	NUCLEIC_ACID	GCGUAUACCAUGCAAUGCCTT
2210606	NUCLEIC_ACID	GGCAUUGCAUGGUAUACGCTT
2210609	NUCLEIC_ACID	CCCGGCAUGUGUUUAUCGGTT
2210610	NUCLEIC_ACID	CCGAUAAACACAUGCCGGGTT
2008771	NUCLEIC_ACID	GGAAAACAUGAACAAAUGUTT
2008770	NUCLEIC_ACID	ACAUUUGUUCAUGUUUUCCTG
2008391	NUCLEIC_ACID	GGUUCAAAGGAGCCUCUAUTT
2008390	NUCLEIC_ACID	AUAGAGGCUCCUUUGAACCTT
2008583	NUCLEIC_ACID	GUUUCUUCAUAGAGGCUCCTT
2008582	NUCLEIC_ACID	GGAGCCUCUAUGAAGAAACTT
2199111	NUCLEIC_ACID	CCGUUGCCAAUCUCUGAAGTT
2199112	NUCLEIC_ACID	CUUCAGAGAUUGGCAACGGTG
2199113	NUCLEIC_ACID	GCUAUGUGUCUGACCAAAATT
2199114	NUCLEIC_ACID	UUUUGGUCAGACACAUAGCTG
2199115	NUCLEIC_ACID	CGAUAAUAGAACUAGUGACTT
2199116	NUCLEIC_ACID	GUCACUAGUUCUAUUAUCGTT
2229128	NUCLEIC_ACID	GAUUUCAUUGCCUAAGACCTG
2229129	NUCLEIC_ACID	GGUCUUAGGCAAUGAAAUCTT
2229132	NUCLEIC_ACID	GCAUUUACUACUAUUACCATT
2229133	NUCLEIC_ACID	UGGUAAUAGUAGUAAAUGCTG
2229130	NUCLEIC_ACID	GGUCAUCAUUCGAUGGACCTT
2229131	NUCLEIC_ACID	GGUCCAUCGAAUGAUGACCTT
2374205	NUCLEIC_ACID	CGCUGUUGAGUGUUGGUUGTT
2374204	NUCLEIC_ACID	CAACCAACACUCAACAGCGTG
2374209	NUCLEIC_ACID	GGUUUAGUUGCUUACCCAGTT
2374208	NUCLEIC_ACID	CUGGGUAAGCAACUAAACCTG
2374207	NUCLEIC_ACID	UAUCUCGUAUCAGCUAGGCTG
2374206	NUCLEIC_ACID	GCCUAGCUGAUACGAGAUATT
2212020	NUCLEIC_ACID	UCACGACUUAGGCAGAUGCTT
2212019	NUCLEIC_ACID	GCAUCUGCCUAAGUCGUGATT
2212017	NUCLEIC_ACID	CCUGUCCUUUCGCCUAACGTT
2212018	NUCLEIC_ACID	CGUUAGGCGAAAGGACAGGTT
2048234	NUCLEIC_ACID	AGAAGACUUUGCUGCCAGCTG
2048235	NUCLEIC_ACID	GCUGGCAGCAAAGUCUUCUTT
2369844	NUCLEIC_ACID	UCGUACUUGACCAAGGAGGTG
2369843	NUCLEIC_ACID	CCUCCUUGGUCAAGUACGATT
2236682	NUCLEIC_ACID	GGUACACCUCCUUGGUCAATT
2236683	NUCLEIC_ACID	UUGACCAAGGAGGUGUACCTT
2369845	NUCLEIC_ACID	CACCUCCUUGGUCAAGUACTT
2369846	NUCLEIC_ACID	GUACUUGACCAAGGAGGUGTA
2241404	NUCLEIC_ACID	GCCACUUUGUUUUCGUCAUTT
2241403	NUCLEIC_ACID	AUGACGAAAACAAAGUGGCTG
2003501	NUCLEIC_ACID	UGAGGUACUUGGAUCCUCCTT
2003500	NUCLEIC_ACID	GGAGGAUCCAAGUACCUCATT
2003321	NUCLEIC_ACID	UCCUCCUUUUGUCUUCACCTC
2003320	NUCLEIC_ACID	GGUGAAGACAAAAGGAGGATT
2249161	NUCLEIC_ACID	CCAAGCAGUGUUAGACAAGTT
2249162	NUCLEIC_ACID	CUUGUCUAACACUGCUUGGTT
2249157	NUCLEIC_ACID	CCGAAAUGCCAUAGCUGCATT
2249158	NUCLEIC_ACID	UGCAGCUAUGGCAUUUCGGTG
2249159	NUCLEIC_ACID	GCAACCUUUAAGUCCUACATT
2249160	NUCLEIC_ACID	UGUAGGACUUAAAGGUUGCTT
2216740	NUCLEIC_ACID	CAAUUCGAUCAUAGCGGCCTT
2216741	NUCLEIC_ACID	GGCCGCUAUGAUCGAAUUGTT
2216738	NUCLEIC_ACID	ACUCAAAUCAAGCCCAUGGTC
2216739	NUCLEIC_ACID	CCAUGGGCUUGAUUUGAGUTT
2216742	NUCLEIC_ACID	ACAGUAAGCAUAAAACUGGTC
2216743	NUCLEIC_ACID	CCAGUUUUAUGCUUACUGUTT
2234819	NUCLEIC_ACID	GGAAUAUGACCUUCCUGAUTT
2234818	NUCLEIC_ACID	AUCAGGAAGGUCAUAUUCCTT
2234817	NUCLEIC_ACID	GUGUUUCAUGGGCUGAGGCTT
2234816	NUCLEIC_ACID	GCCUCAGCCCAUGAAACACTT
2234820	NUCLEIC_ACID	AGAUUCUCCACGUAGUUGGTT
2234821	NUCLEIC_ACID	CCAACUACGUGGAGAAUCUTT
2031655	NUCLEIC_ACID	GGAGGAGGUGGAAGUUGAUTT
2031654	NUCLEIC_ACID	AUCAACUUCCACCUCCUCCTC
2215760	NUCLEIC_ACID	GAUCUGAGUGUUAUUGUCCTG
2215761	NUCLEIC_ACID	GGACAAUAACACUCAGAUCTT
2031833	NUCLEIC_ACID	UCCAAGUUUCUUUUCCACCTG
2031832	NUCLEIC_ACID	GGUGGAAAAGAAACUUGGATT
2210936	NUCLEIC_ACID	UUCGAUGUGUCGUCUUUGGTC
2210935	NUCLEIC_ACID	CCAAAGACGACACAUCGAATT
2210940	NUCLEIC_ACID	GGUGACAAAUGUCAUACAUTT
2210939	NUCLEIC_ACID	AUGUAUGACAUUUGUCACCTT
2210937	NUCLEIC_ACID	CUAUUCCCUUUUGUAAGCCTG
2210938	NUCLEIC_ACID	GGCUUACAAAAGGGAAUAGTT
2199525	NUCLEIC_ACID	CGGAAAAUAUCUAUGCGAATT
2199526	NUCLEIC_ACID	UUCGCAUAGAUAUUUUCCGTT
2199527	NUCLEIC_ACID	GCCAAGCGAUGCCAUGUUATT
2199528	NUCLEIC_ACID	UAACAUGGCAUCGCUUGGCTT
2199530	NUCLEIC_ACID	GGUAACAGAUGCUCAAGAUTT
2199529	NUCLEIC_ACID	AUCUUGAGCAUCUGUUACCTC
2051364	NUCLEIC_ACID	GGAUGGAUCUCAGUGGCAATT
2051365	NUCLEIC_ACID	UUGCCACUGAGAUCCAUCCTT
2216367	NUCLEIC_ACID	GGUUACUAUGCCAGGGACUTT
2216366	NUCLEIC_ACID	AGUCCCUGGCAUAGUAACCTC
2216369	NUCLEIC_ACID	GCAUAAUGAUCAGCCUCCUTT
2216368	NUCLEIC_ACID	AGGAGGCUGAUCAUUAUGCTG
2207598	NUCLEIC_ACID	GGCCUUGACGGGUUAUGAGTT
2207597	NUCLEIC_ACID	CUCAUAACCCGUCAAGGCCTT
2207596	NUCLEIC_ACID	GGUUGGUCAGUAUCCAGUCTT
2207595	NUCLEIC_ACID	GACUGGAUACUGACCAACCTT
2207599	NUCLEIC_ACID	CCUACCUUAAUUUAGGCUATT
2207600	NUCLEIC_ACID	UAGCCUAAAUUAAGGUAGGTG
2462145	NUCLEIC_ACID	CCCUGUUCAUCAUGUCUGATT
2462146	NUCLEIC_ACID	UCAGACAUGAUGAACAGGGTC
2462143	NUCLEIC_ACID	AUGGAAUUUUACUCUAGCGTC
2462144	NUCLEIC_ACID	CGCUAGAGUAAAAUUCCAUTT
2462141	NUCLEIC_ACID	GCAGCAAGGAUUCUUGUAATT
2462142	NUCLEIC_ACID	UUACAAGAAUCCUUGCUGCTT
2229471	NUCLEIC_ACID	UCUUAGUCUAGAUGUCGCCTC
2229470	NUCLEIC_ACID	GGCGACAUCUAGACUAAGATT
2229468	NUCLEIC_ACID	AUACUUGGAGAUGCCCUGCTG
2229469	NUCLEIC_ACID	GCAGGGCAUCUCCAAGUAUTT
2229472	NUCLEIC_ACID	GCUUAUACAAAAUGGGCAATT
2229473	NUCLEIC_ACID	UUGCCCAUUUUGUAUAAGCTT
2464682	NUCLEIC_ACID	UUAGGUUCUCCUAGUUGCCTG
2464681	NUCLEIC_ACID	GGCAACUAGGAGAACCUAATT
2464680	NUCLEIC_ACID	GUCGUAUACCUGCACAUCCTC
2464679	NUCLEIC_ACID	GGAUGUGCAGGUAUACGACTT
2464684	NUCLEIC_ACID	UCAAGAGAGACAAACAUGGTC
2464683	NUCLEIC_ACID	CCAUGUUUGUCUCUCUUGATT
2219007	NUCLEIC_ACID	GCGAUAAGUACCGUUGAGUTT
2219006	NUCLEIC_ACID	ACUCAACGGUACUUAUCGCTC
2219005	NUCLEIC_ACID	CCGAGCGAUAAGUACCGUUTT
2219004	NUCLEIC_ACID	AACGGUACUUAUCGCUCGGTT
2018981	NUCLEIC_ACID	GGCCCUGGUGAAAAUGCAGTT
2018980	NUCLEIC_ACID	CUGCAUUUUCACCAGGGCCTT
2199393	NUCLEIC_ACID	CCCUAUGGAGGGCAUGACATT
2199394	NUCLEIC_ACID	UGUCAUGCCCUCCAUAGGGTT
2021342	NUCLEIC_ACID	GGAAGCCAAAGCCAGCAUATT
2021343	NUCLEIC_ACID	UAUGCUGGCUUUGGCUUCCTT
2021161	NUCLEIC_ACID	GGACACAGACACAGAUGAGTT
2021160	NUCLEIC_ACID	CUCAUCUGUGUCUGUGUCCTC
2009982	NUCLEIC_ACID	GGAAGAACAAGGUCUUGAATT
2009983	NUCLEIC_ACID	UUCAAGACCUUGUUCUUCCTT
2222421	NUCLEIC_ACID	GGCUACUUCAUUUGUUGCGTG
2222420	NUCLEIC_ACID	CGCAACAAAUGAAGUAGCCTT
2222423	NUCLEIC_ACID	GCUGUUGGUUGUCUUGUGGTC
2222422	NUCLEIC_ACID	CCACAAGACAACCAACAGCTT
2170988	NUCLEIC_ACID	AUUGUGUAUUGAGAAGUCCTG
2170989	NUCLEIC_ACID	GGACUUCUCAAUACACAAUTT
2170987	NUCLEIC_ACID	GGAAUCAGGCAUUUGGAAUTT
2170986	NUCLEIC_ACID	AUUCCAAAUGCCUGAUUCCTG
2170991	NUCLEIC_ACID	GGAAAGUAGCUAAGGAGUUTT
2170990	NUCLEIC_ACID	AACUCCUUAGCUACUUUCCTC
2233511	NUCLEIC_ACID	UAUGACUUUCGAUCCCGGCTT
2233510	NUCLEIC_ACID	GCCGGGAUCGAAAGUCAUATT
2233506	NUCLEIC_ACID	ACGGACCAAGAUCAGAACGTG
2233507	NUCLEIC_ACID	CGUUCUGAUCUUGGUCCGUTT
2233508	NUCLEIC_ACID	GAUCGAUCAUGGCUUCUGCTT
2233509	NUCLEIC_ACID	GCAGAAGCCAUGAUCGAUCTT
2213038	NUCLEIC_ACID	CGGGAUUGGCUACACUUUUTT
2213037	NUCLEIC_ACID	AAAAGUGUAGCCAAUCCCGTT
2213041	NUCLEIC_ACID	CCCUGGGUAUUCUUUAAAGTT
2213042	NUCLEIC_ACID	CUUUAAAGAAUACCCAGGGTT
2213039	NUCLEIC_ACID	GGAAAGUUGGGAUUGGGACTT
2213040	NUCLEIC_ACID	GUCCCAAUCCCAACUUUCCTT
2243252	NUCLEIC_ACID	GCAUCAUCUUAACUAACAUTT
2243251	NUCLEIC_ACID	AUGUUAGUUAAGAUGAUGCTG
2243254	NUCLEIC_ACID	GGUAAAGUAGGUAUCUUUCTT
2243253	NUCLEIC_ACID	GAAAGAUACCUACUUUACCTT
1994810	NUCLEIC_ACID	ACUCUAAAUUACACACACCTT
1994811	NUCLEIC_ACID	GGUGUGUGUAAUUUAGAGUTT
2211721	NUCLEIC_ACID	GCAACAAUCCAAAAGUUCATT
2211722	NUCLEIC_ACID	UGAACUUUUGGAUUGUUGCTC
2211720	NUCLEIC_ACID	GGAUAUUGGCAGCGAUGUCTT
2211719	NUCLEIC_ACID	GACAUCGCUGCCAAUAUCCTG
2211718	NUCLEIC_ACID	UGUAAAUCCUACCCUACCGTG
2211717	NUCLEIC_ACID	CGGUAGGGUAGGAUUUACATT
2223111	NUCLEIC_ACID	GCUCCGGUUUAAGCAAUAUTT
2223110	NUCLEIC_ACID	AUAUUGCUUAAACCGGAGCTC
2011740	NUCLEIC_ACID	AUGUAUAGGUAUGUACACCTT
2011741	NUCLEIC_ACID	GGUGUACAUACCUAUACAUTT
2011924	NUCLEIC_ACID	GAGUUUCAGGUGGGACACCTT
2011925	NUCLEIC_ACID	GGUGUCCCACCUGAAACUCTT
2171706	NUCLEIC_ACID	GGAAGAUUCAAUAUGGUUUTT
2171705	NUCLEIC_ACID	AAACCAUAUUGAAUCUUCCTC
2171707	NUCLEIC_ACID	GGAUCCGCUAUUUAGAAAATT
2171708	NUCLEIC_ACID	UUUUCUAAAUAGCGGAUCCTG
2223170	NUCLEIC_ACID	CGAACAACUGAAUUGAAAGTT
2223171	NUCLEIC_ACID	CUUUCAAUUCAGUUGUUCGTC
2197963	NUCLEIC_ACID	AGCUUAACACUGAUUAUGGTC
2197964	NUCLEIC_ACID	CCAUAAUCAGUGUUAAGCUTT
2197959	NUCLEIC_ACID	CCAUGUAUGAAGAGGCUUATT
2197960	NUCLEIC_ACID	UAAGCCUCUUCAUACAUGGTC
2197961	NUCLEIC_ACID	CUUGUGUCCUAGAAGCUCCTT
2197962	NUCLEIC_ACID	GGAGCUUCUAGGACACAAGTT
1974222	NUCLEIC_ACID	GGAACAGAAGAAGGCCAAUTT
1974221	NUCLEIC_ACID	AUUGGCCUUCUUCUGUUCCTG
2185354	NUCLEIC_ACID	UAUGAUCUGUCACCUGUGCTC
2185353	NUCLEIC_ACID	GCACAGGUGACAGAUCAUATT
1974411	NUCLEIC_ACID	AUUGGGUGGAAUGGUGGCCTT
1974412	NUCLEIC_ACID	GGCCACCAUUCCACCCAAUTT
2250821	NUCLEIC_ACID	CCCUUCAUGAUUUGACAAATT
2250822	NUCLEIC_ACID	UUUGUCAAAUCAUGAAGGGTT
2250820	NUCLEIC_ACID	GCAGUAUGAGAAUCUCGUCTT
2250819	NUCLEIC_ACID	GACGAGAUUCUCAUACUGCTG
2250818	NUCLEIC_ACID	UGAGUUGGCAGCAAAUUGGTT
2250817	NUCLEIC_ACID	CCAAUUUGCUGCCAACUCATT
2479217	NUCLEIC_ACID	CUGUUUCAUGUAAGACACGTT
2479216	NUCLEIC_ACID	CGUGUCUUACAUGAAACAGTT
2479221	NUCLEIC_ACID	GGGAAUGUAAGUGUUCAUGTT
2479220	NUCLEIC_ACID	CAUGAACACUUACAUUCCCTT
2479218	NUCLEIC_ACID	CCAUCACAGCUGUUCUUCGTT
2479219	NUCLEIC_ACID	CGAAGAACAGCUGUGAUGGTC
2222389	NUCLEIC_ACID	GUAGAAGACGUAAUCCCGCTG
2222388	NUCLEIC_ACID	GCGGGAUUACGUCUUCUACTT
2010314	NUCLEIC_ACID	GGAAUACGAGAAGGCCUUATT
2010315	NUCLEIC_ACID	UAAGGCCUUCUCGUAUUCCTT
2010128	NUCLEIC_ACID	GGAGGAACAGCGGGAUUACTT
2010129	NUCLEIC_ACID	GUAAUCCCGCUGUUCCUCCTT
2206728	NUCLEIC_ACID	GCCAGAAUAGUCGUGUGAGTT
2206727	NUCLEIC_ACID	CUCACACGACUAUUCUGGCTT
2206731	NUCLEIC_ACID	GGUACUUGAUACAUAACCATT
2206732	NUCLEIC_ACID	UGGUUAUGUAUCAAGUACCTT
2206729	NUCLEIC_ACID	GGAAUAAAACGCACAGUUATT
2206730	NUCLEIC_ACID	UAACUGUGCGUUUUAUUCCTC
2207167	NUCLEIC_ACID	GCAUGUGGUUAAGUGCACATT
2207168	NUCLEIC_ACID	UGUGCACUUAACCACAUGCTG
2207169	NUCLEIC_ACID	GCUACGCCAAUCAAAAACCTT
2207170	NUCLEIC_ACID	GGUUUUUGAUUGGCGUAGCTT
2207171	NUCLEIC_ACID	GAUAACUGACUCUUAUGGCTC
2207172	NUCLEIC_ACID	GCCAUAAGAGUCAGUUAUCTT
2374284	NUCLEIC_ACID	CGUGCCUACCAUGAUCAACTT
2374285	NUCLEIC_ACID	GUUGAUCAUGGUAGGCACGTT
2374286	NUCLEIC_ACID	AAACUGGAACUCGUAGGCCTG
2374287	NUCLEIC_ACID	GGCCUACGAGUUCCAGUUUTT
2374288	NUCLEIC_ACID	CACACUCAAACCGAAUAGCTG
2374289	NUCLEIC_ACID	GCUAUUCGGUUUGAGUGUGTT
2210261	NUCLEIC_ACID	CGGCUAUGCAAUUGUUCGATT
2210262	NUCLEIC_ACID	UCGAACAAUUGCAUAGCCGTT
2210263	NUCLEIC_ACID	GCCAAGGAAUUGAGUUAAATT
2210264	NUCLEIC_ACID	UUUAACUCAAUUCCUUGGCTT
2014541	NUCLEIC_ACID	GGAACGGCUAUGCAAUUGUTT
2014540	NUCLEIC_ACID	ACAAUUGCAUAGCCGUUCCTG
2453136	NUCLEIC_ACID	GGACAUAGACAAGAGGUCCTG
2453137	NUCLEIC_ACID	GGACCUCUUGUCUAUGUCCTT
2453135	NUCLEIC_ACID	UUGAUGAAUCACAAGUACGTC
2453134	NUCLEIC_ACID	CGUACUUGUGAUUCAUCAATT
2453133	NUCLEIC_ACID	GUAAAAGAGGACGUAGGCCTG
2453132	NUCLEIC_ACID	GGCCUACGUCCUCUUUUACTT
2040686	NUCLEIC_ACID	ACAAAGAGUUUCUUCAUCCTC
2040687	NUCLEIC_ACID	GGAUGAAGAAACUCUUUGUTT
2208821	NUCLEIC_ACID	AACACCAUUCAAUACGACCTT
2208822	NUCLEIC_ACID	GGUCGUAUUGAAUGGUGUUTT
2208823	NUCLEIC_ACID	GCUGUACUUGCCACUAAGATT
2208824	NUCLEIC_ACID	UCUUAGUGGCAAGUACAGCTC
2235455	NUCLEIC_ACID	CUCUCGGUUCCACAUCUGGTT
2235454	NUCLEIC_ACID	CCAGAUGUGGAACCGAGAGTT
2036941	NUCLEIC_ACID	GGAUGAAGAUCUUGCUGGGTT
2036940	NUCLEIC_ACID	CCCAGCAAGAUCUUCAUCCTC
2037126	NUCLEIC_ACID	GGACUUCUCUGAGACUUACTT
2037127	NUCLEIC_ACID	GUAAGUCUCAGAGAAGUCCTT
2202881	NUCLEIC_ACID	CUUUAUUUAGACGCGGGCCTT
2202882	NUCLEIC_ACID	GGCCCGCGUCUAAAUAAAGTT
2013325	NUCLEIC_ACID	UUUUUUUUCGCUUUCAUCCTG
2013324	NUCLEIC_ACID	GGAUGAAAGCGAAAAAAAATT
2202879	NUCLEIC_ACID	CCGGAUGCUCUCAUACACGTT
2202880	NUCLEIC_ACID	CGUGUAUGAGAGCAUCCGGTT
2167040	NUCLEIC_ACID	UCAACCAGGAUAGCAAUCCTG
2167039	NUCLEIC_ACID	GGAUUGCUAUCCUGGUUGATT
1983650	NUCLEIC_ACID	UGAAACUAGCCCAGUUUCCTC
1983649	NUCLEIC_ACID	GGAAACUGGGCUAGUUUCATT
1983461	NUCLEIC_ACID	GAAUCAAUAUGCAGAACCCTC
1983462	NUCLEIC_ACID	GGGUUCUGCAUAUUGAUUCTT
2210191	NUCLEIC_ACID	ACGUGUUUUCGCCUUGAGCTT
2210192	NUCLEIC_ACID	GCUCAAGGCGAAAACACGUTT
2210188	NUCLEIC_ACID	UGUGUGAAAAUACAAGGGCTC
2210187	NUCLEIC_ACID	GCCCUUGUAUUUUCACACATT
2210189	NUCLEIC_ACID	GGUUGUAGCACAUUGCCACTT
2210190	NUCLEIC_ACID	GUGGCAAUGUGCUACAACCTC
2246421	NUCLEIC_ACID	AAUGCUCCCUCGCUUUGGCTT
2246422	NUCLEIC_ACID	GCCAAAGCGAGGGAGCAUUTT
2246423	NUCLEIC_ACID	CCCACAAACUUAAACAUACTT
2246424	NUCLEIC_ACID	GUAUGUUUAAGUUUGUGGGTC
2246420	NUCLEIC_ACID	UCCACUUGAGUGUUUGUGGTG
2246419	NUCLEIC_ACID	CCACAAACACUCAAGUGGATT
2212005	NUCLEIC_ACID	GCUUGUAUGGGACCAACCATT
2212006	NUCLEIC_ACID	UGGUUGGUCCCAUACAAGCTG
2212007	NUCLEIC_ACID	GCUCGUCAGUAGGACCACATT
2212008	NUCLEIC_ACID	UGUGGUCCUACUGACGAGCTT
2212009	NUCLEIC_ACID	CGGUGAUUACAGCAACAUATT
2212010	NUCLEIC_ACID	UAUGUUGCUGUAAUCACCGTG
2209510	NUCLEIC_ACID	UUCCUACGUUAUCUCGAGGTG
2209509	NUCLEIC_ACID	CCUCGAGAUAACGUAGGAATT
2209513	NUCLEIC_ACID	CAUCCCUAAUAUUCCUACGTT
2209514	NUCLEIC_ACID	CGUAGGAAUAUUAGGGAUGTT
2209511	NUCLEIC_ACID	CAGGCUAACAAAUCAGUCCTG
2209512	NUCLEIC_ACID	GGACUGAUUUGUUAGCCUGTT
2250582	NUCLEIC_ACID	UAAAUUUUGCACAUUGCGCTT
2250581	NUCLEIC_ACID	GCGCAAUGUGCAAAAUUUATT
2250579	NUCLEIC_ACID	ACCUCCCAAAGGUUUUGGCTT
2250580	NUCLEIC_ACID	GCCAAAACCUUUGGGAGGUTT
2250578	NUCLEIC_ACID	GCGACAUGGUAUGCUUAAGTT
2250577	NUCLEIC_ACID	CUUAAGCAUACCAUGUCGCTG
2479030	NUCLEIC_ACID	AUACUGUUGUAGAAUCUGCTG
2479031	NUCLEIC_ACID	GCAGAUUCUACAACAGUAUTT
2479035	NUCLEIC_ACID	GGACCAUCCAUGUUUGGAGTT
2479034	NUCLEIC_ACID	CUCCAAACAUGGAUGGUCCTT
2479032	NUCLEIC_ACID	CAUACUUUGAACAUUCUGGTC
2479033	NUCLEIC_ACID	CCAGAAUGUUCAAAGUAUGTT
2406562	NUCLEIC_ACID	CUGCCACAAUCAUCCAUCCTC
2406563	NUCLEIC_ACID	GGAUGGAUGAUUGUGGCAGTT
2457565	NUCLEIC_ACID	AGUUGCACGCGCUUAGAACTT
2457566	NUCLEIC_ACID	GUUCUAAGCGCGUGCAACUTG
2504702	NUCLEIC_ACID	CAUUUCUUGGAUCUUCACCTC
2504703	NUCLEIC_ACID	GGUGAAGAUCCAAGAAAUGTT
2011157	NUCLEIC_ACID	UUCUUCUUCCCAUAACUCCTC
2011156	NUCLEIC_ACID	GGAGUUAUGGGAAGAAGAATT
2222884	NUCLEIC_ACID	CCAAUACCAACCCAUAAUCTT
2222885	NUCLEIC_ACID	GAUUAUGGGUUGGUAUUGGTC
2222882	NUCLEIC_ACID	ACUGAACACGUAUGGCAGCTT
2222883	NUCLEIC_ACID	GCUGCCAUACGUGUUCAGUTT
2243726	NUCLEIC_ACID	GAUAUAGAUUUACUUCCGGTT
2243725	NUCLEIC_ACID	CCGGAAGUAAAUCUAUAUCTT
2243723	NUCLEIC_ACID	GCCUUGAACUAAGACUCAATT
2243724	NUCLEIC_ACID	UUGAGUCUUAGUUCAAGGCTT
2243721	NUCLEIC_ACID	CCUAGUCUAGAAUAGGGAGTT
2243722	NUCLEIC_ACID	CUCCCUAUUCUAGACUAGGTG
2211824	NUCLEIC_ACID	CGUGAGUGCAGGUGAAAAUTT
2211823	NUCLEIC_ACID	AUUUUCACCUGCACUCACGTC
2211821	NUCLEIC_ACID	AGACUUUGACGUAACUUGGTG
2211822	NUCLEIC_ACID	CCAAGUUACGUCAAAGUCUTT
2041250	NUCLEIC_ACID	GAUGUUUUUGUGAAACUCCTG
2041251	NUCLEIC_ACID	GGAGUUUCACAAAAACAUCTT
2230162	NUCLEIC_ACID	CGAUGAGUUUGAGCUCACGTT
2230163	NUCLEIC_ACID	CGUGAGCUCAAACUCAUCGTT
2230161	NUCLEIC_ACID	UUCAGAAGUCGCGUCCAGCTT
2230160	NUCLEIC_ACID	GCUGGACGCGACUUCUGAATT
2230158	NUCLEIC_ACID	CGGAGAAGUCCUACCCUGATT
2230159	NUCLEIC_ACID	UCAGGGUAGGACUUCUCCGTT
2367128	NUCLEIC_ACID	CUGACGAUCAGCGAUUAGUTC
2367127	NUCLEIC_ACID	ACUAAUCGCUGAUCGUCAGTT
1980775	NUCLEIC_ACID	AUGGCACAUUCCUUAUUCCTT
1980776	NUCLEIC_ACID	GGAAUAAGGAAUGUGCCAUTT
1980959	NUCLEIC_ACID	AUUCGGUAUGGCACAUUCCTT
1980960	NUCLEIC_ACID	GGAAUGUGCCAUACCGAAUTT
2466772	NUCLEIC_ACID	GCAUAGAAGUAGCAUAGGGTT
2466771	NUCLEIC_ACID	CCCUAUGCUACUUCUAUGCTT
2466767	NUCLEIC_ACID	GCAUAAGGGUGGAAAAUGATT
2466768	NUCLEIC_ACID	UCAUUUUCCACCCUUAUGCTG
2466769	NUCLEIC_ACID	GCAACUGAUCCGAAGGCCATT
2466770	NUCLEIC_ACID	UGGCCUUCGGAUCAGUUGCTT
2250836	NUCLEIC_ACID	CCAAAGAUGGAAUACGUCUTT
2250835	NUCLEIC_ACID	AGACGUAUUCCAUCUUUGGTT
2250840	NUCLEIC_ACID	GGUUAUGACUAAUUUUUCCTC
2250839	NUCLEIC_ACID	GGAAAAAUUAGUCAUAACCTT
2250838	NUCLEIC_ACID	GGCAACAUAGGUCACAGGUTT
2250837	NUCLEIC_ACID	ACCUGUGACCUAUGUUGCCTG
2196600	NUCLEIC_ACID	GCAUGAACUUGGGAAUGUUTT
2196599	NUCLEIC_ACID	AACAUUCCCAAGUUCAUGCTG
2196602	NUCLEIC_ACID	GGUAGGGAUCUUGUUCAGCTC
2196601	NUCLEIC_ACID	GCUGAACAAGAUCCCUACCTT
2196604	NUCLEIC_ACID	GGGACUUUGUUAAAGAUCUTT
2196603	NUCLEIC_ACID	AGAUCUUUAACAAAGUCCCTT
2208073	NUCLEIC_ACID	AUCCCAUCUUCCGAAGUGCTG
2208074	NUCLEIC_ACID	GCACUUCGGAAGAUGGGAUTT
2208077	NUCLEIC_ACID	AACAAUAGAGAGGAUUCGCTC
2208078	NUCLEIC_ACID	GCGAAUCCUCUCUAUUGUUTT
2208076	NUCLEIC_ACID	GCCGUUAUGAGACCUAUAUTT
2208075	NUCLEIC_ACID	AUAUAGGUCUCAUAACGGCTT
2220740	NUCLEIC_ACID	GGAAGAACAUGCGAUAUACTT
2220741	NUCLEIC_ACID	GUAUAUCGCAUGUUCUUCCTT
2220743	NUCLEIC_ACID	UAGUUAGGCAAUCCAAGCCTG
2220742	NUCLEIC_ACID	GGCUUGGAUUGCCUAACUATT
2220739	NUCLEIC_ACID	UAGAUAUGACCUGGGUUGGTG
2220738	NUCLEIC_ACID	CCAACCCAGGUCAUAUCUATT
2203132	NUCLEIC_ACID	UAAAUGAUAUGCGAAGUGGTT
2203131	NUCLEIC_ACID	CCACUUCGCAUAUCAUUUATT
2015640	NUCLEIC_ACID	GAAGUUUCUUCUCCCAACCTG
2015641	NUCLEIC_ACID	GGUUGGGAGAAGAAACUUCTT
2203134	NUCLEIC_ACID	CCAAAUAUUGCAUCGCAUGTT
2203133	NUCLEIC_ACID	CAUGCGAUGCAAUAUUUGGTG
2233739	NUCLEIC_ACID	UUUUGAUCAGUAGGUAUGGTT
2233738	NUCLEIC_ACID	CCAUACCUACUGAUCAAAATT
2233740	NUCLEIC_ACID	GGAGUCCCUACUGAUGUUATT
2233741	NUCLEIC_ACID	UAACAUCAGUAGGGACUCCTG
2013923	NUCLEIC_ACID	GGGAAAGAGUUAGAGACAGTT
2013922	NUCLEIC_ACID	CUGUCUCUAACUCUUUCCCTT
2250422	NUCLEIC_ACID	GCAGUAUCUGCACUCUAGGTT
2250421	NUCLEIC_ACID	CCUAGAGUGCAGAUACUGCTC
2021062	NUCLEIC_ACID	AAGUCUCUCUUCCUUCACCTC
2021063	NUCLEIC_ACID	GGUGAAGGAAGAGAGACUUTT
2021253	NUCLEIC_ACID	UGCCUAAAGUCUCUCUUCCTT
2021252	NUCLEIC_ACID	GGAAGAGAGACUUUAGGCATT
2246455	NUCLEIC_ACID	GGCCACAAAAUCAGGAACCTT
2246456	NUCLEIC_ACID	GGUUCCUGAUUUUGUGGCCTG
2246457	NUCLEIC_ACID	GGACAUGGCGUAUUUUGUATT
2246458	NUCLEIC_ACID	UACAAAAUACGCCAUGUCCTT
2246453	NUCLEIC_ACID	ACAUGAUUCAUAGGCUGCCTG
2246454	NUCLEIC_ACID	GGCAGCCUAUGAAUCAUGUTT
2217688	NUCLEIC_ACID	CGGUGAAAAACAAGCCGAATT
2217689	NUCLEIC_ACID	UUCGGCUUGUUUUUCACCGTC
2217692	NUCLEIC_ACID	GCAGUAGUUAGUCUCUAAATT
2217693	NUCLEIC_ACID	UUUAGAGACUAACUACUGCTT
2217690	NUCLEIC_ACID	GCAUUGAAAACGUGAGAGATT
2217691	NUCLEIC_ACID	UCUCUCACGUUUUCAAUGCTG
2531276	NUCLEIC_ACID	CAACAGACCUAGAACAGGATT
2531277	NUCLEIC_ACID	UCCUGUUCUAGGUCUGUUGTG
2515189	NUCLEIC_ACID	UGCCUGGCCAUGGUAAGAGTC
2515188	NUCLEIC_ACID	CUCUUACCAUGGCCAGGCATT
2520585	NUCLEIC_ACID	AAUCACUCCAUACAGAGGCCG
2520586	NUCLEIC_ACID	GCCUCUGUAUGGAGUGAUUTT
2521727	NUCLEIC_ACID	UCAUAAUUAUCUCACCAGATT
2521728	NUCLEIC_ACID	UCUGGUGAGAUAAUUAUGATG
2518151	NUCLEIC_ACID	UUGCGAACAUUGCCUGUGCTG
2518150	NUCLEIC_ACID	GCACAGGCAAUGUUCGCAATT
2518169	NUCLEIC_ACID	UGAUGAUCAGCAUCAAGGCAA
2518168	NUCLEIC_ACID	GCCUUGAUGCUGAUCAUCATT
2519791	NUCLEIC_ACID	UGAGCAGCAAGGUAGAUUCGT
2519790	NUCLEIC_ACID	GAAUCUACCUUGCUGCUCATT
2522066	NUCLEIC_ACID	UUUUUAAGCCUUUUCAUUGTA
2522065	NUCLEIC_ACID	CAAUGAAAAGGCUUAAAAATT
2555770	NUCLEIC_ACID	UACUACUUGAGGAUCCUGCCT
2555769	NUCLEIC_ACID	GCAGGAUCCUCAAGUAGUATT
2539583	NUCLEIC_ACID	UAUUCUUUGGGAUAAAUUCAT
2539582	NUCLEIC_ACID	GAAUUUAUCCCAAAGAAUATT
2555632	NUCLEIC_ACID	UUUCCGUCCAAUCAGCCUCTT
2555631	NUCLEIC_ACID	GAGGCUGAUUGGACGGAAATT
2521924	NUCLEIC_ACID	UAUCCAGUCAAAGAGGCGGCT
2521923	NUCLEIC_ACID	CCGCCUCUUUGACUGGAUATT
2521629	NUCLEIC_ACID	GGUUCCAUCUUACUUGUCATT
2521630	NUCLEIC_ACID	UGACAAGUAAGAUGGAACCCA
2539298	NUCLEIC_ACID	GUCCAAGCCUUAAACAUCATT
2539299	NUCLEIC_ACID	UGAUGUUUAAGGCUUGGACGT
2520927	NUCLEIC_ACID	CAACCUGCCGGAGUCUAGATT
2520928	NUCLEIC_ACID	UCUAGACUCCGGCAGGUUGAT
2555768	NUCLEIC_ACID	UUAACAAUGAAACAAAUCACA
2555767	NUCLEIC_ACID	UGAUUUGUUUCAUUGUUAATT
2515229	NUCLEIC_ACID	UCCAGUUCAGCAUUCUCUCGT
2515228	NUCLEIC_ACID	GAGAGAAUGCUGAACUGGATT
2555642	NUCLEIC_ACID	UAAGAUGCCAUCAUGGGAGAG
2555641	NUCLEIC_ACID	CUCCCAUGAUGGCAUCUUATT
2555694	NUCLEIC_ACID	UUUGGGUAACUGCUAUUGGGA
2555693	NUCLEIC_ACID	CCAAUAGCAGUUACCCAAATT
2555745	NUCLEIC_ACID	GGCAAACCGUUGGAACCAATT
2555746	NUCLEIC_ACID	UUGGUUCCAACGGUUUGCCTT
2517307	NUCLEIC_ACID	UCAAUCUCCAUUGCUAUGGGT
2517306	NUCLEIC_ACID	CCAUAGCAAUGGAGAUUGATT
2537974	NUCLEIC_ACID	AUAGGAAUGUGAUCAGUAGAA
2537975	NUCLEIC_ACID	CUACUGAUCACAUUCCUAUTT
2516596	NUCLEIC_ACID	GAGUUCUGGGCAAAACUUATT
2516597	NUCLEIC_ACID	UAAGUUUUGCCCAGAACUCGG
2516572	NUCLEIC_ACID	GCAUGAUCUUUAGCCGAGATT
2516573	NUCLEIC_ACID	UCUCGGCUAAAGAUCAUGCCA
2520990	NUCLEIC_ACID	GGAGGACUGUUGGAAUUGUTT
2520989	NUCLEIC_ACID	ACAAUUCCAACAGUCCUCCCA
2521616	NUCLEIC_ACID	UUCAGAGUCAGAUUGCUGATG
2521615	NUCLEIC_ACID	UCAGCAAUCUGACUCUGAATT
2538202	NUCLEIC_ACID	UCUUCGUGGUCACCAGUAATT
2538203	NUCLEIC_ACID	UUACUGGUGACCACGAAGATG
2530099	NUCLEIC_ACID	GGACAAUUCGGGAAAUUGUTT
2530098	NUCLEIC_ACID	ACAAUUUCCCGAAUUGUCCCT
2520650	NUCLEIC_ACID	UAGGUAAAGAGCAAAUGGGTT
2520649	NUCLEIC_ACID	CCCAUUUGCUCUUUACCUATT
2538070	NUCLEIC_ACID	GCAUAGUGGGUGACUAUCATT
2538071	NUCLEIC_ACID	UGAUAGUCACCCACUAUGCGG
2538103	NUCLEIC_ACID	UCUUGAAUGAGUGGAACUGCG
2538102	NUCLEIC_ACID	CAGUUCCACUCAUUCAAGATT
2540859	NUCLEIC_ACID	GGCGAAUACAGAUCACAAUTT
2540858	NUCLEIC_ACID	AUUGUGAUCUGUAUUCGCCTC
2531744	NUCLEIC_ACID	CAACAGCGAUUUGAUGGAATT
2531745	NUCLEIC_ACID	UUCCAUCAAAUCGCUGUUGAA
2542443	NUCLEIC_ACID	GGUACACUCUGUGUGCCCATT
2542444	NUCLEIC_ACID	UGGGCACACAGAGUGUACCGT
2531550	NUCLEIC_ACID	ACGGUGAAGAAUAAAAUCCAT
2531551	NUCLEIC_ACID	GGAUUUUAUUCUUCACCGUTT
2541057	NUCLEIC_ACID	CAUCACCACUAGCAGCAUATT
2541058	NUCLEIC_ACID	UAUGCUGCUAGUGGUGAUGCT
2555546	NUCLEIC_ACID	GGCUUGAACCUUCAAAGCUTT
2555545	NUCLEIC_ACID	AGCUUUGAAGGUUCAAGCCAG
2521757	NUCLEIC_ACID	AUCGCUGUUAAGAAGCUCCAG
2521758	NUCLEIC_ACID	GGAGCUUCUUAACAGCGAUTT
2555705	NUCLEIC_ACID	GGUAGACCUUUAUUGGGUATT
2555706	NUCLEIC_ACID	UACCCAAUAAAGGUCUACCAT
2542413	NUCLEIC_ACID	CUGGAAUGGUUGUCUGGUATT
2542414	NUCLEIC_ACID	UACCAGACAACCAUUCCAGCA
2513007	NUCLEIC_ACID	UGUGGAAUCGGUAGUUUCGGA
2513006	NUCLEIC_ACID	CGAAACUACCGAUUCCACATT
2520570	NUCLEIC_ACID	UGAGUGUUCACUGGUCUUUCT
2520569	NUCLEIC_ACID	AAAGACCAGUGAACACUCATT
2520566	NUCLEIC_ACID	UUCCUUGCGAGCAGCAGUUTA
2520565	NUCLEIC_ACID	AACUGCUGCUCGCAAGGAATT
2519810	NUCLEIC_ACID	GAAAGGAUCAGUGUCGAUATT
2519811	NUCLEIC_ACID	UAUCGACACUGAUCCUUUCTG
2540444	NUCLEIC_ACID	GCAAAGAUGUUGAGAAGGATT
2540445	NUCLEIC_ACID	UCCUUCUCAACAUCUUUGCAT
2531508	NUCLEIC_ACID	CCACUAUGGGUAAUUUAAATT
2531509	NUCLEIC_ACID	UUUAAAUUACCCAUAGUGGAG
2520058	NUCLEIC_ACID	UUGAAUGCUACAGUCAUUGGG
2520057	NUCLEIC_ACID	CAAUGACUGUAGCAUUCAATT
2516728	NUCLEIC_ACID	AAAGUUCCAAGAAGUUCCCAG
2516729	NUCLEIC_ACID	GGGAACUUCUUGGAACUUUTT
2519821	NUCLEIC_ACID	GAGACAGAGUAGUCAAAUUTT
2519820	NUCLEIC_ACID	AAUUUGACUACUCUGUCUCCA
2540460	NUCLEIC_ACID	GCCUUAUGAAGAGUACCUATT
2540461	NUCLEIC_ACID	UAGGUACUCUUCAUAAGGCTG
2520051	NUCLEIC_ACID	GCCCUGAUUUGUGCAAUGATT
2520052	NUCLEIC_ACID	UCAUUGCACAAAUCAGGGCTG
2542309	NUCLEIC_ACID	AAAGGGAUCACUCGGCCGUCG
2542310	NUCLEIC_ACID	ACGGCCGAGUGAUCCCUUUTT
2516507	NUCLEIC_ACID	UUCUUAUCAGUAUUGGUACTA
2516506	NUCLEIC_ACID	GUACCAAUACUGAUAAGAATT
2515133	NUCLEIC_ACID	UGUUGGAGAAGAGCCACAGGG
2515132	NUCLEIC_ACID	CUGUGGCUCUUCUCCAACATT
2555555	NUCLEIC_ACID	GAACGGAGCUUUGACUGUATT
2555556	NUCLEIC_ACID	UACAGUCAAAGCUCCGUUCCT
2539415	NUCLEIC_ACID	UCGUUAUCAAACUCGAUCCGC
2539414	NUCLEIC_ACID	GGAUCGAGUUUGAUAACGATT
2551019	NUCLEIC_ACID	UCCUCCGCCUGGAAACUCATT
2551020	NUCLEIC_ACID	UGAGUUUCCAGGCGGAGGAAG
2522968	NUCLEIC_ACID	UAUAGAUUGUCGUUGGAUGGT
2522967	NUCLEIC_ACID	CAUCCAACGACAAUCUAUATT
2557978	NUCLEIC_ACID	AUAGUCUCUCCGGCAGAGCTT
2557979	NUCLEIC_ACID	GCUCUGCCGGAGAGACUAUTT
2557834	NUCLEIC_ACID	AAACUAAUCUUAACCCUGUTT
2557835	NUCLEIC_ACID	ACAGGGUUAAGAUUAGUUUCA
2524764	NUCLEIC_ACID	GGCAAUCACUGGUUCGUCUTT
2524763	NUCLEIC_ACID	AGACGAACCAGUGAUUGCCGG
1966422	NUCLEIC_ACID	GGUCAGAAGUGGCAAUGAATT
1966423	NUCLEIC_ACID	UUCAUUGCCACUUCUGACCTG
2521505	NUCLEIC_ACID	GGAAUGCAAUUCUCAGAGATT
2521506	NUCLEIC_ACID	UCUCUGAGAAUUGCAUUCCCT
2526483	NUCLEIC_ACID	GGACAGACCAAGAGAAUAATT
2526484	NUCLEIC_ACID	UUAUUCUCUUGGUCUGUCCTG
2551185	NUCLEIC_ACID	CCGAAAGAAUUAUCGCAAATT
2551186	NUCLEIC_ACID	UUUGCGAUAAUUCUUUCGGGC
2551215	NUCLEIC_ACID	AAAGUAACAGUGCCUAUUCCA
2551216	NUCLEIC_ACID	GAAUAGGCACUGUUACUUUTT
2552574	NUCLEIC_ACID	UAUGUUCACUCCGUACACCAA
2552573	NUCLEIC_ACID	GGUGUACGGAGUGAACAUATT
2558018	NUCLEIC_ACID	CAGUUCAAGUGACAGCGAATT
2558019	NUCLEIC_ACID	UUCGCUGUCACUUGAACUGCT
2556030	NUCLEIC_ACID	UCUUUGAGCACAAAGACGATG
2556029	NUCLEIC_ACID	UCGUCUUUGUGCUCAAAGATT
2551323	NUCLEIC_ACID	UAUGAAUGAAGCAUCUUGAAT
2551324	NUCLEIC_ACID	UCAAGAUGCUUCAUUCAUATT
2515140	NUCLEIC_ACID	GCAUUGAGACUACAGGGAATT
2515141	NUCLEIC_ACID	UUCCCUGUAGUCUCAAUGCCC
2552708	NUCLEIC_ACID	CCACUUCCGGAUGACCAUUTT
2552707	NUCLEIC_ACID	AAUGGUCAUCCGGAAGUGGTA
2536116	NUCLEIC_ACID	CAAACCUAUACAUCUCAAATT
2536117	NUCLEIC_ACID	UUUGAGAUGUAUAGGUUUGTT
2551694	NUCLEIC_ACID	UCACCGAUCACUUCAUCUGGT
2551693	NUCLEIC_ACID	CAGAUGAAGUGAUCGGUGATT
2527249	NUCLEIC_ACID	GCAUGUAGCUGCAAUACAATT
2527250	NUCLEIC_ACID	UUGUAUUGCAGCUACAUGCAA
2551543	NUCLEIC_ACID	CAAAGGAAUUUUGAAGUCATT
2551544	NUCLEIC_ACID	UGACUUCAAAAUUCCUUUGGT
2536067	NUCLEIC_ACID	UCCAUUUUGAUCAUGGUGGGT
2536066	NUCLEIC_ACID	CCACCAUGAUCAAAAUGGATT
2535029	NUCLEIC_ACID	UUCUUGUCUCAUAUCCUCCAG
2535028	NUCLEIC_ACID	GGAGGAUAUGAGACAAGAATT
2526897	NUCLEIC_ACID	CUCCCGCAGUUGAACAUCATT
2526898	NUCLEIC_ACID	UGAUGUUCAACUGCGGGAGGG
2045852	NUCLEIC_ACID	AUUGGGUUGAUAGAUGCGCTC
2045853	NUCLEIC_ACID	GCGCAUCUAUCAACCCAAUTT
2531338	NUCLEIC_ACID	GGAUCACACGCAUCCAUGATT
2531339	NUCLEIC_ACID	UCAUGGAUGCGUGUGAUCCAG
2512883	NUCLEIC_ACID	UUGGUACUCAUGUCAACACAG
2512882	NUCLEIC_ACID	GUGUUGACAUGAGUACCAATT
2511604	NUCLEIC_ACID	CCUGCGUCUCUACAACUAUTT
2511603	NUCLEIC_ACID	AUAGUUGUAGAGACGCAGGAT
2541184	NUCLEIC_ACID	UGCACGUUCAUUUCGAAACAT
2541183	NUCLEIC_ACID	GUUUCGAAAUGAACGUGCATT
2514373	NUCLEIC_ACID	UCGUACGCUGAACGCGUAUTT
2514372	NUCLEIC_ACID	AUACGCGUUCAGCGUACGATT
\.


--
-- Name: chemical_structure_chemical_structure_id_seq; Type: SEQUENCE SET; Schema: public; Owner: gathmann
--

SELECT pg_catalog.setval('chemical_structure_chemical_structure_id_seq', 1, false);


--
-- Data for Name: chromosome; Type: TABLE DATA; Schema: public; Owner: postgres
--

COPY chromosome (chromosome_id, species_id, name, sequence) FROM stdin;
\.


--
-- Name: chromosome_chromosome_id_seq; Type: SEQUENCE SET; Schema: public; Owner: postgres
--

SELECT pg_catalog.setval('chromosome_chromosome_id_seq', 1, false);


--
-- Data for Name: gene; Type: TABLE DATA; Schema: public; Owner: postgres
--

COPY gene (gene_id, accession, locus_name, species_id) FROM stdin;
\.


--
-- Data for Name: sequence_feature; Type: TABLE DATA; Schema: public; Owner: postgres
--

COPY sequence_feature (sequence_feature_id, start, stop, strand, sequence_feature_type) FROM stdin;
\.


--
-- Data for Name: chromosome_gene_feature; Type: TABLE DATA; Schema: public; Owner: postgres
--

COPY chromosome_gene_feature (gene_id, sequence_feature_id, chromosome_id) FROM stdin;
\.


--
-- Data for Name: transcript; Type: TABLE DATA; Schema: public; Owner: postgres
--

COPY transcript (transcript_id, accession, species_id) FROM stdin;
\.


--
-- Data for Name: chromosome_transcript_feature; Type: TABLE DATA; Schema: public; Owner: postgres
--

COPY chromosome_transcript_feature (transcript_id, sequence_feature_id, chromosome_id) FROM stdin;
\.


--
-- Data for Name: molecule_type; Type: TABLE DATA; Schema: public; Owner: postgres
--

COPY molecule_type (molecule_type_id, name, description, thaw_time, default_stock_concentration) FROM stdin;
AMPLICON	Amplicon	PCR reaction product	0	5.00000000000000024e-05
SIRNA	siRNA	short double-stranded RNA (typically 21 bps), can have overhang DNA bps (typically symmetrical 2 bps), used for gene knockdown experiments	0	5.00000000000000024e-05
LONG_DSRNA	Long dsRNA		0	5.00000000000000024e-05
ANTI_MIR	Anti-miR	Anti-miRs are chemically engineered oligonucleotides that specifically silence endogenous miRNAs	0	5.00000000000000024e-05
CLND_DSDNA	Cloned dsDNA	This molecule has a DNA fragment inserted into a cloning vector (usually a plasmid, but can also be, for example, a cosmid). This circular, double-stranded DNA molecule is also known as a construct. The cloning vector sequence is considered as packaging (represented in the DB as a modification).	0	5.00000000000000024e-05
MIRNA_MIMI	miRNA Mimic	miRNA mimics are synthetic double stranded, RNA oligonucleotides	900	5.00000000000000024e-05
MIRNA_INHI	miRNA Inhibitor	miRNA inhibitors are synthetic single stranded, modified, RNA oligonucleotides	900	1.00000000000000008e-05
COMPOUND	Compound	substance consisting of different elements chemically bonded together in fixed proportions	0	0.0050000000000000001
ESI_RNA	esiRNA	esiRNAs are enzymatically cleaved long dsRNAs, similar to a pool of siRNAs	0	3.80000000000000004e-06
SSDNA	ssDNA	single-stranded DNA (e.g. PCR primer)	0	0.000100000000000000005
\.


--
-- Data for Name: molecule_design; Type: TABLE DATA; Schema: public; Owner: postgres
--

COPY molecule_design (molecule_design_id, molecule_type, structure_hash) FROM stdin;
10282078	COMPOUND	17917d10da79bc054bfbac971d54114c
10282118	COMPOUND	43898e50467bbe2a24d537aecfe5e296
10281863	COMPOUND	55b73d1ba1c2616e2b25959dad727b4f
10282151	COMPOUND	1ab2d5f090509bc1195872b3a5b567eb
10282147	COMPOUND	236e77079e1e770ba2d5a6e52325d6b6
10281987	COMPOUND	1bb5f21feaf220b5f7ec07fef4ff8852
10281991	COMPOUND	f4ca1e06749029f187b85b3c86810f1a
10281847	COMPOUND	0212565283d7a44e4f4dc1d3b5f3edd6
10281811	COMPOUND	28ad0854a5c8b82386687468ed113369
10281809	COMPOUND	96505b8b5641c35bba713ac6091fdf1f
10282031	COMPOUND	5cd0a90e361e9a6afee826bfa5d1a1b8
10282029	COMPOUND	b21d84b795b8a3ca80ff1a022e84e66c
10282149	COMPOUND	e8b2f1984224cda4795e51496ba9234e
10282120	COMPOUND	cf93cbf6762fae8253ed693837245ee4
10282082	COMPOUND	4c1f4bb7789458a11de5b39b722050c0
10282027	COMPOUND	cc0b44956a870ea7510d118f8315b126
10281849	COMPOUND	549c844dd5feb5cd94bd85f15333937a
10281851	COMPOUND	5a7535cd86d35a3864c2d5f86c33bbfa
10281993	COMPOUND	1f4cdb9fe9d31dea75a6ba604015883b
10282084	COMPOUND	a373adc0d9318daae1127193a4286a8f
10281807	COMPOUND	e69cb612d88d1a0cfc316abccc8409b1
10282035	COMPOUND	0ae8cd622f30a4c9ff0bc57d014ab5b5
10282033	COMPOUND	f8ed988c8099301e9782c268329e6035
10281560	COMPOUND	0b4362467eeb4983dfb98137944f730d
10281564	COMPOUND	30d13635bed1883fed2a97f4d6fc6d10
10243989	COMPOUND	99a8618db66bbbe08cecf44308c7930f
10242330	COMPOUND	2c7b517912c0d6941eade4e0ab24890a
10281556	COMPOUND	4fd1680ba501c94400b5dc32d64dd15a
10282090	COMPOUND	de36801260797ed5e96c5e316e3eb0ac
10282088	COMPOUND	1638a05cbc59555fe9b1d90ad58bf55f
10282122	COMPOUND	ed4fd16f27d21d166708dac0173a0b29
10282124	COMPOUND	5477ba313987fc8bacd313622623b240
10282092	COMPOUND	c132ab47b8639e2df1c935fa7fe9340e
10282094	COMPOUND	61068c138975e84bef021d8fc4dea2e1
10243998	COMPOUND	16c7a02f3a13212f7da52d67b9248c01
10282042	COMPOUND	91088eff7d3ee62aeb9a60cea8368dff
10282040	COMPOUND	ff0fbd50834001a236871a1a2596a130
10244019	COMPOUND	07417e8a80333266f47f7299642f65f3
10282130	COMPOUND	1e54fda9dfec5c0261bbcbc3c63a4942
10282126	COMPOUND	88bc744471dbeb3f664fa21e570c4fb4
10242287	COMPOUND	0b100ccaab675bd7206a14ff6244b2c5
10243995	COMPOUND	bbe0f3210403d3295fd7c5fcdde6804d
10394687	COMPOUND	8b2c6977160f0cc650015b232aa1dafa
10407250	COMPOUND	8819935005a9ebc2929967520bbf0223
10394714	COMPOUND	6c4c9870b8c0289c56a58b037d737a81
10394712	COMPOUND	61bed0b51865f471d6af6cd180028ee3
10394683	COMPOUND	dae8723fb7ceb1a3678dd937721e918c
10394742	COMPOUND	7448cc417565c888d28805593e3aa76b
10394744	COMPOUND	bd30e9980fec8cf4d2de45aacf134b15
10241353	COMPOUND	bc20e4ae66320bfdae5cfd719800acfe
10394685	COMPOUND	176605675adb649563cfa7fddceaa7a2
10394740	COMPOUND	0ddc9fdc75f459652d12d0836219615d
10239091	SSDNA	907d32b0578f7a2170d97a6dbb3d7680
10239090	SSDNA	97e3fd8cd39465beff24f62d5cc587fc
10405802	SSDNA	cfd6315135b6332b7d3d4a5b49e2dc57
10405804	SSDNA	0c789592d232008d4eca12cf9387e3b1
10405788	SSDNA	27e31c379a1b0b8a163cd8306b01efdb
10405787	SSDNA	b264822e11e61b40005c1b58055e2245
10235318	SSDNA	f15450e6898a529965c778cf6c670955
10235319	SSDNA	acb6fbbf2908d95c731c5180a4c5864d
10405825	SSDNA	954c34d7400e7b6fa6064fb6e4097691
10405823	SSDNA	fdece99c8c9be4ddebe427c11f6348d0
10406209	SSDNA	bccbde2d824edfa15d8bd833aebca9af
10406210	SSDNA	144fb4b0184c7bd42824e625448704d8
10405979	SSDNA	4534ff06b812af88300b953200293da2
10405980	SSDNA	8c7a6565288cd80f657da25b06a986a8
10405870	SSDNA	fad86b24c036dd804656eba32190270a
10405871	SSDNA	5440bb567c36a73622fab2f2fa339e58
10405875	SSDNA	f48bba48f6608f6bfa71be8c7ab6d5a2
10405874	SSDNA	178c918c11ac606ef7cc8e9ccacded39
10405967	SSDNA	459926b974f20ef56e4e0c90ceb773da
10405965	SSDNA	dce6420ccc52ec14bddee69547e2b356
10405810	SSDNA	53be03d1a36e7724a72cba8593599ada
10405809	SSDNA	1f381bd96873d3b7e2c575b9a4019180
10406018	SSDNA	03904339e80a30a07f0caa412aaa90b2
10406019	SSDNA	bc6cd4e9c848375409b0ba96186c5c82
10237759	SSDNA	9ac737ba05b144eb61c71b5728267b6e
10200400	SSDNA	93b6e509ea0b899f242d75fa2e3a1ccb
10246832	SSDNA	de6730fc7a7b82942b0cffe5ff065f36
10246831	SSDNA	720d4075bc03cfbdfb7c81dcd63273b9
10238339	SSDNA	d67cfe491b4fbe059f756be5a329eb77
10238340	SSDNA	a8a6ced7dee8dfa7181e0d3aadd633f6
10405815	SSDNA	fc6118b3a9d2515ef034a3d5e7ba9216
10405814	SSDNA	cf57fe41eb47f9f7084be12289b05208
10405993	SSDNA	d255276e06d2bb165e53f190613db54a
10405994	SSDNA	8abba358e7fadec3fb2c35658b5b6821
10240762	SSDNA	765f8f2514475f19cb86f8f5bd549451
10240761	SSDNA	5411f890a6d1bdc1addf0ca988b83a06
10405808	SSDNA	e8e4a40cde43bbb97746c911faa919ea
10405807	SSDNA	016cde1fb8ecb5d23ced33f441f9c1be
10239043	SSDNA	3a130ae46cdc981fa4af0b63eeaa8bc9
10239042	SSDNA	87c8b680d8b861d746168f332afca178
10201319	SSDNA	1fe7b8228584a96dd2b2789e221e065d
10405774	SSDNA	2b6b8ed8b1406be07684db7650c862d2
10235632	SSDNA	4b2e4e6b3eb070d970b40f2f72b2e7c1
10235633	SSDNA	58064911c2ba46a305d7960dbe67a6ff
10406041	SSDNA	1465271619dbab79c958a6fef30e9daf
10406042	SSDNA	ab384bf0527293d1e9e2b307d05a7ea0
10405831	SSDNA	578699ca9ce861529b773112cf6dda36
10405830	SSDNA	f92c8c24774bbd81afa980a35a688efe
10405776	SSDNA	68887a24c0670798eae9f110037601e5
10405775	SSDNA	e04e773ce64774466f946021e7c36b2b
10405880	SSDNA	d7238d0e4f23f88ffac9fd884122f29b
10405881	SSDNA	3fd05b64acbe2bd1247e455ebc0efb5e
10406096	SSDNA	4b2e1da67cb65cccd1125bff030d182a
10406097	SSDNA	1c63e7a975cab1b0f9a80df42acdb2cb
10405755	SSDNA	bdf233929d9c7cfd08e28319d0ad66ee
10405754	SSDNA	9d39c47a2e420b015388457e7c92e30a
10405928	SSDNA	4f94d9fd7e337ef5994f16a4a8938d7e
10405929	SSDNA	2fecbaf4a7784d8fc79fe7a92ee0a78d
10405836	SSDNA	448bfc4cb2c1520111486c704d657691
10405837	SSDNA	154bf311bd4bf8917e91dd9459343815
10405856	SSDNA	bb90791fd49f7c4dcb8ecc8eee92a0a8
10405857	SSDNA	84c50360751d2f041676c636b7fed8f9
10405845	SSDNA	3e09c64df0e24d0b05a4753d7b950b14
10405844	SSDNA	639f7e10b5f957bad12ec2121e7ef8cb
10405854	SSDNA	766960333f040cbd12c15d35737b4665
10405853	SSDNA	24510ad944efd90a172ff252630b65b1
10200375	SSDNA	9863bd92e6b8a61b8c3b3de819c339fe
10200374	SSDNA	6d8cf9738b484186c5c69bd4f3918003
10406038	SSDNA	3fa350f473865d0cbf1741a8bfaffc02
10406039	SSDNA	e0fc06f282f7505c30d665c408cc5b54
10406000	SSDNA	aabb725af13863d0778973ffcf4fa6e3
10406001	SSDNA	987a32d6a271b3602f63af215b9f1429
10205613	SSDNA	b62950148bae5aa7cf7ba4a1b356c1e2
10405900	SSDNA	adb7a01eba60694eeccf31fb5dc1478b
10406075	SSDNA	2bc6167885d6cf4a683c61ff7850c9d2
10406074	SSDNA	b32d19ea4eb87bec372d49418614baa2
10405835	SSDNA	19af90c342a486f322b5768daf47c860
10405834	SSDNA	921d2cc603c1ef66f1f3d778727b5631
10405859	SSDNA	569ef5422554bb8757b64e4e86f4947f
10405860	SSDNA	a82ab86af1c7e7fccb799200ec25430f
10201228	SSDNA	310968bc2d22ac10c4ea5b921c2b2616
10201229	SSDNA	b81078ae54564be54968af4760a695f3
10405753	SSDNA	023418dbf5e36e0a9396c0a093744f9d
10405752	SSDNA	8d83c966e0a155958d6d4543ef92058f
10405893	SSDNA	9566f1ae410446f0d72b26b20c703040
10405892	SSDNA	f405b3b8427c351537f7a118d991ad3b
10405838	SSDNA	81fc28de137c444fecdd5d893ecbbefd
10405839	SSDNA	45af5366d141edeb68cec2c9c355ea9a
10405833	SSDNA	bb47fee72c4976bb45bbf8ec84d26184
10405832	SSDNA	778aac08cd7702d1a90cb092b6e4c939
10234925	SSDNA	79b995962ae8257727af54d3717dc60b
10234924	SSDNA	e5632d02a73b8aaa9df203f265e0c8cc
10200821	SSDNA	65cd746c7f55f248891916a3ef1410e6
10200820	SSDNA	7f9196e9dcbbaf167a50f2fe7fbd6c03
10401417	SSDNA	be0ffaa95e058c2e9248aa56af8843de
10401416	SSDNA	5ba4122e5932be257eb7baa7b0e96dae
10242159	SSDNA	41e8ba36ad91dccb39671b93597165ef
10242160	SSDNA	1262e5f34c31498ebe89c278e0ff1ba8
10377498	SSDNA	56661e02757ddda01c2442ee5bc0cc8b
10377497	SSDNA	8353489a1b94aaa28a260104978bfa36
10405768	SSDNA	beb6c3c17719ede899dd62ee03154776
10405767	SSDNA	3b2dcb2fa581907b652cfdab5c745966
10235024	SSDNA	921492cd0cdec2aa1ce828a60baabafd
10401421	SSDNA	13fa338fadb056b48ecdf2209f27a6a4
10377531	SSDNA	b0a631847b8cd421a426e6a124c9e3cb
10377532	SSDNA	80e8995293b94d5868443f88a6a5df61
10406460	SSDNA	9c0f5d86ab12cc833fa297319fa47ad2
10406459	SSDNA	4a27ef386b8104133a3fb9942c49d233
10406017	SSDNA	b8acfdfa6a77f92095bf4b7cb059e200
10406015	SSDNA	9e78d4ad1904395000901c5989272f07
10278304	SSDNA	e1b0b4176c475d427e7b67e78a1ca5d6
10278305	SSDNA	63c4fc4c6fc20ea86ff5900d7d07e669
10405454	SSDNA	476b3b2a88a706018a5a350620aa13d1
10405455	SSDNA	c27f9d505f1e23cff1c66aaabb99cd19
10238042	SSDNA	e2d494cb04cf3df44502f44d08572673
10238043	SSDNA	b84a1c97ccd2725c9dbb809d3f8f2079
10405483	SSDNA	3b3c1bc4fb37e162c83afdeba2cd85a2
10405484	SSDNA	8afeb2d0dc9c4d3445b9aad5248b57e4
10405970	SSDNA	0e062301c07caf3524ec0b8d280ea160
10405969	SSDNA	f11ecb56a9e16be98dfd1739f2c23046
10278043	SSDNA	ca7d91fb95ec7bb9363af16330eaea40
10278042	SSDNA	0aaceee61c88727ec56465df23cfaaff
10406113	SSDNA	187f429e51466784fb332f1a31d18509
10406112	SSDNA	0f849f5a41662ede821f423ce07b6fb6
10247908	SSDNA	fb6667c3f7f6afc964333adb1780351c
10201132	SSDNA	433489afec0a437fe5d92406652d3752
10396410	SSDNA	f5ea03c42759427056b04d67e9f29a11
10396408	SSDNA	f04fd7b8f1be9f987541aa262d788d11
10396430	SSDNA	d20e1317b82846d1fa3fcdca2cb1d50d
10396429	SSDNA	943dc7172e217824779c09892435530d
10405781	SSDNA	acb69eca8c949bc39b1e4d08ef3243ae
10405782	SSDNA	149cd4ce3285ff3edcefb60cb9b8380e
10405818	SSDNA	f22373291eae3eda6a6a9dc5a290de27
10405819	SSDNA	8c29e2751478538d6256886585f8a6ab
10240422	SSDNA	6e47026773617615cf3c74ba911b32db
10240423	SSDNA	44f85fe6c918a33cfea5b0eaef45ba18
10405701	SSDNA	3317075eca17e6753a859d7df874dcd7
10405700	SSDNA	c57bfdf7c3666409cc40f23a85174f4c
10405693	SSDNA	387198552d1dfd9c10607f0dde53734c
10405694	SSDNA	f9f1f4bcae9996add43b77a2d1f4f577
10241134	SSDNA	0d5f19e389a72e71179a7bc919d1ea9a
10241133	SSDNA	2a6654267d67689c799fb128f79e0346
10405698	SSDNA	761ba2cd6dfe370e5111e2b9d690f13a
10405697	SSDNA	fcf4f6f9ed2b111fc007cb2255ecd2c9
10205440	SSDNA	70cf1798cb58c895926421d669f13315
10205439	SSDNA	f2ae6316d215696fb14f862a374dd870
10405499	SSDNA	d5b9c3f057dc6a5969bfad2f2fc858eb
10405498	SSDNA	e2653482af3e1d95089a686019dd2625
10406021	SSDNA	c8c8250b1ec110cfb8e999d0ae375cd5
10406020	SSDNA	401b92e7b08e56fd574bea82967d9591
10406286	SSDNA	fec8430719e3178aa65803bb49413ad3
10406285	SSDNA	dc1d393f417655bdb212e492f7fee219
10405779	SSDNA	6353965d4e39f289ee49555ce0efaca5
10405778	SSDNA	5ef142223ab8492562af6992b352474d
10205829	SSDNA	f83613ffc7cd43455077fe95c830e005
10205830	SSDNA	5cb7933d1dab80559f0fa5b9f1563ff2
10397092	SSDNA	430685383258b8b7d87e20b43b91b09a
10397091	SSDNA	80dce522fe34e35efda175d2c67544e0
10205600	SSDNA	92a7b82edc6f161e3a9c624ccedff26c
10205599	SSDNA	09002d94c701853a8564694436391436
10406002	SSDNA	471dbe7d53262e82f2fe32a4d5b7d3f1
10406003	SSDNA	827b997139017efe815191b6a9c3981c
10396381	SSDNA	18ddf6746f59dc9775b11bc9e30a8b32
10396382	SSDNA	8a5f83df98381135f2a855c2e2f08af3
10235678	SSDNA	11a11e2ec42566d42a7d34ea21dd0b10
10235677	SSDNA	dcaf2d0e6c69624be1f0c3bb203f0c2e
10407228	SSDNA	3a8351787da4880a4926fbdd23067a77
10407227	SSDNA	eb2fadb92eca1ab99f3a1705f1687b2a
10405746	SSDNA	639831405ee4735e77f41dfb7d797231
10405745	SSDNA	b36a1e81d19e1e2a7ff366ca39658203
10407116	SSDNA	efe8dae3106a02d23e21a1a005560d12
10407115	SSDNA	af7cd376103bc32e746021150081cd9f
10238388	SSDNA	48df5ab1ba10ab8c6d91b26eb0cf5b18
10238387	SSDNA	a0cc3210637ac6ec6428061ca3dd5ab0
10247007	SSDNA	0faf1362eceae725059afe1d17aeeff6
10247008	SSDNA	9ce551999f3ac789572e3a86375186cd
10377621	SSDNA	42c9180e4568dba726d48e918529a572
10377620	SSDNA	ff3c3a2059b5c7922c1771c869433c16
10331830	SIRNA	14924faec30b03226b3e8eda0de20d8e
10313957	SIRNA	d609d9f705023d197f131d901c369587
10318682	SIRNA	a9397a4f0bcfaa250327adb84ceaca74
10315894	SIRNA	1fb792becca7f2eb5a3de6d19abaec9e
10342212	SIRNA	ccc7def0bb5f5450fa984d4a65f9511c
10319152	SIRNA	61571748969377954db9ee2f8e8e5da0
10334208	SIRNA	284872b74cce4a90f7181451266c973c
10326189	SIRNA	35ac25381d0e901075a3907672e54c27
10336791	SIRNA	716d8aea7d18beded1c0d9d21c0687c8
10319495	SIRNA	ca998858f4dcfc08652b5a7a3d4ca0cb
10313112	SIRNA	750b2f23ca9f063ab0ee4284a396aa19
10341902	SIRNA	aeffdf54126b381496e8d49a3edf96c7
10334650	SIRNA	76deaaa7ea04fecfcf85dddc88e44b87
10340266	SIRNA	1162436962d2c2a0cb8a95a21987b67c
10335857	SIRNA	9e59a63a9be77b334e08356f0c99339a
10318600	SIRNA	648d069ca22ef954be87df4e6dd57e20
10331921	SIRNA	d9f8bca0732d145786b92788db0d27f9
10314049	SIRNA	925c2dffd4f53a5bff12a3eee60a7f1d
10343388	SIRNA	a881289d56c4c8a7bce5c0b7d481c2fb
10313472	SIRNA	00bb856e318adc7ac3d91e785fbfd599
10331183	SIRNA	7b2296751f757b95e913865415c10bb4
10315483	SIRNA	9e287110dcea9f97342938849fbdbd7b
10340896	SIRNA	12c8be56c5161d0d3a32c6e1773332bc
10317639	SIRNA	a38cf6a8a7c7319cbf6dc0624c2097d7
10338880	SIRNA	c53cdc2889db73ba9effb03e363bd79e
10317009	SIRNA	6594717796ad3cd86ea8c62114ce8718
10325157	SIRNA	a09c034537998023f36c074cfc06907b
10324426	SIRNA	b39600ae52849d67849b046456aca3fe
10328301	SIRNA	0b98c2162747da6b333bd79689f8ef58
10320809	SIRNA	4108fb8ba9f0e70a32e874dcc324705b
10322619	SIRNA	062fd9a294116e41d1e8126741e06694
10329764	SIRNA	0887aa9b45c8195617ec19db185bdd90
10319940	SIRNA	951a6e1f36849aa5682c144dd9ddf526
10318681	SIRNA	b5b59678fad4f53176090ae14abfb0b4
10331829	SIRNA	018fa6fcf034a446f853bc4e652759ed
10313956	SIRNA	8d084bfa3b21c563edb6009ad0358ca3
10330198	SIRNA	752c5afab7c13709995df9a001193b82
10320030	SIRNA	b59be429ea8b9e7e00b6fc5bb50c653c
10322536	SIRNA	5af55ac77f8bdf614ec784d454c414f4
10324312	SIRNA	77f82236b60adc58eaa0312c5d5bb4c5
10321903	SIRNA	39c232a587f470b1cf82f9df619fae2c
10328969	SIRNA	7b922d3162a84605951fc7ed852e144f
10321889	SIRNA	9b39cf8d3a91db1d3ea153015810da61
10328955	SIRNA	287ba20154a8ba8beffa76a61200b25d
10324298	SIRNA	4afb650b8d53c1d4d89b31359af0c8ae
10339924	SIRNA	2e30ddbcc6d485834ada4b4cd2983f05
10336219	SIRNA	224f35b352c54935e604db1a419b00d8
10327565	SIRNA	0db42ec1a7279b01f7ed825d37b43728
10318517	SIRNA	3a6c49fe0dbeb9b5fe158b2cf6de97b0
10331666	SIRNA	f79e59faf31e61e35f22031185eb8581
10314141	SIRNA	a0e61ea5c6b257ceacdf038e08aee0dc
10341335	SIRNA	830daa020f7146024720ca9bf6def699
10317044	SIRNA	28b8d93a7618c6223f3f29ea899c1eee
10314555	SIRNA	6e0967b533c054a96f1ad5e100f6ddb7
10332114	SIRNA	51ec414062e0a61a4a83e9b79a09dffe
10314846	SIRNA	3bd548953f9c235ea3000f9459a02075
10318794	SIRNA	ac30399aaa50800ab96370dfb27fb887
10339351	SIRNA	48fe569a4b71c24006ddfe33ff28f74d
10331740	SIRNA	d01189c61b30ed2ea1f29d599636473e
10318418	SIRNA	09ffe558031eb97d5d829b47e853fc41
10334250	SIRNA	9ea80d314ed2b4789ad84555897ff8d2
10327240	SIRNA	1f3543b465e10bb67c241cc92cbfbacb
10339176	SIRNA	81262dbc46a558e6b717af5695425aa9
10315580	SIRNA	cdd857e46a5f368ef5377f735a6c70f8
10342073	SIRNA	f32e57a21a8291916847c693324c8044
10319355	SIRNA	6cc4d491adfae7e2b1a813f840febf27
10339823	SIRNA	0831dc48d120fadc9851bca1c5c82508
10336294	SIRNA	2997626f97004bcb6fe8fa322d7415d5
10327464	SIRNA	e1a55c9a44fb5612ec360e2e1a448ff6
10246413	SIRNA	ba59c90c08d0ed6e5f00e67d652bafc0
10330396	SIRNA	0d9d028d17b898910dfc990f205c4279
10246412	SIRNA	73139409b3753d1548eca0be3493d982
10315056	SIRNA	5a7fff86c8cf2ed6e4824f54623a11ab
10318073	SIRNA	5cd23a3607a6c2f17bd09f4267c0f18d
10342816	SIRNA	c3ff47a4fb7dec1a78ebc97d1109354f
10331168	SIRNA	3a5085f223c2922ca25f21fe502ecc7b
10313457	SIRNA	24bf3c16777b433bbbbc8e178aca99a1
10343373	SIRNA	6496449d6f3d191359897b2066f6a34b
10322761	SIRNA	2c36eaa2107c7ff6fceffa1a3b007d2f
10342889	SIRNA	5b97478d1fa5a69efe7bba0a3a85e453
10330423	SIRNA	5ac06f12dff253f399a9f0f56fd95d04
10322382	SIRNA	d26f54fb21221adbe4a677cbde3f872b
10330044	SIRNA	2852b456fe6c2afc09c94e420d0f9f98
10320567	SIRNA	8438a47b64ec387d1fcc1f409062d62a
10343498	SIRNA	68a448da0e85b4b31c30eecaa3576a21
10330860	SIRNA	6fad0711cb816c8f974ec3be044f51b5
10313411	SIRNA	6c428ba9d273c942924c2c44f1dec538
10320781	SIRNA	9a85988673890e2030661ed94b7e4d07
10330604	SIRNA	19f7d7bf74baf74e902d241063b77747
10322943	SIRNA	0f73dc1bb7a0e014ad40cdddd8507856
10343315	SIRNA	3989e8e78687355e1a4b1d9638b36148
10322143	SIRNA	d94584722d0610b39df9fb5b5112a302
10331021	SIRNA	f9c1363e295bf71378a545a0b89d686e
10340471	SIRNA	e0639caa68dce4a1e5fde0d6d287bb01
10327848	SIRNA	ba77d13aa928d1822f2b8caa6b3ed0e8
10334943	SIRNA	ceacb0082d5b874634b00f3b0f6f7b6f
10327879	SIRNA	a82d3cfe78a26184bbd60aff410e2ed0
10340502	SIRNA	11074d85988803acdceca4d45da89c56
10334974	SIRNA	d60731f99653e13c727c9b20c09b6d7a
10315431	SIRNA	953bc84d75d5a9211d382184d23cffda
10317588	SIRNA	f39e3a7a1739663c6d74d66039ba6d7c
10340845	SIRNA	c2620b8713424657af713500d44360da
10317698	SIRNA	48c57f3789064c110fb12cf8c3d06fbd
10340956	SIRNA	2bd5ab2caeddea61ca0dd17caef9e30e
10315369	SIRNA	c0bc0aa7dce83bef51d1995ee36e21f8
10315877	SIRNA	72c9fc70784dede463fb4bd305d1d52a
10319135	SIRNA	776e53d06089f8a9d22e5823c80de055
10342195	SIRNA	6d563a059585f84edd9edfbfcc2caf10
10317604	SIRNA	95f117302d401797efc3b1cef2661ade
10315447	SIRNA	b62555fa223981d44908243177264b9d
10340861	SIRNA	3c8d8918b297fa419da8e59ffd5897c9
10319134	SIRNA	35347d62f3989f49122b6e0a9b5a6de6
10342194	SIRNA	b790c604ca93a7ad374386169c6d2020
10315876	SIRNA	a375a04ed2ddfb136eb27c402a68ec0c
10333121	SIRNA	c1ce4fed2cc1deab77a842d0686f50c3
10337612	SIRNA	61656eac2ddbc1605ae18fbb3ad06492
10325536	SIRNA	06d4c6ed0d873f1400b774639df7589d
10320504	SIRNA	a053841c9f6a36a00b37a59aa2daab01
10323524	SIRNA	58a76a0d29b21df837f3915415b1a156
10329981	SIRNA	573dbc470fedf311d6f4ffe1bda6731d
10324736	SIRNA	f21c627ff42036164a49e3029038d4f9
10316410	SIRNA	242085476767e3150a7572f9911de363
10338194	SIRNA	70adccac19b3ea49b9db6e201cdaeea5
10313725	SIRNA	111d8cdab08df5ee30a83352bd29b36e
10341627	SIRNA	100f04a15866fca3c6062bcc965419d6
10319795	SIRNA	4e650d5a6e70b5cf091e08ab6adac1d4
10325776	SIRNA	34b47f6e660fca03079223b48ff4220a
10333361	SIRNA	186f1fb8c23ede8ec1d02ca000d53190
10336895	SIRNA	ce4d9958a5ddcc6d896591cd01c77f9a
10320207	SIRNA	3bc2e9169ee1a45fc3eba5d012f59cac
10323061	SIRNA	0ffb8b2a6490f3cd49b3389408b8514c
10329338	SIRNA	1c71ae9d6604025188638681ab7117b0
10325345	SIRNA	f4cfbeffd599599bece925e2a43e33c3
10337422	SIRNA	0be9ea64459d9365c6631385e80e220e
10333104	SIRNA	7ec8abd63cf57e77656b72d7878970e7
10316311	SIRNA	a089b4ec6d73eca4188544dc0c52c486
10324807	SIRNA	5cf83e8005f6248869573dc0bfc5a7de
10338268	SIRNA	f07986ae70b1fbc8ee9224728b9dfcd0
10328842	SIRNA	10aafef3f27f5ebe6446bc0e1febc830
10323935	SIRNA	19bf70c754efc4852ab94feb3832636a
10321001	SIRNA	cfb2d997589414abcfd1086640e3fbfa
10342944	SIRNA	284125f8dce08455417fde6bf6b6de04
10322816	SIRNA	d77b283d506b938595f2aa3f6996d685
10330652	SIRNA	0c239305be99433dc3c9a873e99c886a
10322806	SIRNA	ae0403ede56097bb33f3d24f904f2340
10342934	SIRNA	66d53d6db5f5c3ebc725d1ea658c93ce
10330642	SIRNA	ff013293b35cb6e5a80fe1a2f4b32af3
10333335	SIRNA	294e2da13c179ddfd101b1606bb22557
10336869	SIRNA	5050bfad5f3022ac5f9519fc746e609b
10325750	SIRNA	a01c416efe7d6fe41909977bda486b64
10333357	SIRNA	647976ba63106bdfa505b5bb31b56701
10325772	SIRNA	1ee4bd971366b6a69d62dca0d9af6b02
10336891	SIRNA	7801bb96606f47dc99eacfcb5f78ab7c
10321228	SIRNA	0b069e56972d4347dd4f01f257641485
10328374	SIRNA	f67cc15972740ee9631e9cb388bff9dc
10325017	SIRNA	e8af53e3780e2c10c9d472a38d1c1051
10343502	SIRNA	1d8a0e88b811fd6cecf0e8649627172a
10330864	SIRNA	5b2c927978984f6e6b825f48d10f6378
10313415	SIRNA	368997dc942c87535f9e136871b047d4
10340761	SIRNA	46126ab9db2348a8980f3d2ded49c0cc
10317847	SIRNA	60dcd5def5cb7feefb51a5706e200db0
10315175	SIRNA	49cab0137fe6c9817401fb4fdce9a527
10342366	SIRNA	8dd6bbf90f58cbc7aea1b2850829bc36
10318276	SIRNA	9bf933729634d694d95c40d7c7dddd2f
10316044	SIRNA	c779e2e7dd7618005d93e29a7d1b19fb
10314247	SIRNA	8a8ad0cf3ef33ae4f94e6f22e255502e
10341033	SIRNA	3ba9c305ec7628bbc5da53ec039aa66d
10317429	SIRNA	8017d520edb983f9187982e73cb8a12f
10320058	SIRNA	38838febf3d76ac81938ead059305f57
10322563	SIRNA	2ddbb9fbac3d71be6c165b9cb648bd31
10330226	SIRNA	58e574fd49282084f7989984902b58f6
10322786	SIRNA	fa0b7491b1e5b3db7ab5a9dab3891af0
10342914	SIRNA	1b3df46261da510850b7113483a62f05
10330622	SIRNA	226127e17627852b16ad6eff4bef82cd
10332543	SIRNA	a8569009cf2294c22b05951a1848de4d
10338595	SIRNA	813b84161c6e091341554014266e8946
10316638	SIRNA	73a7065dedd9c8f28233d3224c27337d
10317401	SIRNA	d64ba1cca1ff1cd4241ff3839bd07733
10314220	SIRNA	5868733763535f351e643a7511b29d2c
10341005	SIRNA	1d43be68812af135b986c2d9ecc7e68c
10318151	SIRNA	84c617cb1a3bcba0539c6a282b790c40
10342559	SIRNA	e48ab291e938f11f2ec8031dbc4a2c9a
10314969	SIRNA	1c7373656ce8eb23c0417be26af71787
10323876	SIRNA	209ad162282ec5a6ca6e3ca8012b12ee
10321115	SIRNA	226eab8e8c10e8f873879db86ea88a48
10328607	SIRNA	c2a4da4b848bee0b0b0ae97db09a99ea
10343086	SIRNA	48835a4408502c16fe0b2cdb584d74df
10322264	SIRNA	4d7a546ffcac601547c6eb194750b61d
10330445	SIRNA	7a668e1c2e60f505c2ae0253a280a407
10322216	SIRNA	14dae5175191d18c5518980a3987a845
10343038	SIRNA	daa60e89f9321b9cf2988a421879949b
10330920	SIRNA	af82ea00f686cafbdf2dba4ea62091ba
10330727	SIRNA	65657a253bc82cf69f33d0643ed6798e
10343195	SIRNA	da54e140c0def8a253cf97f8aea361ef
10313278	SIRNA	9011f991b76d88ac7703fbcbfbf542bc
10331529	SIRNA	6225334f4a130c23b179fe1911a35529
10339306	SIRNA	c2555b52e7214fc0a91c28ba7548e78a
10318373	SIRNA	efa97f9434f80346a0acde2f0d367e69
10326218	SIRNA	69c3737921a52658c2814055c3e4a4b4
10334236	SIRNA	2de447209cf207c6cd24d78dc96c8292
10336820	SIRNA	166957cb00eadc1c754b96dafec73528
10326183	SIRNA	a952b6a9b6ed6137a6ef68f9e3d715e4
10334202	SIRNA	8e140ca7b99b8f3a37bd0d0100bab5b6
10336785	SIRNA	362c3760aa2079e3b1849404934e6ae8
10336816	SIRNA	3ba2fb4dd1f8cdb422c730b1baadc0a4
10326214	SIRNA	a2f4635d459f8451f83b001b5ba0a52e
10246183	SIRNA	ff0194ff0fde20f379b02a025118eeff
10342360	SIRNA	a39bf0397a1e6ac278b824ee1bedf9f4
10318270	SIRNA	2ec27f966c23476214b463a3ccb0c8b3
10316038	SIRNA	96608262a71eb033b36f2be695391390
10320048	SIRNA	614ef90a0806ab5ba3cfca8043079797
10322554	SIRNA	f2aaa6ee2927307eb900c37853e0c266
10330216	SIRNA	39fb60d978bb730e27bad90a16854375
10319110	SIRNA	e9bd7ae38d6c22d0c8555514d9b76bb6
10342171	SIRNA	7be773f14fad10cf10afc1a117152eb3
10315853	SIRNA	8b8a72d62824651f0d1c4360363f61ec
10317840	SIRNA	b23075c78002b1d2f510cf355c849cd3
10315168	SIRNA	5ea48dae3f9fe6fa2a15f239d6f31108
10340753	SIRNA	c3a9e2e61f873a4ab4d45ad22f52f1eb
10340758	SIRNA	3a5638af15715430a3a174c1c9c19733
10246498	SIRNA	6afdddaee4e9d9ee6b268d4b88b7cb47
10246499	SIRNA	ee7106253e4f8dfd87b0af292ee41c28
10317980	SIRNA	c54cd26bf027abdeebd11ad6ea6032aa
10342721	SIRNA	346c65a2e4dd58e1670e32efd617fdd2
10315134	SIRNA	766707812458fe6ab21851c99c2415b9
10314446	SIRNA	8b59c9cf46c468c20c06391bae8ff0c5
10341229	SIRNA	965623fced4b6857fb8b3b8d593820f6
10317285	SIRNA	09c1c96b3fc2a27c107a9f41bd78cfe5
10331131	SIRNA	b4d7feaf164914bb18fd11300aab5131
10343593	SIRNA	5fc734e54c36b9876a1c84568eba9967
10313678	SIRNA	12fff883ae7a0c1a43cb528576a15c15
10336170	SIRNA	88b4b46b2e02a2bef99d77f42a66d6e4
10339875	SIRNA	267b9a3245b1d982a7d685df27fe425b
10327516	SIRNA	c72fda62d1925cf6512ab3888bd7ef71
10317449	SIRNA	093a30c1d80f34d1b1385a9779d513d9
10341053	SIRNA	e31735dd13c7a6a8c622f71bba7e8ccc
10314267	SIRNA	e9372d06d1a9633b990a8f0e70036883
10314733	SIRNA	5ca6a16fe47f4d4d335642200716512b
10318853	SIRNA	94a736fc759b0bc5604715b531908ad8
10332001	SIRNA	a78bcf9b8e6d803d87b6d8bcdf05b4fe
10331669	SIRNA	e2e312234dac2bf23c55cd3dcd1ebbfd
10314145	SIRNA	57dfd52aa15d30ba1ece3703513d516f
10318521	SIRNA	da3e5c60032b6cfd213ab7d1b06400a0
10343064	SIRNA	5daf8c00f1c3914488c4506e57b1448c
10322242	SIRNA	15f6b57db8bfb999496be796e73e2f38
10330945	SIRNA	acf2979ca8b543179beb3cb188a06325
10314146	SIRNA	af6c67c8e355ca8b21ecf134a0899114
10331670	SIRNA	2b531d26309a2cd213bb354f3327cb4b
10318522	SIRNA	e9e337a5503e2446b125adbd5ad4fa5a
10341873	SIRNA	203eae69c277fced4bdf153b0b7bd639
10313225	SIRNA	7f62427dd031e4a3aa031c02a6de4f0d
10319467	SIRNA	a7229c41f4b13b4df1f57feb7073d2bc
10340918	SIRNA	6f7b27433611e266a9822302e1f9215f
10317662	SIRNA	2503fb9487e93587b419d105f6393131
10315331	SIRNA	9a41aa38c979079ae4952c630ab9e873
10323638	SIRNA	9cce202b2a17404280637b579e276eff
10329404	SIRNA	82c28a0b6573708c465548a50e340f07
10320273	SIRNA	85fdd3d377ccb6bb5cc4a63377b2299a
10318576	SIRNA	3652a7be9deb6f6dc58a565fc24dff66
10314200	SIRNA	50c869fe18b8ddb6cdcc136ad5710970
10331724	SIRNA	73a38acec9c4a721638936e7371d9230
10332729	SIRNA	9bf58ca052e4e3b034032b9b1fbc4b01
10325922	SIRNA	f89646beee01f43e13fece1357c0dd52
10338431	SIRNA	bf233358579f82062325c28cac06a42b
10327018	SIRNA	1a4d0246f08216e7eb0fa6ece344026e
10246082	SIRNA	09e5474238d411cde3cf87507f1c0ed8
10246083	SIRNA	91370b559bc5c6d491f04b663024e2b3
10327689	SIRNA	0c330cfcaf24ab74d053e486ac976547
10335136	SIRNA	1603b1edc73ea16965915c019df77984
10334784	SIRNA	84ab753898cc8054df633d5f7184e159
10323925	SIRNA	815495c64ab58b01f15dfe4971bf601b
10320991	SIRNA	b888928af66f4e0b07c501964f7d0d66
10328832	SIRNA	5e486a813f0ca81d6fe32f7f054d5ad2
10337286	SIRNA	2e15c3a904647ba286d3bb41986f5f79
10332798	SIRNA	d5692408d709bcb56f8e32f53f2d1baf
10325209	SIRNA	6779aed1c69f37160e932dba56575994
10325549	SIRNA	d1852d0e64f4d69f41d787e336511ef9
10333134	SIRNA	ce0d6f5219c21573573f1d6e1f957421
10337625	SIRNA	36d9409d003438c865b6b46a6abd2798
10336650	SIRNA	f2c09d2326d99c869961bd5462b7ac72
10326623	SIRNA	af30f0d317e7f271b8e29d4a3f50d6fa
10335707	SIRNA	cf2d0d67a135035c5089982bcc06b2e8
10336278	SIRNA	322a9caf5555a316730dc4df7d666053
10339807	SIRNA	ca6cb14e2bbfaa5d2566c711f54e2479
10327448	SIRNA	75659fdb4984ade086f14cd28ee63576
10323919	SIRNA	b6235872312de2cddb84b69c8baa90c6
10328826	SIRNA	e04ff518ceb424f8cd615ef60b56137c
10320985	SIRNA	de6318f82277a96fde4ac4aeb5432486
10320362	SIRNA	565e6ba45cc3c7b6e39b504d47dcdd8c
10334640	SIRNA	538dcd3632eac3da3da38c89cbfd036c
10315291	SIRNA	da6bb139183ff7b672d76dc9d37440c0
10321149	SIRNA	c56b150467ed98729c6b9018950fb448
10313421	SIRNA	d1ec5c1f32dc4a05ca532c0c100d745d
10321691	SIRNA	911321019618eb40aa551303d3aea4c5
10321389	SIRNA	7dec476b663d42570fbe56992a186459
10334637	SIRNA	40ed6041313d89f47f2ec3bb95dc3dbf
10314287	SIRNA	750e3cfa0065c8ee63080432e45f55c3
10327700	SIRNA	ddaa5802f9c2fb2e2f06dd4364281338
10325501	SIRNA	778867b40c691104423cf14a330a36bc
10315337	SIRNA	d910e8ed5737ef1da1df3400c31b10eb
10325601	SIRNA	194a8993694a2987fcf0dfe03fbf3726
10325640	SIRNA	59553374a5977d199c70ea6558715439
10321696	SIRNA	28edad8684d7e71f966a1a90242dc7c6
10313934	SIRNA	de0b7a63575dc41a687c5e7af448a18f
10321353	SIRNA	144164273466b021e1e0d18cea85f4d3
10321033	SIRNA	ea4b545af034a4cb2ef2425bf1daec11
10320376	SIRNA	e6597ff03774c3e3ac9f52dbdd2ed6ca
10315000	SIRNA	7d97c704c35f4a64206a2ec52a0e8de5
10314845	SIRNA	5b29ebb4503fda30b5a668490d13d25c
10313888	SIRNA	a89da9aef14a9a59839606a0c14df571
10246207	SIRNA	a39309638bde42c9752ae4fcfe1671ef
10322311	SIRNA	c2bd4e9ab7225d2c12d58d7e815606d2
10320443	SIRNA	252ac71d688b808dfcdede0c87cfd3ef
10320200	SIRNA	53c5f53bdc26ba06e154eb5549a15a22
10325461	SIRNA	827b6ab94129a2c788835da127c2c27f
10321155	SIRNA	5b6238febcbf07598a659bfd648a3899
10325229	SIRNA	475da99323982725d4cb6c3fe993ada6
10327843	SIRNA	a2f12c8bf9629e23067accf1016764fb
10327841	SIRNA	89e85ba42522554ae84f69cf44d7a538
10325647	SIRNA	4a80cbbe2b9c5ec0d77442f83e4e2ec4
10314461	SIRNA	a661cb5b7b00040ebdd60b4bfced9454
10325521	SIRNA	6f57e96d9aa086dfc4efe29d4db90c5a
10326638	SIRNA	e5a3658bbb97ed0530197290366e6462
10322080	SIRNA	772de6f2c3f16dbc0dcbba754a603be3
10246380	SIRNA	887a8ec393eee1c4d6dd475e15837ea9
10320770	SIRNA	b6ec90647909e9e51c74bcb53d57a2a4
10320405	SIRNA	4dfd74594b7df39b581068fa2beb8b1d
10246251	SIRNA	685c10a876f672a8a38e48cb56d3bdfd
10321745	SIRNA	267e573648755a21c257a51e6ee351f8
10315150	SIRNA	a141be7741178115d5dfd227952827fe
10316663	SIRNA	879a976f5520ccf6f3bfba8bf83720cf
10315057	SIRNA	6494ed3e496d880ee1aba77e1c82e20e
10320516	SIRNA	104acdf7d3a98cb940bff1c13109ae50
10319993	SIRNA	1ceb065eca918a6a3c1c938ca56b9e91
10327054	SIRNA	2032d0e10f3845403e42e4632977ba85
10320507	SIRNA	de6cd1eef172c1470867ccfab9a3e939
10320816	SIRNA	59c57d664cb59b0b1e126aa676ac2e91
10327606	SIRNA	fb3a592fa3a027fa28a4576064315850
10326075	SIRNA	224b4e9e6332714b4a12521e11990889
10313877	SIRNA	7a4923710b2e0233082d0b9b0901d002
10325460	SIRNA	654f596023f74425e04704572019ffb4
10325289	SIRNA	35229061b71f5d4c308abc9aac9bd9a8
10315436	SIRNA	32e569ea8de9e9c60d0da61878ad0c86
10334488	SIRNA	702f4534e79dc2eb2d10d6a8be58cb4d
10327729	SIRNA	6873ec658d899917b0b07d0800e534a3
10313553	SIRNA	b72184c352f44fad484e098ef6d3d6ad
10325711	SIRNA	4b963e527856e107ab194dc28b672cb8
10315906	SIRNA	8de89d6f74e94abf77a2eaca3d339917
10319844	SIRNA	08ddfc55b7cc3cc8ede91e4635558726
10325860	SIRNA	2366a9d7158b8515a76d2bc1cf09953c
10316502	SIRNA	e587e54d9ca76fac722bfcde5ce5d682
10326840	SIRNA	99debf0057c4df6c1a1f176cb4685156
10327348	SIRNA	cb3c2e0661d4f34580ed77aca9d029d7
10325839	SIRNA	6c7d0011e84ea0a29f166a601da83ba2
10326687	SIRNA	1f8aea5989b79f77937b9d9175570601
10321340	SIRNA	98f29dbe70099d87a0391274d4a8856c
10313862	SIRNA	3e92f3eb3710ad7aff6b25609fe9a3ab
10327048	SIRNA	cf0392ceb9b17077ecfde35b42144d7f
10320289	SIRNA	4dfd187ef5d2afeb56bb1b4e9c26a200
10327548	SIRNA	bbff32119eac4877b35f3d56f933742c
10315763	SIRNA	254a0e49a0f1fe597f996b00b38f3a7d
10318352	SIRNA	a67196a30199d666ae5a28524e489d04
10318387	SIRNA	0e5b12fae61986f22181101a36383a66
10318383	SIRNA	33fbca7b80e3e37c23ec9ef0cc3058e4
10333397	SIRNA	2102fc98bd97fb4915607c903be1961c
10317821	SIRNA	3ebcf978dc6f1b627ef940e95a61f87a
10323731	SIRNA	aea83de697c1fa5a4f9efa1ca3d53d32
10332817	SIRNA	57876562fb9731849636ec17fff7e58f
10323054	SIRNA	33f5229c467be0e48cba008078cff772
10322672	SIRNA	431c6bca401bc099a49dab91249364c0
120630	SIRNA	58ae0382157988f325100ef75c87c671
44697	SIRNA	4db723b15d1cf3373c97b907b598af41
103548	SIRNA	c1abd927e19a953c00e8f4c57276ec88
10321723	SIRNA	56ee50dcb2c535835f44d6fcde6da9f2
10410583	SIRNA	1afef1058e43e4fe6c8e6493ecf19e9f
272146	SIRNA	9f48892376478eb4dcdebb22a44986ca
272147	SIRNA	8944f1d84d376458d2c6ee58a6a7ca2f
272148	SIRNA	976ae044976024f9b8b9e73e8ea4bdbc
122910	SIRNA	c4ad76bca0dad8539f7d7f50ff4346ed
122911	SIRNA	9f42b19a641e5bb2975e29a55917bc77
24341	SIRNA	ad62bf0744db24b1a7224a58e0c6a4ca
127955	SIRNA	00461bd49e1755e9a851aae582323163
127954	SIRNA	90e28f36ff4a3b74441e4a8f6f0d6bf2
127956	SIRNA	8ff259d2389635186be559e002d5839b
21331	SIRNA	8825cf619a320cd1931890e79acdb556
21235	SIRNA	546facdaa8ef8e45574c46b640268b8f
46225	SIRNA	b9cc8ca70269d90c02236ad7d9867449
218676	SIRNA	dcfb094be99c64df2f7a7a59181a01ee
218675	SIRNA	3e0c015ddec64b0facb54558c108e0ff
218677	SIRNA	d71817d144f70902ff66ef7b484d9c99
125687	SIRNA	18edf213f2a2e449d4206728f763b769
125686	SIRNA	f97289c3a83b13b81828e681388cab24
125685	SIRNA	a5d5f717af07d26ad97863326b8e579b
123146	SIRNA	bc0d260befc76e05dae4be0177d7f35a
123144	SIRNA	1f8158edc6562a29983d555411b4d066
123145	SIRNA	73784aa5064a051194d10dba5f130743
122124	SIRNA	b9d7e3d0782ef49ec0c53fe78c8ceaac
122122	SIRNA	d890feac207bcfe01e477838fc77639d
5394	SIRNA	cc1feed60170df67ae73e0d5d6451549
29130	SIRNA	95826cac56b02434e60eca3da4ad23c0
29216	SIRNA	c33807ae1ccb37011a11d2aee22dbf2b
133369	SIRNA	9b0f4b7e88aa4f1805541fca0b378164
45679	SIRNA	25f8877fef0c984069618ed41f24b83c
45589	SIRNA	615e5c3c30bcb155ecc1534a2489f7c7
44505	SIRNA	c51e83cee62d514aea08398420ba9936
129239	SIRNA	2f16824d6bc1995c3906250d62153219
129237	SIRNA	66b66497b30d208726a778d5928408d5
129238	SIRNA	211567fe7398d5d751cfcc3f7954ec35
124318	SIRNA	126ec5c482b6e136b114c2d082b9df66
217249	SIRNA	2847a692c54c0183ea00a72a32017487
217248	SIRNA	21fcebf36459c0b7b468655278bcd9c7
260644	SIRNA	237460cf518bc360a94d48e16aaa2dcc
260643	SIRNA	7ca2deb30ae7d996c715592dca5f96d4
260642	SIRNA	ec5413d7fe78fc8f090deeba377d4ccf
147335	SIRNA	e6a01fffd8e763473c4af279ef3ee99b
147337	SIRNA	ece3a5917cfd9869fc8d05a118c0973c
147336	SIRNA	63ed88305ed0ef20d970effd5a46f1e7
148584	SIRNA	dab8bcb21fe1d8f0fc2ecc04edb1d6e2
148585	SIRNA	d69e292897f17d1b10e323c750903693
148583	SIRNA	05936e7fa33f575fd23f0d7b08c84be2
14623	SIRNA	5b64b7490a7aa7f6a3e88d2cbc7085ce
146463	SIRNA	3628ceb514ab29ebafa35fb7337c9399
44991	SIRNA	bbd7c6e418142d58fb342fe48c29c055
126179	SIRNA	c3ac1881a16d23df73106051109c4a3e
126180	SIRNA	093dd8878557a4347064a485b733883f
126181	SIRNA	4cfb18ca79ccf423eaf2e37181054223
130980	SIRNA	e68fcfc39e514820590e5afef7a7edbb
130981	SIRNA	b19defaad274d80f7aad1e90eaf5ac5d
130979	SIRNA	0ce28055b3107319c1da518739383dde
241859	SIRNA	80b702031e6506da10373639eeaf9215
148926	SIRNA	73c7f846352c5e47fd60849ec86a1b4d
241858	SIRNA	53144c079544e1b004c9eaae374ef490
17976	SIRNA	459e9b449a58814b80add8c976d4351b
142973	SIRNA	47ff3035afd6c94bf6a3916b1d7949bb
18069	SIRNA	1d0843110982a529e601616a7172acba
135010	SIRNA	22275cc540d7a9cd883820f1719700e5
135011	SIRNA	d399b7a8c27a606ce2b4a30b8c0d0a0d
135012	SIRNA	f8864fbff93c3f90c7217279951be886
25637	SIRNA	2379b5b8e5eb88c98777d7ef65210d71
25543	SIRNA	a0ccd25b4d3413785074d603092f15a7
25447	SIRNA	4495e680c0c0d0c75c2a5cbf3d0c33c6
41223	SIRNA	f57d115a90cb376e286037eea356d2c7
41132	SIRNA	294b69beaa0d0b04511f579765a69f5a
148205	SIRNA	cfad808e82c3a544584c43916ba80bae
149565	SIRNA	1e233035be282d2cfdf26a48bb1983c4
149566	SIRNA	a75ba59fb8e7f1ec146371a3fb3e8245
149567	SIRNA	19305de6c63a486eda60ad95849af71f
137781	SIRNA	08063e3813c376f62a60cf831f550924
137779	SIRNA	dae4c9a498e3fcf38072fc8b780d7560
137780	SIRNA	83fe72349419eab650996f80c88d4fce
147799	SIRNA	4a4468d586781ddf58870cf8dae79164
147800	SIRNA	50e2f45b89e1938e01a8424d9faa4457
147798	SIRNA	df9bfb6de23ed9757cc684fe84752975
127569	SIRNA	da574f29c39d7b457037091e8f3716f0
127571	SIRNA	b4f4bc4b1832764e57b5925aab060611
127570	SIRNA	1c53c1cb746a8e1aaa729d88cb4a2293
35327	SIRNA	1559f5569837ae0462d4264eb14be5ad
216984	SIRNA	7fbc0fd47cae2fe754f0f6f1c49043ab
109854	SIRNA	3ebad5eb96eb01b0ba5b83fff492eb63
17115	SIRNA	dd9440e078cbf944812742d17a49acd9
17209	SIRNA	9c188895729a547d71899cb5cb5489e3
215104	SIRNA	ef19c1e23c356b18d1bce16b5062eed2
127307	SIRNA	e32dc7739f35a2c91e8ae3087b0d51b1
29675	SIRNA	0d1713ad7ed08d324282a983e553e4a0
127308	SIRNA	e3657001796c7200b3f67ae2e49e2bb9
127278	SIRNA	493d8c55c3701379c7fb5e273302515d
127280	SIRNA	9c13adb334f0781ef8a3ffa60768068d
127279	SIRNA	58b9b8d1c183743255ff3afa04cf7efa
128904	SIRNA	2493f313217692a9455ed4c467270a70
128903	SIRNA	76396d294821399c057dea691ef350b0
128905	SIRNA	0a8f9b803051bbe7ed6707a96e60afc8
23187	SIRNA	615143c77fead496b3acbe44d9b67f59
22997	SIRNA	ddf09ec17abcbc1229b56cc4529e1ee8
23093	SIRNA	3045a70b66d9dc7ed544dbc5944c97f1
123156	SIRNA	c6984d67cc17a4fd81f65c14c8ebaf89
123157	SIRNA	6dd2c82d5fe69ddafbc519953f0bad55
123158	SIRNA	b3288586e13c975c6e02c3c1e80eed5e
138165	SIRNA	08e834554ea4a12ecff5fd6768f6b92b
138167	SIRNA	c8ae644ac676e4d994537388a461f6de
138166	SIRNA	56f254194f63820195dc615770bfdc49
219455	SIRNA	3c88a67618cdc13692e5f41a803509f7
219457	SIRNA	ec28076c24f638c2d9dbd7a5efd5913b
219456	SIRNA	af922819133628c503b3676969f85202
129610	SIRNA	d6cbd7e3bdc5fd64fd3be8b933c55fd3
129609	SIRNA	352e02d1acfa5f99e9270a0fef2920e1
42947	SIRNA	a70d2dcfac814d69fc5bdfaef071f867
217274	SIRNA	b9b391f1af3ad50a57b9329f9610c23f
141942	SIRNA	aa5cc3c64b55415f80bf8f8c8d9399d3
217275	SIRNA	70bf4a86156f986809ca211e38e4c7ae
144303	SIRNA	8c3dd3d5f8f8b0fb8c72145b7116e185
20549	SIRNA	5be592f90c53d77f96355a2064ebf7ae
20458	SIRNA	e5c65786a9a422453293e298e4d2d381
148182	SIRNA	78b11f4e4f42aea9d6b08398418b2df4
148180	SIRNA	2b2a165f1a5f59657ea41f6a90fe3309
148181	SIRNA	8e8515e1f65044580be52c5b1aae7561
131971	SIRNA	4b4dc0add04a568893c891f200f2b261
131970	SIRNA	9325e34650290f91fbdae4130a9d73f3
131972	SIRNA	d55669f16c1b7c5888cfbfd2082fb081
141010	SIRNA	7cfe713e5021aec0cec95c7c02405b10
141009	SIRNA	5270db798bcc478bddb9aa5a87f7105d
141011	SIRNA	f7a6d0b679198472f066009519bfa96d
34631	SIRNA	be22230250634cde1d8dfbd80e0914ad
131481	SIRNA	31238bed9f4d9acf51aecaa50a28f264
34720	SIRNA	f7e20a37c56e9b5a4da05424fb4703e4
129068	SIRNA	2b1d5a7c949cdae074cf2c7ebacf8596
129070	SIRNA	1509dc9aa733db0a8d24b38d56c03d0d
129069	SIRNA	2b8ccd0de729fb863a62eb7d6dfd360a
123363	SIRNA	321d6e89fdbea1e000fd3761e93e021f
123364	SIRNA	aa41989212c3d2f5d4aa32f2cd0ca733
123365	SIRNA	3a3f4fce60fbf708ab1808d0f8420003
44512	SIRNA	db56ad10f41df039fb47e7b5a9a62944
131784	SIRNA	de811301a4952ff31fa4a1f1e43d2187
131785	SIRNA	7c8f12a850f2f02916e043fb695bd98c
127399	SIRNA	22ef84d97e2a2256ae03a0f2e15c40f2
127398	SIRNA	61d2d9354b82f90a921b609e672b7991
127400	SIRNA	5ed8ec7fff1a8c072f16de5f0158d402
263511	SIRNA	4ef8e9f7fa4375672e064c489e6ebae5
263510	SIRNA	c3031e1edd1cc8f96bde5ac097dac51b
263509	SIRNA	f68ed8cdcd20dffebd55fd6b4cbef7b8
138336	SIRNA	ca516641ce100585ca3399c69441e61a
138335	SIRNA	3c062931cacf55ae45059d0d61334967
138337	SIRNA	cfe6b5a833ea505d0049a86730d55405
264779	SIRNA	87d6513293be7d345a0abfa8fafa1cf9
264778	SIRNA	65b140aa9ad49118148be0766cdd16d5
264780	SIRNA	16ae5cacef12ab6890ed117795675e66
133104	SIRNA	302b2dd7d6e9a8b7fcca86d4d3e2beb5
133103	SIRNA	1ccf5c1ade0c2ddba9c410ec76075e12
28292	SIRNA	d48af375703cab047dce9f58b787b29a
123297	SIRNA	27c22b5b066b67063a1a5b795d5bd359
29474	SIRNA	a0d75d0ad2b530a6dc365dcdd9de05a1
29382	SIRNA	b0dec48c1cd9e1ff39d72e4e3787cc9a
23793	SIRNA	eada825765bc0109409d0a8fa2b40747
134811	SIRNA	2e48b3b3ca8d4b51acfa2f81afe64a27
134812	SIRNA	28ac569e45084864daf805016b675963
108570	SIRNA	2d8f19bf533a39a6705ff06e7f453ad5
108569	SIRNA	ab0e98b63f8c5c6014d27ad672f3c8ee
108571	SIRNA	69e9e30d477fda5268ab44f9b4dd6b48
140356	SIRNA	0e0460e02c8e87f481b4774d1b6d3ec4
140354	SIRNA	11c485e00460a8bef56ae8f3f373c7a8
140355	SIRNA	e20722aa0cab6b54258d1c3023da03d8
130119	SIRNA	6f9a4aee5aed357ee8b5a383950f1a78
130121	SIRNA	8d1afe718f9ce11a095a01d8229ecf35
130120	SIRNA	4b269a78db4f53e17ae730c9519aff08
145227	SIRNA	c6f7713532f773186e535b901996c4b6
145228	SIRNA	68a1f657cdb07eaf6a6ef72c4806dbf7
16202	SIRNA	f70ab7cc891f79c3a54a3262d54a69a5
129461	SIRNA	067b4093f1b8973de5318a99d01e774a
129460	SIRNA	0bdfa6859ab7f4430585dee4d7cea583
129459	SIRNA	a3f4eb16ecf082726f2996fe5be93fad
135156	SIRNA	376fb412778a74e8ba184fa566eca86a
24672	SIRNA	9219b74800d6e7b897884bc4d41ebd10
24764	SIRNA	00cd44415443e6b799134df0b065a066
108929	SIRNA	00d2aee6fd0b459fd337e7bef68b016d
108930	SIRNA	9021dbc0e50f2fbd9d32219b1229c913
135186	SIRNA	732fe8a4bc8e9d8efefb4fd90489900a
122582	SIRNA	a6d9ab7d08844d056088f3e8b12b2a63
122580	SIRNA	48906b418f69cee0cb455782ed9b9083
122581	SIRNA	7d66a7ea249a89be38fd93ff7d00d11f
5907	SIRNA	cf7295cfdf7b71b0dbb9d06f18c0cc05
116247	SIRNA	38291eb45b9a54f615b305869daf84cb
6002	SIRNA	31166f29ee24a548d20780a705bc8498
149012	SIRNA	460313e59999e0d3560a69799a0c6753
149011	SIRNA	001f46e1fad25c28813a1d09e2eb178a
149010	SIRNA	f4fb61e01261d67bb35f9f4b678a7426
272047	SIRNA	9149c9e4189adf9cc70ed7c741dda5ff
272049	SIRNA	ef86dd2501d8102396858e451200e68d
272048	SIRNA	a4beadca20612494ba81ace3b4716dd9
134795	SIRNA	dde5b93ca6d258d18125e48f70a8c5f4
23959	SIRNA	ae838575a88ac1196ab384af6e9dd55c
23866	SIRNA	28274a4a100ee059bcc22442c741a49e
126964	SIRNA	d4d7a7c20845e7c438e8536cf2fc0f86
126966	SIRNA	74ce97cdecd83ffddaf27cb54d2a7b74
126965	SIRNA	d5139b42c5edea2f6203cd74e6157b45
127184	SIRNA	aad10509aba854d9c7b849489cd89c5c
127185	SIRNA	f96556071412bc6b0916850c158496d0
127186	SIRNA	a137f019656f1a30d75652d2349d3505
219495	SIRNA	330f34249c1c7e406d3b92d22efed96b
219496	SIRNA	22370c0b1fd6627adea6e08f3bcb8d8e
219497	SIRNA	9ec460b2f36a00171ad1ec792a77c02e
128731	SIRNA	6fd2a610b31d538a528aaa50d603bafc
128732	SIRNA	dbfa91c04a56170f76454264e58c1fab
26072	SIRNA	07e0c443752c9912c7da4ff7085ef23e
258986	SIRNA	26051e8178ab457ed7e04694349987d6
258985	SIRNA	56dabd0c67b086f582a719e57d393e15
258984	SIRNA	1557766a139c138cdb6cb11dd924fd53
39151	SIRNA	00391902c95dbb4df511a437abb85a57
128011	SIRNA	6e5eeb9ef0d6ab2fcec4646f46abc59b
128012	SIRNA	80ca83b38242ddef334860e538dfc80d
141328	SIRNA	ff4e7bfc834c9d0cedcaed372ffe32d0
37278	SIRNA	8c23198c0e74497f13d7f8b029007666
37371	SIRNA	40ca33a6df5dc22baba148cf782d7527
125041	SIRNA	25a4e240ba9004aae726fffc123ff0fd
25464	SIRNA	439326d117b9c7b0bd7b1c76069241cf
125040	SIRNA	efa68a5b815acb479f915546bc5040f7
106595	SIRNA	1379b0b033b1a2c05066ff6ab24433fc
10621	SIRNA	45ef89a0c7130747be62848e915a9f95
10527	SIRNA	b4656d35d0e88ed847c6778e19744106
128696	SIRNA	4cfca6837915f604d20e8640ce488bca
128694	SIRNA	ff7fc1374cb84da58e7cc1e891364c11
128695	SIRNA	28c022a6cfb9fed4a17f46045a0f229f
146812	SIRNA	6424e02bb09fd203166e38d0565179cd
146813	SIRNA	b9f620f07d0dfb6d590db959240eb955
146811	SIRNA	e86a87a74cd3f64714bc02692cffa0e0
129603	SIRNA	619b1cbc26315d26d542f937f261b939
129604	SIRNA	f3ede91df9e60a0d7dba861b71448363
129605	SIRNA	a8785327954fdb3dd5afa65b5ff253ff
128355	SIRNA	d6276e59ea8b149de1a2cdfb3463081a
128357	SIRNA	f601672fffd818962d32df4b56eadb78
128356	SIRNA	6dc11c583d0b6c606fa92b85de14518c
148892	SIRNA	282e782ec884bd78a884a6befefd779b
148891	SIRNA	fbfaf117bf98e999cb8d39392f9fb327
148890	SIRNA	6353cba3cf1032c0ad48854ef2edcd43
271954	SIRNA	29a372d631b1dcee25996709e963f9fe
271956	SIRNA	81cc3b6a8e0ab692b77a44bca75f9d19
271955	SIRNA	f0a0d027e542bdeebc7be7655f54d391
235637	SIRNA	0f241c265b3c0bcc083ecbb97fb147e6
261202	SIRNA	74deec2d20dcbc78458bef90a038dd56
284793	SIRNA	203bcf9c12645d22fa5e7e07f64f51de
24380	SIRNA	bbbbf09336f7a47cc1f503f498c3afae
135043	SIRNA	8f3614e88fcc5124134aa7f7d6fcf32c
135042	SIRNA	9dbccf413e777d1b51849c4b7285ec29
145464	SIRNA	fdf75c62105bfcddb2e97a75cbcb8c23
145463	SIRNA	d569f0c3d96b93153b1237bafbe3afed
145462	SIRNA	4da7ae2612ef6398e33956d515866a16
129512	SIRNA	0e85abf913ef9e3c159c3c8ec74363e6
129511	SIRNA	40c100259142243ce0c8c5dc18ded293
39433	SIRNA	f8aac3c458817fd2eafa8f94e186764a
138682	SIRNA	27a770c4443290cd0bc46a56f480977b
138681	SIRNA	849a168157ad6d03e8a0d9e95f6d0171
138680	SIRNA	c4a2f5a44238102819079db1a30c560c
215916	SIRNA	031e01cdb43531262de88c93708048e3
9184	SIRNA	6c65b70c5f05e78e992569a62e3c0437
9276	SIRNA	3f4d8aab1bfe2efcb60e69c2bf4e6e7f
265824	SIRNA	c34fae3c9832f2bbe88c507157074b3d
265822	SIRNA	b34a9b7342527020d1a6adfa16b34886
265823	SIRNA	6f10952c43b8851325ed28b3905952dd
149019	SIRNA	8fba26424fbf4e462583beba1c8e44db
149021	SIRNA	92a49c6bb7872bf3b8e69e36b54692da
149020	SIRNA	bc7eb0d9e0878ded634b130fa738acb0
121870	SIRNA	04b0b3d810eaae20322abcdaedbbdd23
121871	SIRNA	b483f465de16f14d310278f49e0cc649
121872	SIRNA	b41f9f4dd558df93eddc5c3b4a6bb54c
127637	SIRNA	6d8e48f707eb21c7cfba29f14695e1a9
127639	SIRNA	87b7ba05239f655133c82f9da6135823
127638	SIRNA	2d07110d1407af7508d5864b49a81f90
133971	SIRNA	634cc789cc6aac59385509b7338611ff
133972	SIRNA	76025a429a018a43cbd81710c7637e3f
133970	SIRNA	f845da0dda5091926aa51dd2de24bb0a
125166	SIRNA	4d0737a608dc304249a2191e40cfa714
26622	SIRNA	9c6f44b71bd709e736886ab7352ca018
125167	SIRNA	83fed351175548a06dc4310fdce20850
140470	SIRNA	7dbf9be85a893a0eedd337d0b0c3d63f
140471	SIRNA	6564659eaf6c90ea464a2467b2106c54
25763	SIRNA	0e65a442f30102141762c34b2842d4af
148812	SIRNA	020b32e38c03823853f36248cdd1a3c4
29333	SIRNA	ce16f8ed1f52b78fa9cbed67791089ed
29428	SIRNA	3d1ba9aa91d40379ceeb0abddd846738
146829	SIRNA	62905dcff903b45bffadb95cd6cb8078
146830	SIRNA	edc919ae9633b1dc2d5f76f0eb91299a
146828	SIRNA	ea62e8519734386d1be1d8273081bf17
132445	SIRNA	f2ec23002f278413171e4576529c6edf
132447	SIRNA	dea21082b95ea7582798990a1e2acabe
132446	SIRNA	eac23125eca0be5f2b839205699c85ac
10321744	SIRNA	2b086f50542724dc5056ff59d23d148f
10313169	SIRNA	fce210088d3aaade002ed2dff9074cd3
10316039	SIRNA	4024de4ac38f701930645c6f7d14f014
10316645	SIRNA	2d049bcfc3897696e2bb8b1903bc69a9
10314745	SIRNA	bd0145e1d1250eff44b0c37350aa188a
10314754	SIRNA	55cf57191cf75c05b1912d4e7b79f88d
10315621	SIRNA	9a631a0f67db791d37537cb794308e43
10316820	SIRNA	9ca766111af5b5bf1c44bc34e2ecac71
10334718	SIRNA	a8549ceefd228a43e4e81e185b4df00d
10326121	SIRNA	d9972c7d8df5b12df1cdc3f7cc91112c
10334646	SIRNA	40d8f51e7ca9cdbae2ea1d7bc9802fc8
10316747	SIRNA	05ece7766af6e5d47fae10edf0635058
10316592	SIRNA	0bd731822c1b374888c4e4cac797baf8
10325971	SIRNA	cb54a6769341ec6496a37cf398690958
10316222	SIRNA	de6c376da84f125ac21ed9fa5394ec68
10334717	SIRNA	1349c176f9473b7aadb79fd45d89481d
10313190	SIRNA	93abcefd862f954bb419c40c7c8af42d
10334652	SIRNA	aa395906a3c80e8010e222073eff0720
10334678	SIRNA	2231e78a845ed88ac7ed70b99147c257
10334705	SIRNA	813b9747b51cacbdca2064fe9fc8e797
10314298	SIRNA	6de77845d90af818944102f05419e6ba
10325273	SIRNA	01c3ae2411142c6a1c1b50eae0c3baf0
10313921	SIRNA	e9161e5ea5de3ef47cafa893f695f019
10313907	SIRNA	8e9ac37c37a9b76f7ff186e49a22b0c8
10316255	SIRNA	dc5ef2cd1099bd296713dba62a83d872
10316585	SIRNA	7ae216a5760c9566ad9f07588ac914df
10325398	SIRNA	bab6dea6b576ec7a427531e6818adb9e
10321105	SIRNA	9cc1a3fdccc72678af0872097deb89df
10316073	SIRNA	3a423d0e24cc067cf2eabd314876bff3
10325325	SIRNA	44f1fea65ad2501fa597d3e2f30bba46
10325343	SIRNA	0ee834923a9af927a76340a4c7d1acd8
10326804	SIRNA	be20746d93cd018f4351054f025aec2e
10321993	SIRNA	eca97fb6f5d87e7428cb5019e32428c9
10327654	SIRNA	bcf15789adfbd02feac5c653a1074687
10321890	SIRNA	84bc15d3dbc88cb50f39efce0a198aa2
10326913	SIRNA	3ba4049fda35c4207de40996c29cb3ba
10334602	SIRNA	dbcab695ffd606ef4bdc735ad8961109
10316661	SIRNA	ed5df14a5d78438cb943013fd6bfae57
10334684	SIRNA	9482b54ebf2e202386860831500425ce
10327639	SIRNA	25549e9305aaa4d459f845ec371bca76
10246096	SIRNA	35dfb83e0726884a53a26b74fa98a2b4
10316031	SIRNA	542bc1f042796f112cdb5e773cc63a30
10316029	SIRNA	6a05e5a8e3559ab7de4eba61dd076d8c
10315631	SIRNA	f8864327bb7d86dd4d3631a0797ef0e3
10326581	SIRNA	278f31dc7fb7a4e2f15e07fca7742403
10321865	SIRNA	be745e846aa161dd2386bae770453f5c
10315757	SIRNA	a4ddf332c3be35b4d7ac29a219e26f14
10313991	SIRNA	ca5b0a18c4fad99122851d96f82a97e8
10315637	SIRNA	2749f489956bd942c2f4772e79a4245d
10326589	SIRNA	9209daa61731871d51d5d7ba221ca31b
10315754	SIRNA	27b66f16fd7d8963293f38288f1de661
10327585	SIRNA	0f1048161c718cbed5def66c36d051cc
10313872	SIRNA	5ac29645c4ba8e1811908012302dec99
10313139	SIRNA	cb1d08a2266405a6780fac0683afb6e4
10334607	SIRNA	6c1faa6d1380e93a2346e428ec6e19d3
10326031	SIRNA	f5c2b26c24d8329079bd1511970eacb6
10332212	SIRNA	5327db43277dcf5e50316cbaf0fbb90d
10317310	SIRNA	456066dba7f618d7bbf711daabd09619
10335891	SIRNA	0034325502aae113698b6fed18584e84
10335813	SIRNA	63b54c6c89614a9a444189f2536b5adb
10318263	SIRNA	652c7b2813c346378769cc6e7c4d0c6c
10318271	SIRNA	097a3b44a44148d39fd4b9bb7d1e8275
10316528	SIRNA	2d0234c6605920db753d655abda14ec0
10319185	SIRNA	a67169b00063359a2820f43ad9f7fccb
10332302	SIRNA	3244c41397fa70378578491fa8563ce3
10332318	SIRNA	daedce40d77898630523d7e71278ecc4
10333033	SIRNA	d900c53bf551656b5112e87e035e1365
10335912	SIRNA	8210e3f7a842d0b8da58029bbafec19d
10334856	SIRNA	23a253bda15ffe7abffc3fc726c7a0d2
10332374	SIRNA	63061c095a6358bf139b7eac77f68e13
10313143	SIRNA	12ec50fc57abead1a63c739c9fb4023a
10333102	SIRNA	1dfa60b714515cdbe9a2a2173102d616
10324299	SIRNA	5525fd0ea5e99f6cfc40583c1cb52a68
10332566	SIRNA	6a2afbdbd56c4ec8e03297b7c762e5e7
10319596	SIRNA	86f98a30035258e42d6d718b5f252a0e
10332490	SIRNA	e00572617b6a64fd30263240f6a7e2d9
10324273	SIRNA	7ff3fce4a9c801c2c5bbf8e8deafce28
10323730	SIRNA	c2c55f9f11d9936c72ea519915b0dfb9
10319406	SIRNA	4a5d68031a8c490b0457df11c1af1246
10318261	SIRNA	693689acc7a6e7ada5f08ffcc944cd16
10321775	SIRNA	14ae3adfed9c81bad650b96b5c4e910b
10246028	SIRNA	821339de51b97a9deaf522748cddd3b1
10322046	SIRNA	37c7343154c882387aa1dd6f20c5fa6d
10326988	SIRNA	9ba03714cef7216fdda38727ae58a04e
10278240	SIRNA	584f8e3c35c06a2301e66fe53abd114e
\.


--
-- Data for Name: compound; Type: TABLE DATA; Schema: public; Owner: thelma
--

COPY compound (molecule_design_id, smiles) FROM stdin;
\.


--
-- Data for Name: container_specs; Type: TABLE DATA; Schema: public; Owner: postgres
--

COPY container_specs (container_specs_id, manufacturer_id, name, label, description, max_volume, dead_volume, has_barcode) FROM stdin;
1	\N	STD96	std. well (96)	Placeholder for wells of unknown types	0.00150000000000000003	0	f
2	\N	STD384	std. well (384)	Placeholder for wells of unknown types	0.00050000000000000001	0	f
3	\N	STD1536	std. well (1536)	Placeholder for wells of unknown types	2.00000000000000016e-05	0	f
23	1	ABGENEDEEP96	Abgene 2.2 ml deep well		0.00200000000000000004	1.00000000000000008e-05	f
25	52	FOURTITUDEVP384	4titude Vision Plate 384 well		0.000120000000000000003	1.00000000000000008e-05	f
26	52	FOURTITUDEVP384CCI	4titude Vision Plate 384 - Type I Collagen Coated well		0.000120000000000000003	1.00000000000000008e-05	f
5	21	NUNCF96	Nunc F well		0.000250000000000000005	1.00000000000000008e-05	f
4	21	NUNCV96	Nunc V well		0.000250000000000000005	5.00000000000000041e-06	f
17	21	NUNCDEEP96	Nunc 2 ml deep well		0.00169999999999999991	2.00000000000000016e-05	f
21	21	NUNC384CLEAR	Nunc 384 clear		0.000120000000000000003	5.00000000000000041e-06	f
22	21	NUNC384CLEARTC	Nunc 384 clear TC		0.000120000000000000003	5.00000000000000041e-06	f
16	2	ABI_RTPCR	RT-PCR plate well		5.00000000000000024e-05	9.99999999999999955e-07	f
13	8	BD96	BD 96 Black Clear Bottom well		0.000250000000000000005	5.00000000000000024e-05	f
14	12	COSTAR96UV	Costar 96 UV well		0.00020000000000000001	3.00000000000000008e-05	f
12	12	COSTAR96	Costar Black Clear Bottom well		0.000349999999999999996	5.00000000000000024e-05	f
11	19	MJPCR	MJ-PCR well		0.00020000000000000001	9.99999999999999955e-07	f
15	13	GREINER384UV	Greiner 384 UV well		0.000120000000000000003	1.00000000000000008e-05	f
19	13	GREINER384UC	Greiner 384 μClear well		0.000120000000000000003	1.00000000000000008e-05	f
20	13	GREINER384COLI	Greiner 384 Collagen Type I		0.000120000000000000003	1.00000000000000008e-05	f
6	\N	MATRIX1400	Matrix tube (1.4 ml)		0.00119999999999999989	5.00000000000000041e-06	t
7	\N	MATRIX0750	Matrix tube (0.75 ml)		0.000699999999999999993	5.00000000000000041e-06	t
9	1	ABGENE1400	Abgene tube (1.4 ml)		0.00119999999999999989	5.00000000000000041e-06	t
10	1	ABGENE0750	Abgene tube (0.75 ml)		0.00064999999999999997	5.00000000000000041e-06	t
27	\N	BIOMEK96STD	96 well plate (BioMek standard)		0.000299999999999999974	1.00000000000000008e-05	f
28	\N	BIOMEK96DEEP	96 deep well 0.5 ml (Biomek)		0.00050000000000000001	1.00000000000000008e-05	f
8	\N	MATRIX0500	Matrix tube (0.5 ml)		0.000449999999999999988	5.00000000000000041e-06	t
\.


--
-- Data for Name: container; Type: TABLE DATA; Schema: public; Owner: postgres
--

COPY container (container_id, container_specs_id, item_status, container_type) FROM stdin;
1951037	8	MANAGED	TUBE
1951077	8	MANAGED	TUBE
1950822	8	MANAGED	TUBE
1951110	8	MANAGED	TUBE
1951106	8	MANAGED	TUBE
1950946	8	MANAGED	TUBE
1950950	8	MANAGED	TUBE
1950806	8	MANAGED	TUBE
1950770	8	MANAGED	TUBE
1950768	8	MANAGED	TUBE
1950990	8	MANAGED	TUBE
1950988	8	MANAGED	TUBE
1951108	8	MANAGED	TUBE
1951079	8	MANAGED	TUBE
1951041	8	MANAGED	TUBE
1950986	8	MANAGED	TUBE
1950808	8	MANAGED	TUBE
1950810	8	MANAGED	TUBE
1950952	8	MANAGED	TUBE
1951043	8	MANAGED	TUBE
1950766	8	MANAGED	TUBE
1950994	8	MANAGED	TUBE
1950992	8	MANAGED	TUBE
1950519	8	MANAGED	TUBE
1950523	8	MANAGED	TUBE
1256025	8	MANAGED	TUBE
919282	8	MANAGED	TUBE
1950515	8	MANAGED	TUBE
1951049	8	MANAGED	TUBE
1951047	8	MANAGED	TUBE
1951081	8	MANAGED	TUBE
1951083	8	MANAGED	TUBE
1951051	8	MANAGED	TUBE
1951053	8	MANAGED	TUBE
1256034	8	MANAGED	TUBE
1951001	8	MANAGED	TUBE
1950999	8	MANAGED	TUBE
1256055	8	MANAGED	TUBE
1951089	8	MANAGED	TUBE
1951085	8	MANAGED	TUBE
919239	8	MANAGED	TUBE
1256031	8	MANAGED	TUBE
2495902	8	MANAGED	TUBE
5847981	8	MANAGED	TUBE
5847985	8	MANAGED	TUBE
5847987	8	MANAGED	TUBE
2495929	8	MANAGED	TUBE
2495927	8	MANAGED	TUBE
5847988	8	MANAGED	TUBE
5847984	8	MANAGED	TUBE
5847983	8	MANAGED	TUBE
5847982	8	MANAGED	TUBE
5847986	8	MANAGED	TUBE
2495898	8	MANAGED	TUBE
2495958	8	MANAGED	TUBE
2495960	8	MANAGED	TUBE
2762610	8	MANAGED	TUBE
2495900	8	MANAGED	TUBE
2495956	8	MANAGED	TUBE
5667323	8	MANAGED	TUBE
5667135	8	MANAGED	TUBE
5667145	8	MANAGED	TUBE
5667178	8	MANAGED	TUBE
5667184	8	MANAGED	TUBE
5667200	8	MANAGED	TUBE
5667227	8	MANAGED	TUBE
5667165	8	MANAGED	TUBE
5667166	8	MANAGED	TUBE
5667243	8	MANAGED	TUBE
5667171	8	MANAGED	TUBE
5667310	8	MANAGED	TUBE
5667318	8	MANAGED	TUBE
5667146	8	MANAGED	TUBE
5667312	8	MANAGED	TUBE
5667112	8	MANAGED	TUBE
5667308	8	MANAGED	TUBE
5667099	8	MANAGED	TUBE
5667159	8	MANAGED	TUBE
5667133	8	MANAGED	TUBE
5667156	8	MANAGED	TUBE
5667102	8	MANAGED	TUBE
5667193	8	MANAGED	TUBE
5667174	8	MANAGED	TUBE
5667168	8	MANAGED	TUBE
5667113	8	MANAGED	TUBE
5667219	8	MANAGED	TUBE
5667131	8	MANAGED	TUBE
5667212	8	MANAGED	TUBE
5667106	8	MANAGED	TUBE
5667152	8	MANAGED	TUBE
5667151	8	MANAGED	TUBE
5667128	8	MANAGED	TUBE
5667322	8	MANAGED	TUBE
5667285	8	MANAGED	TUBE
5667281	8	MANAGED	TUBE
5667213	8	MANAGED	TUBE
5667161	8	MANAGED	TUBE
5667177	8	MANAGED	TUBE
5667188	8	MANAGED	TUBE
5667120	8	MANAGED	TUBE
5667107	8	MANAGED	TUBE
5667162	8	MANAGED	TUBE
5667130	8	MANAGED	TUBE
5667103	8	MANAGED	TUBE
5162216	8	MANAGED	TUBE
5667255	8	MANAGED	TUBE
5162223	8	MANAGED	TUBE
5006591	8	MANAGED	TUBE
2402864	8	MANAGED	TUBE
5667167	8	MANAGED	TUBE
5162198	8	MANAGED	TUBE
5168911	8	MANAGED	TUBE
5655657	8	MANAGED	TUBE
5667303	8	MANAGED	TUBE
1946829	8	MANAGED	TUBE
5374268	8	MANAGED	TUBE
5655755	8	MANAGED	TUBE
5453635	8	MANAGED	TUBE
5667199	8	MANAGED	TUBE
1931531	8	MANAGED	TUBE
5655742	8	MANAGED	TUBE
5587882	8	MANAGED	TUBE
4470560	8	MANAGED	TUBE
5484620	8	MANAGED	TUBE
5667108	8	MANAGED	TUBE
5667136	8	MANAGED	TUBE
5667224	8	MANAGED	TUBE
5587872	8	MANAGED	TUBE
5587875	8	MANAGED	TUBE
5587878	8	MANAGED	TUBE
5162222	8	MANAGED	TUBE
5162227	8	MANAGED	TUBE
5162226	8	MANAGED	TUBE
5587867	8	MANAGED	TUBE
5587868	8	MANAGED	TUBE
5655719	8	MANAGED	TUBE
5587869	8	MANAGED	TUBE
5587880	8	MANAGED	TUBE
5453650	8	MANAGED	TUBE
5667316	8	MANAGED	TUBE
5655594	8	MANAGED	TUBE
5667097	8	MANAGED	TUBE
1931486	8	MANAGED	TUBE
4470512	8	MANAGED	TUBE
5655680	8	MANAGED	TUBE
5667288	8	MANAGED	TUBE
3800933	8	MANAGED	TUBE
2334657	8	MANAGED	TUBE
5870168	8	MANAGED	TUBE
5655702	8	MANAGED	TUBE
5870151	8	MANAGED	TUBE
5655746	8	MANAGED	TUBE
1677089	8	MANAGED	TUBE
2414491	8	MANAGED	TUBE
5914452	8	MANAGED	TUBE
5914453	8	MANAGED	TUBE
5914454	8	MANAGED	TUBE
5914455	8	MANAGED	TUBE
5914458	8	MANAGED	TUBE
5914459	8	MANAGED	TUBE
5914460	8	MANAGED	TUBE
5914461	8	MANAGED	TUBE
5914462	8	MANAGED	TUBE
5914463	8	MANAGED	TUBE
5914464	8	MANAGED	TUBE
5914465	8	MANAGED	TUBE
5914467	8	MANAGED	TUBE
5914468	8	MANAGED	TUBE
5914469	8	MANAGED	TUBE
5914471	8	MANAGED	TUBE
5914472	8	MANAGED	TUBE
5914473	8	MANAGED	TUBE
5914474	8	MANAGED	TUBE
5914475	8	MANAGED	TUBE
5914476	8	MANAGED	TUBE
5914477	8	MANAGED	TUBE
5914478	8	MANAGED	TUBE
5914479	8	MANAGED	TUBE
5914480	8	MANAGED	TUBE
5914481	8	MANAGED	TUBE
5914482	8	MANAGED	TUBE
5914483	8	MANAGED	TUBE
5914484	8	MANAGED	TUBE
5914485	8	MANAGED	TUBE
5914486	8	MANAGED	TUBE
5914487	8	MANAGED	TUBE
5914488	8	MANAGED	TUBE
5914489	8	MANAGED	TUBE
5914490	8	MANAGED	TUBE
5914491	8	MANAGED	TUBE
5914492	8	MANAGED	TUBE
5914493	8	MANAGED	TUBE
5914495	8	MANAGED	TUBE
5914496	8	MANAGED	TUBE
5914498	8	MANAGED	TUBE
5914499	8	MANAGED	TUBE
5914500	8	MANAGED	TUBE
5914501	8	MANAGED	TUBE
5914502	8	MANAGED	TUBE
5914503	8	MANAGED	TUBE
5914504	8	MANAGED	TUBE
5914505	8	MANAGED	TUBE
5914506	8	MANAGED	TUBE
5914507	8	MANAGED	TUBE
5914509	8	MANAGED	TUBE
5914511	8	MANAGED	TUBE
5914512	8	MANAGED	TUBE
5914513	8	MANAGED	TUBE
5914514	8	MANAGED	TUBE
5914516	8	MANAGED	TUBE
5914517	8	MANAGED	TUBE
5914518	8	MANAGED	TUBE
5914519	8	MANAGED	TUBE
5914520	8	MANAGED	TUBE
5914521	8	MANAGED	TUBE
5914523	8	MANAGED	TUBE
5914524	8	MANAGED	TUBE
5914647	8	MANAGED	TUBE
5914641	8	MANAGED	TUBE
5914598	8	MANAGED	TUBE
5914599	8	MANAGED	TUBE
5914601	8	MANAGED	TUBE
5914600	8	MANAGED	TUBE
5914596	8	MANAGED	TUBE
5914610	8	MANAGED	TUBE
5914590	8	MANAGED	TUBE
5914593	8	MANAGED	TUBE
5914592	8	MANAGED	TUBE
5914597	8	MANAGED	TUBE
5914594	8	MANAGED	TUBE
5914617	8	MANAGED	TUBE
5914603	8	MANAGED	TUBE
5914612	8	MANAGED	TUBE
5914628	8	MANAGED	TUBE
5914643	8	MANAGED	TUBE
5914648	8	MANAGED	TUBE
5914640	8	MANAGED	TUBE
5914637	8	MANAGED	TUBE
5914639	8	MANAGED	TUBE
5914636	8	MANAGED	TUBE
5914621	8	MANAGED	TUBE
5914635	8	MANAGED	TUBE
5914632	8	MANAGED	TUBE
5914623	8	MANAGED	TUBE
5914631	8	MANAGED	TUBE
5914626	8	MANAGED	TUBE
5914625	8	MANAGED	TUBE
5914629	8	MANAGED	TUBE
5914595	8	MANAGED	TUBE
5914630	8	MANAGED	TUBE
1990255	8	MANAGED	TUBE
2004886	8	MANAGED	TUBE
1985063	8	MANAGED	TUBE
1991055	8	MANAGED	TUBE
1983151	8	MANAGED	TUBE
1991613	8	MANAGED	TUBE
1991300	8	MANAGED	TUBE
2004883	8	MANAGED	TUBE
1984032	8	MANAGED	TUBE
1997825	8	MANAGED	TUBE
1995498	8	MANAGED	TUBE
6169746	8	MANAGED	TUBE
1995600	8	MANAGED	TUBE
6169734	8	MANAGED	TUBE
1991619	8	MANAGED	TUBE
1983675	8	MANAGED	TUBE
1991263	8	MANAGED	TUBE
1990938	8	MANAGED	TUBE
1990269	8	MANAGED	TUBE
1984766	8	MANAGED	TUBE
6169744	8	MANAGED	TUBE
1983629	8	MANAGED	TUBE
1992888	8	MANAGED	TUBE
1992241	8	MANAGED	TUBE
1990339	8	MANAGED	TUBE
1990091	8	MANAGED	TUBE
1995458	8	MANAGED	TUBE
1991061	8	MANAGED	TUBE
1995224	8	MANAGED	TUBE
1997968	8	MANAGED	TUBE
1997966	8	MANAGED	TUBE
1995647	8	MANAGED	TUBE
1984211	8	MANAGED	TUBE
1995519	8	MANAGED	TUBE
1996753	8	MANAGED	TUBE
1992008	8	MANAGED	TUBE
2012024	8	MANAGED	TUBE
1990671	8	MANAGED	TUBE
1990299	8	MANAGED	TUBE
2003475	8	MANAGED	TUBE
1991668	8	MANAGED	TUBE
1984919	8	MANAGED	TUBE
1986469	8	MANAGED	TUBE
1984824	8	MANAGED	TUBE
1990412	8	MANAGED	TUBE
1989881	8	MANAGED	TUBE
1997176	8	MANAGED	TUBE
1990403	8	MANAGED	TUBE
1990717	8	MANAGED	TUBE
1997731	8	MANAGED	TUBE
1996083	8	MANAGED	TUBE
1983617	8	MANAGED	TUBE
1995457	8	MANAGED	TUBE
1995285	8	MANAGED	TUBE
1985212	8	MANAGED	TUBE
2004734	8	MANAGED	TUBE
1997854	8	MANAGED	TUBE
1983287	8	MANAGED	TUBE
1995713	8	MANAGED	TUBE
1985689	8	MANAGED	TUBE
1989729	8	MANAGED	TUBE
1995864	8	MANAGED	TUBE
1986307	8	MANAGED	TUBE
1996960	8	MANAGED	TUBE
1997473	8	MANAGED	TUBE
1995841	8	MANAGED	TUBE
1996804	8	MANAGED	TUBE
1991250	8	MANAGED	TUBE
1983601	8	MANAGED	TUBE
1997170	8	MANAGED	TUBE
1990182	8	MANAGED	TUBE
1997673	8	MANAGED	TUBE
1985545	8	MANAGED	TUBE
1988204	8	MANAGED	TUBE
1988239	8	MANAGED	TUBE
1988235	8	MANAGED	TUBE
6169739	8	MANAGED	TUBE
1987647	8	MANAGED	TUBE
1993692	8	MANAGED	TUBE
2003031	8	MANAGED	TUBE
1992995	8	MANAGED	TUBE
1992609	8	MANAGED	TUBE
833791	8	MANAGED	TUBE
837621	8	MANAGED	TUBE
2414072	8	MANAGED	TUBE
1991646	8	MANAGED	TUBE
7272434	8	MANAGED	TUBE
6670284	8	MANAGED	TUBE
6670292	8	MANAGED	TUBE
6670297	8	MANAGED	TUBE
6670318	8	MANAGED	TUBE
6670440	8	MANAGED	TUBE
6670442	8	MANAGED	TUBE
6670444	8	MANAGED	TUBE
6670239	8	MANAGED	TUBE
6670240	8	MANAGED	TUBE
6670630	8	MANAGED	TUBE
6670479	8	MANAGED	TUBE
6670464	8	MANAGED	TUBE
6670506	8	MANAGED	TUBE
6670302	8	MANAGED	TUBE
6670266	8	MANAGED	TUBE
6670476	8	MANAGED	TUBE
6670470	8	MANAGED	TUBE
6670453	8	MANAGED	TUBE
6670454	8	MANAGED	TUBE
6670503	8	MANAGED	TUBE
6670251	8	MANAGED	TUBE
6670252	8	MANAGED	TUBE
6670493	8	MANAGED	TUBE
6670486	8	MANAGED	TUBE
6670233	8	MANAGED	TUBE
6670696	8	MANAGED	TUBE
6670425	8	MANAGED	TUBE
6670698	8	MANAGED	TUBE
6670691	8	MANAGED	TUBE
6670673	8	MANAGED	TUBE
6670672	8	MANAGED	TUBE
6670427	8	MANAGED	TUBE
6670516	8	MANAGED	TUBE
6670515	8	MANAGED	TUBE
6670513	8	MANAGED	TUBE
6670508	8	MANAGED	TUBE
6670631	8	MANAGED	TUBE
6670636	8	MANAGED	TUBE
6670670	8	MANAGED	TUBE
6670701	8	MANAGED	TUBE
6670435	8	MANAGED	TUBE
6670489	8	MANAGED	TUBE
6670287	8	MANAGED	TUBE
6670639	8	MANAGED	TUBE
6670661	8	MANAGED	TUBE
6670677	8	MANAGED	TUBE
6670460	8	MANAGED	TUBE
6670458	8	MANAGED	TUBE
6670430	8	MANAGED	TUBE
6670469	8	MANAGED	TUBE
6670314	8	MANAGED	TUBE
6670315	8	MANAGED	TUBE
6670311	8	MANAGED	TUBE
6670259	8	MANAGED	TUBE
6670260	8	MANAGED	TUBE
6670235	8	MANAGED	TUBE
6670690	8	MANAGED	TUBE
6670279	8	MANAGED	TUBE
6670494	8	MANAGED	TUBE
6670702	8	MANAGED	TUBE
6670473	8	MANAGED	TUBE
6670262	8	MANAGED	TUBE
6670274	8	MANAGED	TUBE
6670275	8	MANAGED	TUBE
6670276	8	MANAGED	TUBE
6670308	8	MANAGED	TUBE
6670142	8	MANAGED	TUBE
6670189	8	MANAGED	TUBE
6670456	8	MANAGED	TUBE
6670491	8	MANAGED	TUBE
6670492	8	MANAGED	TUBE
6670624	8	MANAGED	TUBE
6670246	8	MANAGED	TUBE
6670424	8	MANAGED	TUBE
6670658	8	MANAGED	TUBE
6670727	8	MANAGED	TUBE
6670777	8	MANAGED	TUBE
6670432	8	MANAGED	TUBE
6670461	8	MANAGED	TUBE
6670310	8	MANAGED	TUBE
6670207	8	MANAGED	TUBE
6670411	8	MANAGED	TUBE
6670303	8	MANAGED	TUBE
6670447	8	MANAGED	TUBE
6670635	8	MANAGED	TUBE
6670693	8	MANAGED	TUBE
6670662	8	MANAGED	TUBE
6670255	8	MANAGED	TUBE
6670391	8	MANAGED	TUBE
6670713	8	MANAGED	TUBE
6670261	8	MANAGED	TUBE
6670330	8	MANAGED	TUBE
6670350	8	MANAGED	TUBE
6670247	8	MANAGED	TUBE
6670614	8	MANAGED	TUBE
6670745	8	MANAGED	TUBE
1991667	8	MANAGED	TUBE
1982896	8	MANAGED	TUBE
1985830	8	MANAGED	TUBE
1986451	8	MANAGED	TUBE
1984501	8	MANAGED	TUBE
1984510	8	MANAGED	TUBE
1985398	8	MANAGED	TUBE
1986627	8	MANAGED	TUBE
2004964	8	MANAGED	TUBE
1996129	8	MANAGED	TUBE
2004892	8	MANAGED	TUBE
1986553	8	MANAGED	TUBE
1986398	8	MANAGED	TUBE
1995976	8	MANAGED	TUBE
1986023	8	MANAGED	TUBE
2004963	8	MANAGED	TUBE
1982917	8	MANAGED	TUBE
2004898	8	MANAGED	TUBE
2004924	8	MANAGED	TUBE
2004951	8	MANAGED	TUBE
1984045	8	MANAGED	TUBE
1995269	8	MANAGED	TUBE
1983662	8	MANAGED	TUBE
1983648	8	MANAGED	TUBE
1986057	8	MANAGED	TUBE
1986391	8	MANAGED	TUBE
1995394	8	MANAGED	TUBE
1991011	8	MANAGED	TUBE
1985866	8	MANAGED	TUBE
1995321	8	MANAGED	TUBE
1995339	8	MANAGED	TUBE
1996924	8	MANAGED	TUBE
1991918	8	MANAGED	TUBE
1997779	8	MANAGED	TUBE
1991814	8	MANAGED	TUBE
1997035	8	MANAGED	TUBE
2004848	8	MANAGED	TUBE
1986467	8	MANAGED	TUBE
2004930	8	MANAGED	TUBE
1997764	8	MANAGED	TUBE
1576345	8	MANAGED	TUBE
1985821	8	MANAGED	TUBE
1985819	8	MANAGED	TUBE
1985408	8	MANAGED	TUBE
1996696	8	MANAGED	TUBE
1991788	8	MANAGED	TUBE
1985539	8	MANAGED	TUBE
1983732	8	MANAGED	TUBE
1985414	8	MANAGED	TUBE
1996704	8	MANAGED	TUBE
1985536	8	MANAGED	TUBE
1997710	8	MANAGED	TUBE
1983612	8	MANAGED	TUBE
1982866	8	MANAGED	TUBE
2004853	8	MANAGED	TUBE
1996039	8	MANAGED	TUBE
2002422	8	MANAGED	TUBE
1987125	8	MANAGED	TUBE
2006137	8	MANAGED	TUBE
2006059	8	MANAGED	TUBE
1988109	8	MANAGED	TUBE
1988118	8	MANAGED	TUBE
1986334	8	MANAGED	TUBE
1989056	8	MANAGED	TUBE
2002512	8	MANAGED	TUBE
2002528	8	MANAGED	TUBE
2003252	8	MANAGED	TUBE
2006158	8	MANAGED	TUBE
2005102	8	MANAGED	TUBE
2002586	8	MANAGED	TUBE
1982870	8	MANAGED	TUBE
2003322	8	MANAGED	TUBE
1994278	8	MANAGED	TUBE
2002778	8	MANAGED	TUBE
1989476	8	MANAGED	TUBE
2002702	8	MANAGED	TUBE
1994252	8	MANAGED	TUBE
1993691	8	MANAGED	TUBE
1989280	8	MANAGED	TUBE
1988107	8	MANAGED	TUBE
1991698	8	MANAGED	TUBE
1576277	8	MANAGED	TUBE
7272530	8	MANAGED	TUBE
1997110	8	MANAGED	TUBE
5666965	8	MANAGED	TUBE
\.


--
-- Data for Name: container_barcode; Type: TABLE DATA; Schema: public; Owner: postgres
--

COPY container_barcode (container_id, barcode) FROM stdin;
1951037	1016556168
1951077	1016555522
1950822	1016557666
1951110	1016556239
1951106	1016556235
1950946	1016556374
1950950	1016556370
1950806	1016556538
1950770	1016557622
1950768	1016557620
1950990	1016556407
1950988	1016556409
1951108	1016556241
1951079	1016556214
1951041	1016556181
1950986	1016555495
1950808	1016557653
1950810	1016556554
1950952	1016556389
1951043	1016556175
1950766	1016557607
1950994	1016556422
1950992	1016556420
1950519	1016556982
1950523	1016556986
1256025	1003230891
919282	1003230706
1950515	1016556975
1951049	1016556196
1951047	1016556198
1951081	1016556212
1951083	1016556218
1951051	1016556183
1951053	1016556185
1256034	1003230914
1951001	1016556436
1950999	1016556438
1256055	1003241133
1951089	1016556229
1951085	1016556216
919239	1003230659
1256031	1003230893
2495902	1016555608
5847981	1019027341
5847985	1019027724
5847987	1019027721
2495929	1016555638
2495927	1016555633
5847988	1019016216
5847984	1019027716
5847983	1019027717
5847982	1019027718
5847986	1019027719
2495898	1016555621
2495958	1016555665
2495960	1016555663
2762610	1016549450
2495900	1016555619
2495956	1016555659
5667323	1016767322
5667135	1016672811
5667145	1016672818
5667178	1016672851
5667184	1016672858
5667200	1016672584
5667227	1016672615
5667165	1016672829
5667166	1016672828
5667243	1016672641
5667171	1016672844
5667310	1016767299
5667318	1016767306
5667146	1016672819
5667312	1016767297
5667112	1016672786
5667308	1016767301
5667099	1016672772
5667159	1016672835
5667133	1016672813
5667156	1016672838
5667102	1016672775
5667193	1016672577
5667174	1016672847
5667168	1016672841
5667113	1016672785
5667219	1016672623
5667131	1016672815
5667212	1016672602
5667106	1016671099
5667152	1016672825
5667151	1016672824
5667128	1016672801
5667322	1016767323
5667285	1016767248
5667281	1016767252
5667213	1016672603
5667161	1016672833
5667177	1016672850
5667188	1016672854
5667120	1016672793
5667107	1016672791
5667162	1016672832
5667130	1016671101
5667103	1016672776
5162216	1019021202
5667255	1016672671
5162223	1019021244
5006591	1019022602
2402864	1016554281
5667167	1016672840
5162198	1019021199
5168911	1016671096
5655657	1016672751
5667303	1016767280
1946829	1013586781
5374268	1019056360
5655755	1016672478
5453635	1019056450
5667199	1016672583
1931531	1013588875
5655742	1016672456
5587882	1019054203
4470560	1019008081
5484620	1019054126
5667108	1016672790
5667136	1016672810
5667224	1016672618
5587872	1019054197
5587875	1019054219
5587878	1019054216
5162222	1019021245
5162227	1019021240
5162226	1019021241
5587867	1019054189
5587868	1019054188
5655719	1016672433
5587869	1019054187
5587880	1019054201
5453650	1019056497
5667316	1016767304
5655594	1016672678
5667097	1016672770
1931486	1011730224
4470512	1019020090
5655680	1016672394
5667288	1016767255
3800933	1016767130
2334657	1016202655
5870168	1019055454
5655702	1016672416
5870151	1019055435
5655746	1016672460
1677089	1011729900
2414491	1019028872
5914452	1077107080
5914453	1077107081
5914454	1077107086
5914455	1077107082
5914458	1077107085
5914459	1077107060
5914460	1077107061
5914461	1077107058
5914462	1077107059
5914463	1077107062
5914464	1077107056
5914465	1077107057
5914467	1077107035
5914468	1077107036
5914469	1077107037
5914471	1077107039
5914472	1077107079
5914473	1077107078
5914474	1077107077
5914475	1077107032
5914476	1077107033
5914477	1077107014
5914478	1077107015
5914479	1077107012
5914480	1077107013
5914481	1077107010
5914482	1077107011
5914483	1077107053
5914484	1077107009
5914485	1077107055
5914486	1077107054
5914487	1077107031
5914488	1077107030
5914489	1077107029
5914490	1077107008
5914491	1077107005
5914492	1077107007
5914493	1077107006
5914495	1077107075
5914496	1077107074
5914498	1077107050
5914499	1077107052
5914500	1077107072
5914501	1077107073
5914502	1077107069
5914503	1077107068
5914504	1077107028
5914505	1077107027
5914506	1077107026
5914507	1077107070
5914509	1077107071
5914511	1077107049
5914512	1077107046
5914513	1077107047
5914514	1077107044
5914516	1077107043
5914517	1077107024
5914518	1077107025
5914519	1077107018
5914520	1077107019
5914521	1077107020
5914523	1077107022
5914524	1077107023
5914647	1077531089
5914641	1077531109
5914598	1077531101
5914599	1077531102
5914601	1077531105
5914600	1077531104
5914596	1077531123
5914610	1077531122
5914590	1077531127
5914593	1077531126
5914592	1077531125
5914597	1077531124
5914594	1077531129
5914617	1077531143
5914603	1077531099
5914612	1077531098
5914628	1077531093
5914643	1077531092
5914648	1077531090
5914640	1077531112
5914637	1077531113
5914639	1077531111
5914636	1077531116
5914621	1077531117
5914635	1077531115
5914632	1077531138
5914623	1077531139
5914631	1077531134
5914626	1077531135
5914625	1077531136
5914629	1077531137
5914595	1077531130
5914630	1077531133
1990255	1016198536
2004886	1002881757
1985063	1016148367
1991055	1016183205
1983151	1016186438
1991613	1016196475
1991300	1016148770
2004883	1001021869
1984032	1016148971
1997825	1016193408
1995498	1016176534
6169746	1052084760
1995600	1016176831
6169734	1052084688
1991619	1016196488
1983675	1016187394
1991263	1016148728
1990938	1016182009
1990269	1016199326
1984766	1016202506
6169744	1052084739
1983629	1016187357
1992888	1016186732
1992241	1016184215
1990339	1016199401
1990091	1016198752
1995458	1016174953
1991061	1016183198
1995224	1016180741
1997968	1016193259
1997966	1016193254
1995647	1016178314
1984211	1016201513
1995519	1016176559
1996753	1016181334
1992008	1002772602
2012024	1016202894
1990671	1016200830
1990299	1016199368
2003475	1016209153
1991668	1016148519
1984919	1016147735
1986469	1016180074
1984824	1016202572
1990412	1016198715
1989881	1016198624
1997176	1016178475
1990403	1016198707
1990717	1016148239
1997731	1016189455
1996083	1016180814
1983617	1016187329
1995457	1016176474
1995285	1016177918
1985212	1016199838
2004734	1002792357
1997854	1016193424
1983287	1016183801
1995713	1016178577
1985689	1016203520
1989729	1016199026
1995864	1016176639
1986307	1016183162
1996960	1016181291
1997473	1016192256
1995841	1016176614
1996804	1016180369
1991250	1016148735
1983601	1016186922
1997170	1016178466
1990182	1016199140
1997673	1016190550
1985545	1016202778
1988204	1016183326
1988239	1016183358
1988235	1016183347
6169739	1052084714
1987647	1016221016
1993692	1016212872
2003031	1016210501
1992995	1016213536
1992609	1016185376
833791	1002763624
837621	1002888412
2414072	1016554898
1991646	1016196528
7272434	1052087083
6670284	1079985289
6670292	1079985283
6670297	1079985281
6670318	1079985210
6670440	1079984963
6670442	1079984965
6670444	1079984967
6670239	1079985277
6670240	1079985274
6670630	1079989918
6670479	1079984956
6670464	1079984957
6670506	1079984950
6670302	1079985260
6670266	1079985269
6670476	1079985001
6670470	1079985003
6670453	1079984943
6670454	1079984940
6670503	1079984947
6670251	1079985254
6670252	1079985255
6670493	1079984975
6670486	1079984931
6670233	1079985304
6670696	1079989881
6670425	1079985016
6670698	1079989883
6670691	1079989885
6670673	1079989887
6670672	1079989888
6670427	1079985011
6670516	1079984925
6670515	1079984924
6670513	1079984926
6670508	1079984928
6670631	1079989895
6670636	1079989900
6670670	1079989929
6670701	1079989862
6670435	1079984990
6670489	1079984993
6670287	1079985244
6670639	1079989939
6670661	1079989937
6670677	1079989932
6670460	1079984983
6670458	1079984981
6670430	1079984988
6670469	1079985004
6670314	1079985238
6670315	1079985239
6670311	1079985235
6670259	1079985232
6670260	1079985230
6670235	1079985299
6670690	1079989902
6670279	1079985290
6670494	1079984972
6670702	1079989855
6670473	1079984978
6670262	1079985228
6670274	1079985221
6670275	1079985223
6670276	1079985222
6670308	1079985241
6670142	1079985180
6670189	1079985189
6670456	1079984938
6670491	1079984977
6670492	1079984974
6670624	1079989919
6670246	1079985273
6670424	1079985015
6670658	1079989866
6670727	1079989811
6670777	1079989770
6670432	1079984986
6670461	1079984982
6670310	1079985234
6670207	1079985165
6670411	1079984759
6670303	1079985261
6670447	1079985006
6670635	1079989899
6670693	1079989551
6670662	1079989936
6670255	1079985294
6670391	1079984738
6670713	1079989564
6670261	1079985231
6670330	1079984818
6670350	1079984815
6670247	1079985250
6670614	1079989942
6670745	1079989836
1991667	1016148499
1982896	1016187471
1985830	1016202417
1986451	1016180054
1984501	1016201072
1984510	1016201073
1985398	1016203866
1986627	1016177078
2004964	1002790055
1996129	1016180864
2004892	1002879812
1986553	1016181527
1986398	1016177712
1995976	1016179947
1986023	1016180548
2004963	1002827128
1982917	1016187496
2004898	1002768245
2004924	1002788275
2004951	1002760290
1984045	1016200007
1995269	1016177910
1983662	1016187389
1983648	1016187384
1986057	1016181411
1986391	1016177694
1995394	1016179191
1991011	1016183637
1985866	1016202457
1995321	1016177975
1995339	1016177978
1996924	1016180999
1991918	1016182983
1997779	1016189499
1991814	1016183453
1997035	1016180254
2004848	1002836064
1986467	1016180085
2004930	1002760853
1997764	1016189482
1576345	1002784892
1985821	1016202416
1985819	1016202414
1985408	1016203896
1996696	1016189670
1991788	1016183420
1985539	1016202772
1983732	1016210594
1985414	1016203883
1996704	1016189687
1985536	1016202769
1997710	1016189432
1983612	1016187327
1982866	1016187456
2004853	1002789307
1996039	1016179134
2002422	1016211940
1987125	1016190174
2006137	1016190676
2006059	1016190398
1988109	1016222480
1988118	1016222481
1986334	1016177638
1989056	1016219557
2002512	1016213495
2002528	1016213504
2003252	1016210838
2006158	1016190699
2005102	1016188568
2002586	1016211158
1982870	1016187441
2003322	1016210906
1994278	1016212829
2002778	1016210325
1989476	1016190783
2002702	1016213310
1994252	1016212796
1993691	1016212852
1989280	1016185272
1988107	1016222478
1991698	1016148534
1576277	1002884348
7272530	1016163663
1997110	1016178403
5666965	1016672503
\.


--
-- Name: container_container_id_seq; Type: SEQUENCE SET; Schema: public; Owner: postgres
--

SELECT pg_catalog.setval('container_container_id_seq', 1, false);


--
-- Name: container_specs_container_specs_id_seq; Type: SEQUENCE SET; Schema: public; Owner: postgres
--

SELECT pg_catalog.setval('container_specs_container_specs_id_seq', 1, false);


--
-- Data for Name: containment; Type: TABLE DATA; Schema: public; Owner: postgres
--

COPY containment (holder_id, held_id, col, "row") FROM stdin;
12641	1951037	0	6
12641	1951077	3	5
12641	1950822	2	0
12641	1951110	2	5
12641	1951106	0	5
12641	1950946	0	3
12641	1950950	2	3
12641	1950806	0	2
12641	1950770	2	1
12641	1950768	1	1
12641	1950990	2	4
12641	1950988	1	4
12641	1951108	1	5
12641	1951079	4	5
12641	1951041	2	6
12641	1950986	0	4
12641	1950808	1	2
12641	1950810	2	2
12641	1950952	3	3
12641	1951043	3	6
12641	1950766	0	1
12641	1950994	4	4
12641	1950992	3	4
12641	1950519	2	7
12641	1950523	0	7
12641	1256025	0	0
12641	919282	1	0
12641	1950515	3	7
12641	1951049	4	6
12641	1951047	5	1
12641	1951081	5	0
12641	1951083	4	3
12641	1951051	4	1
12641	1951053	3	1
12641	1256034	4	2
12641	1951001	3	0
12641	1950999	1	7
12641	1256055	3	2
12641	1951089	1	6
12641	1951085	4	0
12641	919239	1	3
12641	1256031	4	7
12641	2495902	11	3
12641	5847981	8	5
12641	5847985	7	1
12641	5847987	9	7
12641	2495929	11	0
12641	2495927	11	7
12641	5847988	9	2
12641	5847984	6	6
12641	5847983	7	0
12641	5847982	8	0
12641	5847986	10	3
12641	2495898	11	5
12641	2495958	11	6
12641	2495960	11	2
12641	2762610	11	1
12641	2495900	11	4
12641	2495956	10	7
28390	5667323	0	2
28390	5667135	9	1
28390	5667145	3	2
28390	5667178	9	0
28390	5667184	9	2
28390	5667200	3	1
28390	5667227	0	1
28390	5667165	6	2
28390	5667166	0	0
28390	5667243	3	0
28390	5667171	9	6
28390	5667310	9	4
28390	5667318	6	6
28390	5667146	3	5
28390	5667312	3	4
28390	5667112	6	4
28390	5667308	3	6
28390	5667099	0	6
28390	5667159	6	3
28390	5667133	5	3
28390	5667156	3	3
28390	5667102	9	3
28390	5667193	9	7
28390	5667174	10	3
28390	5667168	4	3
28390	5667113	7	3
28390	5667219	7	7
28390	5667131	1	3
28390	5667212	10	7
28390	5667106	5	7
28390	5667152	8	7
28390	5667151	2	3
28390	5667128	8	3
28390	5667322	6	1
28390	5667285	0	4
28390	5667281	0	5
28390	5667213	6	5
28390	5667161	9	5
28390	5667177	11	1
28390	5667188	5	0
28390	5667120	10	1
28390	5667107	11	2
28390	5667162	2	0
28390	5667130	11	0
28390	5667103	4	0
28390	5162216	2	2
28390	5667255	4	1
28390	5162223	2	1
28390	5006591	1	1
28390	2402864	11	3
28390	5667167	10	2
28390	5162198	1	0
28390	5168911	1	2
28390	5655657	5	6
28390	5667303	2	5
28390	1946829	7	1
28390	5374268	8	5
28390	5655755	6	7
28390	5453635	0	7
28390	5667199	5	5
28390	1931531	7	5
28390	5655742	7	2
28390	5587882	8	0
28390	4470560	4	2
28390	5484620	4	6
28390	5667108	5	4
28390	5667136	5	2
28390	5667224	4	4
28390	5587872	11	4
28390	5587875	10	4
28390	5587878	11	6
28390	5162222	4	5
28390	5162227	1	6
28390	5162226	2	6
28390	5587867	11	7
28390	5587868	10	5
28390	5655719	7	0
28390	5587869	7	6
28390	5587880	8	6
28390	5453650	8	4
28390	5667316	7	4
28390	5655594	1	5
28390	5667097	5	1
28390	1931486	4	7
28390	4470512	1	7
28390	5655680	2	4
28390	5667288	8	2
28390	3800933	2	7
28390	2334657	3	7
28390	5870168	8	1
28390	5655702	10	6
28390	5870151	6	0
28390	5655746	10	0
28390	1677089	0	3
28390	2414491	1	4
29912	5914452	8	7
29912	5914453	7	7
29912	5914454	2	7
29912	5914455	6	7
29912	5914458	3	7
29912	5914459	4	5
29912	5914460	3	5
29912	5914461	6	5
29912	5914462	5	5
29912	5914463	2	5
29912	5914464	8	5
29912	5914465	7	5
29912	5914467	5	3
29912	5914468	4	3
29912	5914469	3	3
29912	5914471	1	3
29912	5914472	9	7
29912	5914473	10	7
29912	5914474	11	7
29912	5914475	8	3
29912	5914476	7	3
29912	5914477	2	1
29912	5914478	1	1
29912	5914479	4	1
29912	5914480	3	1
29912	5914481	6	1
29912	5914482	5	1
29912	5914483	11	5
29912	5914484	7	1
29912	5914485	9	5
29912	5914486	10	5
29912	5914487	9	3
29912	5914488	10	3
29912	5914489	11	3
29912	5914490	8	1
29912	5914491	11	1
29912	5914492	9	1
29912	5914493	10	1
29912	5914495	10	6
29912	5914496	9	6
29912	5914498	9	4
29912	5914499	11	4
29912	5914500	7	6
29912	5914501	8	6
29912	5914502	4	6
29912	5914503	3	6
29912	5914504	11	2
29912	5914505	10	2
29912	5914506	9	2
29912	5914507	5	6
29912	5914509	6	6
29912	5914511	8	4
29912	5914512	5	4
29912	5914513	6	4
29912	5914514	3	4
29912	5914516	2	4
29912	5914517	7	2
29912	5914518	8	2
29912	5914519	1	2
29912	5914520	2	2
29912	5914521	3	2
29912	5914523	5	2
29912	5914524	6	2
29912	5914647	4	0
29912	5914641	8	0
29912	5914598	10	0
29912	5914599	9	0
29912	5914601	0	0
29912	5914600	1	0
29912	5914596	4	7
29912	5914610	5	7
29912	5914590	4	4
29912	5914593	1	5
29912	5914592	1	6
29912	5914597	2	6
29912	5914594	2	3
29912	5914617	11	6
29912	5914603	6	0
29912	5914612	7	0
29912	5914628	3	0
29912	5914643	2	0
29912	5914648	5	0
29912	5914640	0	1
29912	5914637	1	4
29912	5914639	0	3
29912	5914636	10	4
29912	5914621	0	6
29912	5914635	11	0
29912	5914632	0	7
29912	5914623	1	7
29912	5914631	0	4
29912	5914626	6	3
29912	5914625	7	4
29912	5914629	0	5
29912	5914595	0	2
29912	5914630	4	2
30751	1990255	9	3
30751	2004886	7	5
30751	1985063	3	7
30751	1991055	4	4
30751	1983151	6	5
30751	1991613	1	2
30751	1991300	11	7
30751	2004883	9	5
30751	1984032	8	4
30751	1997825	8	5
30751	1995498	5	2
30751	6169746	4	3
30751	1995600	4	5
30751	6169734	2	2
30751	1991619	4	2
30751	1983675	8	2
30751	1991263	8	1
30751	1990938	9	4
30751	1990269	11	3
30751	1984766	8	7
30751	6169744	10	1
30751	1983629	8	3
30751	1992888	11	5
30751	1992241	8	6
30751	1990339	2	5
30751	1990091	1	1
30751	1995458	3	5
30751	1991061	10	4
30751	1995224	6	1
30751	1997968	9	6
30751	1997966	7	6
30751	1995647	10	5
30751	1984211	9	2
30751	1995519	9	1
30751	1996753	7	3
30751	1992008	7	4
30751	2012024	3	4
30751	1990671	6	4
30751	1990299	11	4
30751	2003475	6	3
30751	1991668	3	1
30751	1984919	4	1
30751	1986469	6	6
30751	1984824	5	4
30751	1990412	7	2
30751	1989881	2	1
30751	1997176	10	7
30751	1990403	7	7
30751	1990717	3	6
30751	1997731	3	3
30751	1996083	5	6
30751	1983617	3	2
30751	1995457	2	6
30751	1995285	2	7
30751	1985212	10	6
30751	2004734	0	1
30751	1997854	7	0
30751	1983287	0	3
30751	1995713	1	5
30751	1985689	0	2
30751	1989729	0	5
30751	1995864	9	0
30751	1986307	11	0
30751	1996960	10	0
30751	1997473	5	0
30751	1995841	3	0
30751	1996804	4	0
30751	1991250	6	0
30751	1983601	1	3
30751	1997170	11	2
30751	1990182	4	6
30751	1997673	10	3
30751	1985545	1	4
30751	1988204	0	0
30751	1988239	2	0
30751	1988235	1	0
30751	6169739	6	7
30751	1987647	1	7
30751	1993692	1	6
30751	2003031	5	7
30751	1992995	0	7
30751	1992609	0	6
30751	833791	10	2
30751	837621	4	7
30751	2414072	11	1
30751	1991646	5	5
30751	7272434	5	1
32427	6670284	2	2
32427	6670292	5	2
32427	6670297	0	6
32427	6670318	5	1
32427	6670440	9	1
32427	6670442	2	3
32427	6670444	9	6
32427	6670239	8	7
32427	6670240	3	7
32427	6670630	5	5
32427	6670479	0	7
32427	6670464	5	6
32427	6670506	9	2
32427	6670302	8	2
32427	6670266	4	1
32427	6670476	0	1
32427	6670470	8	1
32427	6670453	6	2
32427	6670454	6	5
32427	6670503	6	1
32427	6670251	7	1
32427	6670252	2	6
32427	6670493	1	4
32427	6670486	4	3
32427	6670233	5	3
32427	6670696	1	1
32427	6670425	10	1
32427	6670698	5	4
32427	6670691	8	4
32427	6670673	9	3
32427	6670672	0	3
32427	6670427	8	3
32427	6670516	8	5
32427	6670515	1	7
32427	6670513	2	4
32427	6670508	2	7
32427	6670631	10	2
32427	6670636	2	1
32427	6670670	2	5
32427	6670701	9	5
32427	6670435	1	5
32427	6670489	0	2
32427	6670287	3	5
32427	6670639	3	1
32427	6670661	3	3
32427	6670677	1	2
32427	6670460	0	5
32427	6670458	0	4
32427	6670430	7	3
32427	6670469	3	4
32427	6670314	6	7
32427	6670315	9	7
32427	6670311	7	2
32427	6670259	9	4
32427	6670260	8	6
32427	6670235	4	2
32427	6670690	6	3
32427	6670279	3	6
32427	6670494	1	3
32427	6670702	10	3
32427	6670473	3	2
32427	6670262	6	4
32427	6670274	5	7
32427	6670275	6	6
32427	6670276	1	6
32427	6670308	11	4
32427	6670142	7	0
32427	6670189	2	0
32427	6670456	10	7
32427	6670491	11	3
32427	6670492	11	5
32427	6670624	4	5
32427	6670246	7	6
32427	6670424	7	7
32427	6670658	4	4
32427	6670727	1	0
32427	6670777	9	0
32427	6670432	11	6
32427	6670461	4	6
32427	6670310	10	4
32427	6670207	6	0
32427	6670411	0	0
32427	6670303	10	5
32427	6670447	11	2
32427	6670635	11	0
32427	6670693	10	6
32427	6670662	4	7
32427	6670255	7	5
32427	6670391	5	0
32427	6670713	10	0
32427	6670261	7	4
32427	6670330	8	0
32427	6670350	4	0
32427	6670247	11	1
32427	6670614	11	7
32427	6670745	3	0
33369	1991667	1	4
33369	1982896	6	3
33369	1985830	3	6
33369	1986451	7	6
33369	1984501	8	0
33369	1984510	8	1
33369	1985398	1	0
33369	1986627	9	0
33369	2004964	9	3
33369	1996129	5	1
33369	2004892	4	6
33369	1986553	8	5
33369	1986398	7	3
33369	1995976	5	5
33369	1986023	10	0
33369	2004963	9	2
33369	1982917	6	4
33369	2004898	5	0
33369	2004924	7	4
33369	2004951	8	3
33369	1984045	9	1
33369	1995269	2	3
33369	1983662	5	4
33369	1983648	5	2
33369	1986057	10	3
33369	1986391	7	2
33369	1995394	0	6
33369	1991011	1	2
33369	1985866	9	4
33369	1995321	3	0
33369	1995339	4	0
33369	1996924	7	0
33369	1991918	4	3
33369	1997779	10	6
33369	1991814	2	6
33369	1997035	4	1
33369	2004848	2	0
33369	1986467	8	2
33369	2004930	7	1
33369	1997764	4	2
33369	1576345	10	2
33369	1985821	3	5
33369	1985819	3	4
33369	1985408	9	6
33369	1996696	1	1
33369	1991788	2	5
33369	1985539	2	1
33369	1983732	8	4
33369	1985414	9	5
33369	1996704	3	2
33369	1985536	1	5
33369	1997710	1	3
33369	1983612	3	3
33369	1982866	6	0
33369	2004853	2	2
33369	1996039	6	1
33369	2002422	11	3
33369	1987125	11	5
33369	2006137	0	0
33369	2006059	1	7
33369	1988109	5	7
33369	1988118	11	7
33369	1986334	5	6
33369	1989056	3	7
33369	2002512	11	4
33369	2002528	7	7
33369	2003252	0	2
33369	2006158	6	7
33369	2005102	0	3
33369	2002586	11	2
33369	1982870	6	6
33369	2003322	10	4
33369	1994278	10	7
33369	2002778	11	1
33369	1989476	0	1
33369	2002702	11	0
33369	1994252	4	7
33369	1993691	0	7
33369	1989280	8	7
33369	1988107	2	7
33369	1991698	1	6
33369	1576277	6	2
33369	7272530	11	6
33369	1997110	4	4
33369	5666965	10	1
\.


--
-- Data for Name: db_release; Type: TABLE DATA; Schema: public; Owner: postgres
--

COPY db_release (db_release_id, version, db_source_id, release_date, download_source) FROM stdin;
\.


--
-- Data for Name: current_db_release; Type: TABLE DATA; Schema: public; Owner: postgres
--

COPY current_db_release (db_release_id, db_source_id) FROM stdin;
\.


--
-- Data for Name: db_group; Type: TABLE DATA; Schema: public; Owner: postgres
--

COPY db_group (db_group_id, login, password) FROM stdin;
\.


--
-- Name: db_group_db_group_id_seq; Type: SEQUENCE SET; Schema: public; Owner: postgres
--

SELECT pg_catalog.setval('db_group_db_group_id_seq', 1, false);


--
-- Data for Name: db_group_users; Type: TABLE DATA; Schema: public; Owner: postgres
--

COPY db_group_users (db_group_id, db_user_id) FROM stdin;
\.


--
-- Name: db_release_db_release_id_seq; Type: SEQUENCE SET; Schema: public; Owner: postgres
--

SELECT pg_catalog.setval('db_release_db_release_id_seq', 1, false);


--
-- Name: db_source_db_source_id_seq; Type: SEQUENCE SET; Schema: public; Owner: postgres
--

SELECT pg_catalog.setval('db_source_db_source_id_seq', 1, false);


--
-- Name: db_user_db_user_id_seq; Type: SEQUENCE SET; Schema: public; Owner: postgres
--

SELECT pg_catalog.setval('db_user_db_user_id_seq', 1, false);


--
-- Name: device_device_id_seq; Type: SEQUENCE SET; Schema: public; Owner: postgres
--

SELECT pg_catalog.setval('device_device_id_seq', 1, false);


--
-- Name: device_type_device_type_id_seq; Type: SEQUENCE SET; Schema: public; Owner: postgres
--

SELECT pg_catalog.setval('device_type_device_type_id_seq', 1, false);


--
-- Data for Name: dilution_job_step; Type: TABLE DATA; Schema: public; Owner: postgres
--

COPY dilution_job_step (job_step_id, diluent_volume) FROM stdin;
\.


--
-- Data for Name: versioned_transcript; Type: TABLE DATA; Schema: public; Owner: postgres
--

COPY versioned_transcript (versioned_transcript_id, transcript_id, version, sequence) FROM stdin;
\.


--
-- Data for Name: intended_target; Type: TABLE DATA; Schema: public; Owner: postgres
--

COPY intended_target (molecule_design_id, versioned_transcript_id) FROM stdin;
\.


--
-- Data for Name: double_stranded_intended_target; Type: TABLE DATA; Schema: public; Owner: postgres
--

COPY double_stranded_intended_target (molecule_design_id, sequence_1_orientation, versioned_transcript_id) FROM stdin;
\.


--
-- Data for Name: gene2annotation; Type: TABLE DATA; Schema: public; Owner: postgres
--

COPY gene2annotation (gene2annotation_id, gene_id, annotation_id) FROM stdin;
\.


--
-- Data for Name: release_gene2annotation; Type: TABLE DATA; Schema: public; Owner: postgres
--

COPY release_gene2annotation (release_gene2annotation_id, db_release_id, gene2annotation_id) FROM stdin;
\.


--
-- Data for Name: evidence; Type: TABLE DATA; Schema: public; Owner: postgres
--

COPY evidence (release_gene2annotation_id, evidence) FROM stdin;
\.


--
-- Data for Name: transfer_type; Type: TABLE DATA; Schema: public; Owner: thelma
--

COPY transfer_type (name) FROM stdin;
LIQUID_TRANSFER
SAMPLE_DILUTION
SAMPLE_TRANSFER
RACK_SAMPLE_TRANSFER
\.


--
-- Data for Name: planned_liquid_transfer; Type: TABLE DATA; Schema: public; Owner: gathmann
--

COPY planned_liquid_transfer (planned_liquid_transfer_id, volume, transfer_type, hash_value) FROM stdin;
\.


--
-- Data for Name: executed_liquid_transfer; Type: TABLE DATA; Schema: public; Owner: thelma
--

COPY executed_liquid_transfer (executed_liquid_transfer_id, db_user_id, "timestamp", transfer_type, planned_liquid_transfer_id) FROM stdin;
\.


--
-- Name: executed_liquid_transfer_executed_liquid_transfer_id_seq; Type: SEQUENCE SET; Schema: public; Owner: thelma
--

SELECT pg_catalog.setval('executed_liquid_transfer_executed_liquid_transfer_id_seq', 1, false);


--
-- Data for Name: executed_rack_sample_transfer; Type: TABLE DATA; Schema: public; Owner: thelma
--

COPY executed_rack_sample_transfer (executed_liquid_transfer_id, target_rack_id, source_rack_id) FROM stdin;
\.


--
-- Data for Name: reservoir_specs; Type: TABLE DATA; Schema: public; Owner: thelma
--

COPY reservoir_specs (reservoir_specs_id, description, rack_shape_name, max_volume, min_dead_volume, max_dead_volume, name) FROM stdin;
1	Quarter modular reservoir	1x4	0.0400000000000000008	0.0050000000000000001	0.0050000000000000001	quarter mod
3	Standard 96-well plate	8x12	0.000250000000000000005	1.00000000000000008e-05	3.00000000000000008e-05	plate 96 std
4	Deepwell 96-well plate	8x12	0.00200000000000000004	1.00000000000000008e-05	3.00000000000000008e-05	plate 96 deep
5	Standard 384-well plate	16x24	0.000120000000000000003	1.00000000000000008e-05	3.00000000000000008e-05	plate 384 std
6	Falcon tube for manual preparation	1x1	0.0149999999999999994	0.00050000000000000001	0.00050000000000000001	falcon tube
7	Stock rack 96 tubes	8x12	0.00050000000000000001	5.00000000000000041e-06	5.00000000000000041e-06	stock rack
2	Microfuge tube rack 4x6	4x6	0.0050000000000000001	2.50000000000000012e-05	2.50000000000000012e-05	microfuge rack
\.


--
-- Data for Name: executed_sample_dilution; Type: TABLE DATA; Schema: public; Owner: thelma
--

COPY executed_sample_dilution (executed_liquid_transfer_id, target_container_id, reservoir_specs_id) FROM stdin;
\.


--
-- Data for Name: executed_sample_transfer; Type: TABLE DATA; Schema: public; Owner: thelma
--

COPY executed_sample_transfer (executed_liquid_transfer_id, source_container_id, target_container_id) FROM stdin;
\.


--
-- Data for Name: pipetting_specs; Type: TABLE DATA; Schema: public; Owner: berger
--

COPY pipetting_specs (pipetting_specs_id, name, min_transfer_volume, max_transfer_volume, max_dilution_factor, has_dynamic_dead_volume, is_sector_bound) FROM stdin;
1	manual	4.99999999999999977e-07	0.100000000000000006	1000	f	f
2	BioMek	1.99999999999999991e-06	0.000250000000000000005	500	t	f
3	CyBio	9.99999999999999955e-07	0.000100000000000000005	100	f	t
4	BioMekStock	9.99999999999999955e-07	0.000250000000000000005	500	f	f
\.


--
-- Data for Name: planned_worklist; Type: TABLE DATA; Schema: public; Owner: thelma
--

COPY planned_worklist (planned_worklist_id, label, transfer_type, pipetting_specs_id) FROM stdin;
\.


--
-- Data for Name: executed_worklist; Type: TABLE DATA; Schema: public; Owner: thelma
--

COPY executed_worklist (executed_worklist_id, planned_worklist_id) FROM stdin;
\.


--
-- Name: executed_worklist_executed_worklist_id_seq; Type: SEQUENCE SET; Schema: public; Owner: thelma
--

SELECT pg_catalog.setval('executed_worklist_executed_worklist_id_seq', 1, false);


--
-- Data for Name: executed_worklist_member; Type: TABLE DATA; Schema: public; Owner: thelma
--

COPY executed_worklist_member (executed_worklist_id, executed_liquid_transfer_id) FROM stdin;
\.


--
-- Data for Name: experiment_metadata_type; Type: TABLE DATA; Schema: public; Owner: berger
--

COPY experiment_metadata_type (experiment_metadata_type_id, display_name) FROM stdin;
OPTI	optimisation with robot-support
MANUAL	manual optimisation
SCREEN	screening
LIBRARY	library screening
ISO-LESS	seeding (without ISO)
QPCR	qPCR
ORDER-ONLY	ISO without experiment
\.


--
-- Data for Name: experiment_metadata; Type: TABLE DATA; Schema: public; Owner: thelma
--

COPY experiment_metadata (experiment_metadata_id, label, subproject_id, number_replicates, creation_date, ticket_number, experiment_metadata_type_id) FROM stdin;
\.


--
-- Data for Name: experiment_design; Type: TABLE DATA; Schema: public; Owner: thelma
--

COPY experiment_design (experiment_design_id, rack_shape_name, experiment_metadata_id) FROM stdin;
\.


--
-- Name: experiment_design_experiment_design_id_seq; Type: SEQUENCE SET; Schema: public; Owner: thelma
--

SELECT pg_catalog.setval('experiment_design_experiment_design_id_seq', 1, false);


--
-- Data for Name: rack_layout; Type: TABLE DATA; Schema: public; Owner: thelma
--

COPY rack_layout (rack_layout_id, rack_shape_name) FROM stdin;
\.


--
-- Data for Name: experiment_design_rack; Type: TABLE DATA; Schema: public; Owner: thelma
--

COPY experiment_design_rack (experiment_design_rack_id, label, experiment_design_id, rack_layout_id) FROM stdin;
\.


--
-- Name: experiment_design_rack_experiment_design_rack_id_seq; Type: SEQUENCE SET; Schema: public; Owner: thelma
--

SELECT pg_catalog.setval('experiment_design_rack_experiment_design_rack_id_seq', 1, false);


--
-- Name: experiment_metadata_experiment_metadata_id_seq; Type: SEQUENCE SET; Schema: public; Owner: thelma
--

SELECT pg_catalog.setval('experiment_metadata_experiment_metadata_id_seq', 1, false);


--
-- Data for Name: iso_request; Type: TABLE DATA; Schema: public; Owner: thelma
--

COPY iso_request (iso_request_id, label, expected_number_isos, owner, number_aliquots, iso_type) FROM stdin;
\.


--
-- Data for Name: experiment_metadata_iso_request; Type: TABLE DATA; Schema: public; Owner: gathmann
--

COPY experiment_metadata_iso_request (experiment_metadata_id, iso_request_id) FROM stdin;
\.


--
-- Data for Name: molecule_design_set; Type: TABLE DATA; Schema: public; Owner: thelma
--

COPY molecule_design_set (molecule_design_set_id, set_type) FROM stdin;
284356	POOL
284396	POOL
284141	POOL
284429	POOL
284425	POOL
284265	POOL
284269	POOL
284125	POOL
284089	POOL
284087	POOL
284309	POOL
284307	POOL
284427	POOL
284398	POOL
284360	POOL
284305	POOL
284127	POOL
284129	POOL
284271	POOL
284362	POOL
284085	POOL
284313	POOL
284311	POOL
283838	POOL
283842	POOL
281850	POOL
279661	POOL
283834	POOL
284368	POOL
284366	POOL
284400	POOL
284402	POOL
284370	POOL
284372	POOL
281859	POOL
284320	POOL
284318	POOL
281880	POOL
284408	POOL
284404	POOL
279618	POOL
281856	POOL
325776	POOL
333763	POOL
325803	POOL
325801	POOL
325772	POOL
325832	POOL
325834	POOL
325848	POOL
325774	POOL
325830	POOL
199937	POOL
204157	POOL
204148	POOL
197480	POOL
204169	POOL
204402	POOL
204258	POOL
204195	POOL
204197	POOL
204250	POOL
204160	POOL
204280	POOL
199092	POOL
201040	POOL
199476	POOL
204163	POOL
204266	POOL
200451	POOL
204159	POOL
199907	POOL
204139	POOL
197680	POOL
204293	POOL
204172	POOL
204140	POOL
204200	POOL
204326	POOL
204125	POOL
204228	POOL
204175	POOL
204187	POOL
204180	POOL
204185	POOL
179725	POOL
204291	POOL
204270	POOL
204212	POOL
204313	POOL
204174	POOL
204189	POOL
180153	POOL
204124	POOL
204208	POOL
204176	POOL
204173	POOL
197224	POOL
179948	POOL
203642	POOL
200800	POOL
202891	POOL
204135	POOL
203645	POOL
202911	POOL
204565	POOL
204279	POOL
202356	POOL
204034	POOL
199281	POOL
204048	POOL
204252	POOL
202223	POOL
204337	POOL
202085	POOL
203435	POOL
203447	POOL
204144	POOL
204165	POOL
200220	POOL
204105	POOL
204100	POOL
200698	POOL
204103	POOL
182260	POOL
204058	POOL
204281	POOL
204449	POOL
204142	POOL
182462	POOL
203457	POOL
182340	POOL
204271	POOL
203419	POOL
197713	POOL
205007	POOL
204120	POOL
204934	POOL
199508	POOL
201622	POOL
202963	POOL
1063165	POOL
1056905	POOL
1060525	POOL
1064399	POOL
1056982	POOL
1062335	POOL
1062816	POOL
1061547	POOL
1063254	POOL
1059666	POOL
1061739	POOL
1063240	POOL
1061179	POOL
1058327	POOL
1061986	POOL
1065402	POOL
1058745	POOL
1064016	POOL
1066001	POOL
1063581	POOL
1059978	POOL
1056064	POOL
1062770	POOL
1063521	POOL
1064840	POOL
1063719	POOL
1065828	POOL
1062497	POOL
1057922	POOL
1063573	POOL
1057689	POOL
1065966	POOL
1059339	POOL
1062248	POOL
1064701	POOL
1056929	POOL
1056356	POOL
1063145	POOL
1058840	POOL
1060600	POOL
1062478	POOL
1062158	POOL
1062162	POOL
1064277	POOL
1060922	POOL
1064825	POOL
1057842	POOL
1058019	POOL
1066022	POOL
1059163	POOL
1061812	POOL
1058657	POOL
1062975	POOL
1059363	POOL
1056206	POOL
1063124	POOL
1056942	POOL
1060100	POOL
1065035	POOL
1061540	POOL
1064612	POOL
1063295	POOL
1060726	POOL
1063579	POOL
1065245	POOL
1060194	POOL
1059892	POOL
1056841	POOL
1066101	POOL
1059580	POOL
1057647	POOL
1059225	POOL
1065838	POOL
1061522	POOL
1065382	POOL
1059261	POOL
1064658	POOL
1062670	POOL
1061531	POOL
1058199	POOL
1059464	POOL
1065307	POOL
1062207	POOL
1062269	POOL
1065437	POOL
1063617	POOL
1062279	POOL
1061055	POOL
1059850	POOL
1063932	POOL
1057077	POOL
1063670	POOL
1062581	POOL
1064461	POOL
1060819	POOL
1065500	POOL
292225	POOL
306745	POOL
287040	POOL
293025	POOL
285129	POOL
293583	POOL
293270	POOL
306742	POOL
286010	POOL
299699	POOL
297378	POOL
287089	POOL
297480	POOL
1020102	POOL
293589	POOL
285653	POOL
293233	POOL
292908	POOL
292239	POOL
286744	POOL
286581	POOL
285607	POOL
282843	POOL
294211	POOL
292309	POOL
292061	POOL
297338	POOL
293031	POOL
297104	POOL
299842	POOL
299840	POOL
297526	POOL
286189	POOL
297399	POOL
298628	POOL
293978	POOL
313871	POOL
292641	POOL
292269	POOL
282887	POOL
293638	POOL
286897	POOL
288444	POOL
286802	POOL
292382	POOL
291851	POOL
299050	POOL
292373	POOL
292687	POOL
299605	POOL
297961	POOL
285595	POOL
297337	POOL
297165	POOL
287188	POOL
306593	POOL
299728	POOL
285265	POOL
297592	POOL
287665	POOL
291699	POOL
297743	POOL
288282	POOL
298834	POOL
299347	POOL
297720	POOL
298678	POOL
293220	POOL
285579	POOL
299044	POOL
292152	POOL
299547	POOL
287521	POOL
290175	POOL
290210	POOL
290206	POOL
325925	POOL
289619	POOL
295661	POOL
304902	POOL
294965	POOL
294579	POOL
272970	POOL
276786	POOL
317047	POOL
293616	POOL
1071223	POOL
1069666	POOL
1069675	POOL
1069959	POOL
1070128	POOL
1069625	POOL
1070238	POOL
1069986	POOL
1070066	POOL
1070050	POOL
1069895	POOL
1070036	POOL
1069973	POOL
1069688	POOL
1069685	POOL
1069614	POOL
1069601	POOL
1070135	POOL
1069678	POOL
1069900	POOL
1069618	POOL
1069620	POOL
1069964	POOL
1069795	POOL
1069731	POOL
1069737	POOL
1070116	POOL
1070144	POOL
1069806	POOL
1069821	POOL
1069752	POOL
1069718	POOL
1069747	POOL
1069906	POOL
1070038	POOL
1070310	POOL
1070045	POOL
1069690	POOL
1069608	POOL
1069704	POOL
1070137	POOL
1069870	POOL
1070171	POOL
1070217	POOL
1069612	POOL
1070200	POOL
1070175	POOL
1070130	POOL
1069791	POOL
1070280	POOL
1069800	POOL
1070059	POOL
1070071	POOL
1070194	POOL
1069823	POOL
1069637	POOL
1070182	POOL
1069741	POOL
1069967	POOL
1070233	POOL
1069754	POOL
1069668	POOL
1069812	POOL
1070055	POOL
1069979	POOL
1069960	POOL
1070100	POOL
1070032	POOL
1069871	POOL
1070154	POOL
1070092	POOL
1070103	POOL
1069696	POOL
1069651	POOL
1070110	POOL
1069694	POOL
1069867	POOL
1070040	POOL
1070104	POOL
1070187	POOL
1070149	POOL
1070026	POOL
1069965	POOL
1070151	POOL
1069655	POOL
1070211	POOL
1070153	POOL
1069700	POOL
1069649	POOL
1069936	POOL
1069942	POOL
1069644	POOL
1070037	POOL
1069933	POOL
1070087	POOL
1069595	POOL
1069931	POOL
293637	POOL
284874	POOL
287806	POOL
288426	POOL
286479	POOL
286488	POOL
287374	POOL
288602	POOL
306823	POOL
298007	POOL
306751	POOL
288528	POOL
288373	POOL
297855	POOL
287998	POOL
306822	POOL
284895	POOL
306757	POOL
306783	POOL
306810	POOL
286023	POOL
297149	POOL
285640	POOL
285626	POOL
288032	POOL
288366	POOL
297274	POOL
292981	POOL
287842	POOL
297201	POOL
297219	POOL
298798	POOL
293888	POOL
299653	POOL
293784	POOL
298909	POOL
306707	POOL
288442	POOL
306789	POOL
299638	POOL
282735	POOL
287797	POOL
287795	POOL
287384	POOL
298571	POOL
293758	POOL
287515	POOL
285710	POOL
287390	POOL
298579	POOL
287512	POOL
299584	POOL
285590	POOL
284844	POOL
306712	POOL
297918	POOL
304295	POOL
289098	POOL
307995	POOL
307917	POOL
290080	POOL
290089	POOL
288309	POOL
291026	POOL
304385	POOL
304401	POOL
305122	POOL
308016	POOL
306961	POOL
304459	POOL
284848	POOL
305192	POOL
296246	POOL
304651	POOL
291446	POOL
304575	POOL
296220	POOL
295660	POOL
291250	POOL
290078	POOL
293668	POOL
282667	POOL
333044	POOL
298984	POOL
326712	POOL
\.


--
-- Data for Name: experiment_metadata_molecule_design_set; Type: TABLE DATA; Schema: public; Owner: gathmann
--

COPY experiment_metadata_molecule_design_set (experiment_metadata_id, molecule_design_set_id) FROM stdin;
\.


--
-- Data for Name: target_set; Type: TABLE DATA; Schema: public; Owner: thelma
--

COPY target_set (target_set_id, label) FROM stdin;
\.


--
-- Data for Name: experiment_metadata_target_set; Type: TABLE DATA; Schema: public; Owner: gathmann
--

COPY experiment_metadata_target_set (experiment_metadata_id, target_set_id) FROM stdin;
\.


--
-- Name: experiment_sample_experiment_sample_id_seq; Type: SEQUENCE SET; Schema: public; Owner: postgres
--

SELECT pg_catalog.setval('experiment_sample_experiment_sample_id_seq', 1, false);


--
-- Data for Name: new_job; Type: TABLE DATA; Schema: public; Owner: gathmann
--

COPY new_job (job_id, job_type, label, user_id, creation_time) FROM stdin;
\.


--
-- Data for Name: new_experiment; Type: TABLE DATA; Schema: public; Owner: thelma
--

COPY new_experiment (experiment_id, label, experiment_design_id, job_id) FROM stdin;
\.


--
-- Data for Name: experiment_source_rack; Type: TABLE DATA; Schema: public; Owner: berger
--

COPY experiment_source_rack (experiment_id, rack_id) FROM stdin;
\.


--
-- Data for Name: external_primer_carrier; Type: TABLE DATA; Schema: public; Owner: postgres
--

COPY external_primer_carrier (carrier_id, species_id, external_carrier_id) FROM stdin;
\.


--
-- Data for Name: file_type; Type: TABLE DATA; Schema: public; Owner: postgres
--

COPY file_type (file_type_id, name, pattern, description) FROM stdin;
\.


--
-- Data for Name: file; Type: TABLE DATA; Schema: public; Owner: postgres
--

COPY file (file_id, file_type_id, file_name, file_extension, file_storage_site_id) FROM stdin;
\.


--
-- Name: file_file_id_seq; Type: SEQUENCE SET; Schema: public; Owner: postgres
--

SELECT pg_catalog.setval('file_file_id_seq', 1, false);


--
-- Name: file_set_file_set_id_seq; Type: SEQUENCE SET; Schema: public; Owner: postgres
--

SELECT pg_catalog.setval('file_set_file_set_id_seq', 1, false);


--
-- Data for Name: file_set_files; Type: TABLE DATA; Schema: public; Owner: postgres
--

COPY file_set_files (file_id, file_set_id) FROM stdin;
\.


--
-- Name: file_storage_site_file_storage_site_id_seq; Type: SEQUENCE SET; Schema: public; Owner: postgres
--

SELECT pg_catalog.setval('file_storage_site_file_storage_site_id_seq', 1, false);


--
-- Name: file_type_file_type_id_seq; Type: SEQUENCE SET; Schema: public; Owner: postgres
--

SELECT pg_catalog.setval('file_type_file_type_id_seq', 1, false);


--
-- Name: gene2annotation_gene2annotation_id_seq; Type: SEQUENCE SET; Schema: public; Owner: postgres
--

SELECT pg_catalog.setval('gene2annotation_gene2annotation_id_seq', 1, false);


--
-- Name: gene_gene_id_seq; Type: SEQUENCE SET; Schema: public; Owner: postgres
--

SELECT pg_catalog.setval('gene_gene_id_seq', 1, false);


--
-- Data for Name: seq_identifier_type; Type: TABLE DATA; Schema: public; Owner: postgres
--

COPY seq_identifier_type (seq_identifier_type_id, db_source_id, name) FROM stdin;
\.


--
-- Data for Name: gene_identifier; Type: TABLE DATA; Schema: public; Owner: postgres
--

COPY gene_identifier (gene_identifier_id, name, seq_identifier_type_id, gene_id) FROM stdin;
\.


--
-- Name: gene_identifier_gene_identifier_id_seq; Type: SEQUENCE SET; Schema: public; Owner: postgres
--

SELECT pg_catalog.setval('gene_identifier_gene_identifier_id_seq', 1, false);


--
-- Name: hybridization_hybridization_id_seq; Type: SEQUENCE SET; Schema: public; Owner: postgres
--

SELECT pg_catalog.setval('hybridization_hybridization_id_seq', 1, false);


--
-- Data for Name: readout_task_item; Type: TABLE DATA; Schema: public; Owner: postgres
--

COPY readout_task_item (file_set_id, task_item_id) FROM stdin;
\.


--
-- Data for Name: image_analysis_task_item; Type: TABLE DATA; Schema: public; Owner: postgres
--

COPY image_analysis_task_item (image_file_set_id, task_item_id) FROM stdin;
\.


--
-- Name: image_object_image_object_id_seq; Type: SEQUENCE SET; Schema: public; Owner: postgres
--

SELECT pg_catalog.setval('image_object_image_object_id_seq', 1, false);


--
-- Data for Name: mirna; Type: TABLE DATA; Schema: public; Owner: postgres
--

COPY mirna (accession, sequence) FROM stdin;
\.


--
-- Data for Name: intended_mirna_target; Type: TABLE DATA; Schema: public; Owner: postgres
--

COPY intended_mirna_target (molecule_design_id, accession) FROM stdin;
\.


--
-- Data for Name: iso; Type: TABLE DATA; Schema: public; Owner: thelma
--

COPY iso (iso_id, label, status, iso_request_id, optimizer_excluded_racks, optimizer_requested_tubes, rack_layout_id, iso_type, number_stock_racks) FROM stdin;
\.


--
-- Data for Name: iso_plate; Type: TABLE DATA; Schema: public; Owner: gathmann
--

COPY iso_plate (iso_plate_id, iso_id, rack_id, iso_plate_type) FROM stdin;
\.


--
-- Data for Name: iso_aliquot_plate; Type: TABLE DATA; Schema: public; Owner: gathmann
--

COPY iso_aliquot_plate (iso_plate_id, has_been_used) FROM stdin;
\.


--
-- Name: iso_iso_id_seq; Type: SEQUENCE SET; Schema: public; Owner: thelma
--

SELECT pg_catalog.setval('iso_iso_id_seq', 1, false);


--
-- Data for Name: iso_job; Type: TABLE DATA; Schema: public; Owner: gathmann
--

COPY iso_job (job_id, number_stock_racks) FROM stdin;
\.


--
-- Data for Name: iso_job_member; Type: TABLE DATA; Schema: public; Owner: thelma
--

COPY iso_job_member (iso_id, job_id) FROM stdin;
\.


--
-- Data for Name: iso_job_preparation_plate; Type: TABLE DATA; Schema: public; Owner: gathmann
--

COPY iso_job_preparation_plate (iso_job_preparation_plate_id, rack_id, rack_layout_id, job_id) FROM stdin;
\.


--
-- Name: iso_job_preparation_plate_iso_job_preparation_plate_id_seq; Type: SEQUENCE SET; Schema: public; Owner: gathmann
--

SELECT pg_catalog.setval('iso_job_preparation_plate_iso_job_preparation_plate_id_seq', 1, false);


--
-- Data for Name: worklist_series; Type: TABLE DATA; Schema: public; Owner: thelma
--

COPY worklist_series (worklist_series_id) FROM stdin;
\.


--
-- Data for Name: stock_rack; Type: TABLE DATA; Schema: public; Owner: gathmann
--

COPY stock_rack (stock_rack_id, label, rack_id, worklist_series_id, rack_layout_id, stock_rack_type) FROM stdin;
\.


--
-- Data for Name: iso_job_stock_rack; Type: TABLE DATA; Schema: public; Owner: gathmann
--

COPY iso_job_stock_rack (stock_rack_id, job_id) FROM stdin;
\.


--
-- Data for Name: iso_molecule_design_set; Type: TABLE DATA; Schema: public; Owner: gathmann
--

COPY iso_molecule_design_set (iso_id, molecule_design_set_id) FROM stdin;
\.


--
-- Name: iso_plate_iso_plate_id_seq; Type: SEQUENCE SET; Schema: public; Owner: gathmann
--

SELECT pg_catalog.setval('iso_plate_iso_plate_id_seq', 1, false);


--
-- Data for Name: molecule_design_pool_set; Type: TABLE DATA; Schema: public; Owner: gathmann
--

COPY molecule_design_pool_set (molecule_design_pool_set_id, molecule_type_id) FROM stdin;
\.


--
-- Data for Name: iso_pool_set; Type: TABLE DATA; Schema: public; Owner: gathmann
--

COPY iso_pool_set (iso_id, molecule_design_pool_set_id) FROM stdin;
\.


--
-- Data for Name: iso_preparation_plate; Type: TABLE DATA; Schema: public; Owner: gathmann
--

COPY iso_preparation_plate (iso_plate_id, rack_layout_id) FROM stdin;
\.


--
-- Data for Name: iso_racks; Type: TABLE DATA; Schema: public; Owner: thelma
--

COPY iso_racks (iso_id, preparation_plate_id, iso_plate_id, stock_rack_id) FROM stdin;
\.


--
-- Name: iso_request_iso_request_id_seq; Type: SEQUENCE SET; Schema: public; Owner: thelma
--

SELECT pg_catalog.setval('iso_request_iso_request_id_seq', 1, false);


--
-- Data for Name: iso_request_pool_set; Type: TABLE DATA; Schema: public; Owner: gathmann
--

COPY iso_request_pool_set (iso_request_id, molecule_design_pool_set_id) FROM stdin;
\.


--
-- Data for Name: iso_sector_preparation_plate; Type: TABLE DATA; Schema: public; Owner: gathmann
--

COPY iso_sector_preparation_plate (iso_plate_id, sector_index, rack_layout_id) FROM stdin;
\.


--
-- Data for Name: iso_sector_stock_rack; Type: TABLE DATA; Schema: public; Owner: gathmann
--

COPY iso_sector_stock_rack (stock_rack_id, iso_id, sector_index) FROM stdin;
\.


--
-- Data for Name: iso_stock_rack; Type: TABLE DATA; Schema: public; Owner: gathmann
--

COPY iso_stock_rack (stock_rack_id, iso_id) FROM stdin;
\.


--
-- Name: job_job_id_seq; Type: SEQUENCE SET; Schema: public; Owner: postgres
--

SELECT pg_catalog.setval('job_job_id_seq', 1, false);


--
-- Name: job_step_job_step_id_seq; Type: SEQUENCE SET; Schema: public; Owner: postgres
--

SELECT pg_catalog.setval('job_step_job_step_id_seq', 1, false);


--
-- Name: job_type_job_type_id_seq; Type: SEQUENCE SET; Schema: public; Owner: postgres
--

SELECT pg_catalog.setval('job_type_job_type_id_seq', 1, false);


--
-- Data for Name: molecule_design_library; Type: TABLE DATA; Schema: public; Owner: gathmann
--

COPY molecule_design_library (molecule_design_library_id, label, molecule_design_pool_set_id, final_volume, final_concentration, number_layouts, rack_layout_id) FROM stdin;
\.


--
-- Data for Name: library_plate; Type: TABLE DATA; Schema: public; Owner: gathmann
--

COPY library_plate (library_plate_id, molecule_design_library_id, rack_id, layout_number, has_been_used) FROM stdin;
\.


--
-- Data for Name: lab_iso_library_plate; Type: TABLE DATA; Schema: public; Owner: gathmann
--

COPY lab_iso_library_plate (iso_id, library_plate_id) FROM stdin;
\.


--
-- Data for Name: lab_iso_request; Type: TABLE DATA; Schema: public; Owner: gathmann
--

COPY lab_iso_request (iso_request_id, delivery_date, comment, requester_id, rack_layout_id, iso_plate_reservoir_specs_id, process_job_first) FROM stdin;
\.


--
-- Data for Name: primer_pair; Type: TABLE DATA; Schema: public; Owner: postgres
--

COPY primer_pair (primer_pair_id, primer_1_id, primer_2_id) FROM stdin;
\.


--
-- Data for Name: legacy_primer_pair; Type: TABLE DATA; Schema: public; Owner: postgres
--

COPY legacy_primer_pair (legacy_id, primer_pair_id) FROM stdin;
\.


--
-- Name: library_plate_library_plate_id_seq; Type: SEQUENCE SET; Schema: public; Owner: gathmann
--

SELECT pg_catalog.setval('library_plate_library_plate_id_seq', 1, false);


--
-- Data for Name: liquid_type; Type: TABLE DATA; Schema: public; Owner: postgres
--

COPY liquid_type (liquid_type_id, name, density) FROM stdin;
\.


--
-- Name: liquid_type_liquid_type_id_seq; Type: SEQUENCE SET; Schema: public; Owner: postgres
--

SELECT pg_catalog.setval('liquid_type_liquid_type_id_seq', 1, false);


--
-- Data for Name: molecule; Type: TABLE DATA; Schema: public; Owner: postgres
--

COPY molecule (molecule_id, insert_date, molecule_design_id, supplier_id) FROM stdin;
450469	2008-11-21 11:15:58.890514+01	10282078	49
450509	2008-11-21 11:15:58.890514+01	10282118	49
450254	2008-11-21 11:15:58.890514+01	10281863	49
450542	2008-11-21 11:15:58.890514+01	10282151	49
450538	2008-11-21 11:15:58.890514+01	10282147	49
450378	2008-11-21 11:15:58.890514+01	10281987	49
450382	2008-11-21 11:15:58.890514+01	10281991	49
450238	2008-11-21 11:15:58.890514+01	10281847	49
450202	2008-11-21 11:15:58.890514+01	10281811	49
450200	2008-11-21 11:15:58.890514+01	10281809	49
450422	2008-11-21 11:15:58.890514+01	10282031	49
450420	2008-11-21 11:15:58.890514+01	10282029	49
450540	2008-11-21 11:15:58.890514+01	10282149	49
450511	2008-11-21 11:15:58.890514+01	10282120	49
450473	2008-11-21 11:15:58.890514+01	10282082	49
450418	2008-11-21 11:15:58.890514+01	10282027	49
450240	2008-11-21 11:15:58.890514+01	10281849	49
450242	2008-11-21 11:15:58.890514+01	10281851	49
450384	2008-11-21 11:15:58.890514+01	10281993	49
450475	2008-11-21 11:15:58.890514+01	10282084	49
450198	2008-11-21 11:15:58.890514+01	10281807	49
450426	2008-11-21 11:15:58.890514+01	10282035	49
450424	2008-11-21 11:15:58.890514+01	10282033	49
449951	2008-11-21 11:15:58.890514+01	10281560	49
449955	2008-11-21 11:15:58.890514+01	10281564	49
405687	2007-08-10 17:08:03.570406+02	10243989	35
401325	2007-04-23 18:10:19.324263+02	10242330	35
449947	2008-11-21 11:15:58.890514+01	10281556	49
450481	2008-11-21 11:15:58.890514+01	10282090	49
450479	2008-11-21 11:15:58.890514+01	10282088	49
450513	2008-11-21 11:15:58.890514+01	10282122	49
450515	2008-11-21 11:15:58.890514+01	10282124	49
450483	2008-11-21 11:15:58.890514+01	10282092	49
450485	2008-11-21 11:15:58.890514+01	10282094	49
405696	2007-08-10 17:08:03.570406+02	10243998	35
450433	2008-11-21 11:15:58.890514+01	10282042	49
450431	2008-11-21 11:15:58.890514+01	10282040	49
405717	2007-08-10 17:08:03.570406+02	10244019	35
450521	2008-11-21 11:15:58.890514+01	10282130	49
450517	2008-11-21 11:15:58.890514+01	10282126	49
401282	2007-04-23 18:10:19.324263+02	10242287	35
405693	2007-08-10 17:08:03.570406+02	10243995	35
538112	2010-02-08 12:28:22.125227+01	10394687	61
557732	2012-10-08 22:44:12.371957+02	10407250	62
557736	2012-10-08 22:44:12.371957+02	10407250	62
557738	2012-10-08 22:44:12.371957+02	10407250	62
538139	2010-02-08 12:28:22.125227+01	10394714	61
538137	2010-02-08 12:28:22.125227+01	10394712	61
557739	2012-10-08 22:44:12.371957+02	10407250	62
557735	2012-10-08 22:44:12.371957+02	10407250	62
557734	2012-10-08 22:44:12.371957+02	10407250	62
557733	2012-10-08 22:44:12.371957+02	10407250	62
557737	2012-10-08 22:44:12.371957+02	10407250	62
538108	2010-02-08 12:28:22.125227+01	10394683	61
538168	2010-02-08 12:28:22.125227+01	10394742	61
538170	2010-02-08 12:28:22.125227+01	10394744	61
538281	2010-02-22 16:19:49.729572+01	10241353	35
538110	2010-02-08 12:28:22.125227+01	10394685	61
538166	2010-02-08 12:28:22.125227+01	10394740	61
557286	2011-12-01 16:24:53.01919+01	10239090	18
557287	2011-12-01 16:24:53.01919+01	10239091	18
556912	2011-12-01 15:19:38.305465+01	10405802	18
556913	2011-12-01 15:19:38.305465+01	10405804	18
556932	2011-12-01 15:19:38.305465+01	10405787	18
556933	2011-12-01 15:19:38.305465+01	10405788	18
556998	2011-12-01 15:19:38.305465+01	10235318	18
556999	2011-12-01 15:19:38.305465+01	10235319	18
557010	2011-12-01 15:19:38.305465+01	10405823	18
557011	2011-12-01 15:19:38.305465+01	10405825	18
557040	2011-12-01 15:36:31.884343+01	10406209	18
557041	2011-12-01 15:36:31.884343+01	10406210	18
557095	2011-12-01 15:36:31.884343+01	10405980	18
557094	2011-12-01 15:36:31.884343+01	10405979	18
556973	2011-12-01 15:19:38.305465+01	10405871	18
556972	2011-12-01 15:19:38.305465+01	10405870	18
556974	2011-12-01 15:19:38.305465+01	10405874	18
556975	2011-12-01 15:19:38.305465+01	10405875	18
557127	2011-12-01 15:36:31.884343+01	10405967	18
557126	2011-12-01 15:36:31.884343+01	10405965	18
556985	2011-12-01 15:19:38.305465+01	10405810	18
556984	2011-12-01 15:19:38.305465+01	10405809	18
557261	2011-12-01 16:24:53.01919+01	10406019	18
557260	2011-12-01 16:24:53.01919+01	10406018	18
557277	2011-12-01 16:24:53.01919+01	10237759	18
557276	2011-12-01 16:24:53.01919+01	10200400	18
556935	2011-12-01 15:19:38.305465+01	10246832	18
556934	2011-12-01 15:19:38.305465+01	10246831	18
557265	2011-12-01 16:24:53.01919+01	10238340	18
557264	2011-12-01 16:24:53.01919+01	10238339	18
556866	2011-12-01 15:19:38.305465+01	10405814	18
556867	2011-12-01 15:19:38.305465+01	10405815	18
557257	2011-12-01 16:24:53.01919+01	10405994	18
557256	2011-12-01 16:24:53.01919+01	10405993	18
556841	2011-12-01 15:19:38.305465+01	10240762	18
556840	2011-12-01 15:19:38.305465+01	10240761	18
556960	2011-12-01 15:19:38.305465+01	10405807	18
556961	2011-12-01 15:19:38.305465+01	10405808	18
556909	2011-12-01 15:19:38.305465+01	10239043	18
556908	2011-12-01 15:19:38.305465+01	10239042	18
556955	2011-12-01 15:19:38.305465+01	10405774	18
556954	2011-12-01 15:19:38.305465+01	10201319	18
556847	2011-12-01 15:19:38.305465+01	10235633	18
556846	2011-12-01 15:19:38.305465+01	10235632	18
557027	2011-12-01 15:36:31.884343+01	10406042	18
557026	2011-12-01 15:36:31.884343+01	10406041	18
556990	2011-12-01 15:19:38.305465+01	10405830	18
556991	2011-12-01 15:19:38.305465+01	10405831	18
556978	2011-12-01 15:19:38.305465+01	10405775	18
556979	2011-12-01 15:19:38.305465+01	10405776	18
556869	2011-12-01 15:19:38.305465+01	10405881	18
556868	2011-12-01 15:19:38.305465+01	10405880	18
557079	2011-12-01 15:36:31.884343+01	10406097	18
557078	2011-12-01 15:36:31.884343+01	10406096	18
556905	2011-12-01 15:19:38.305465+01	10405755	18
556904	2011-12-01 15:19:38.305465+01	10405754	18
557065	2011-12-01 15:36:31.884343+01	10405929	18
557064	2011-12-01 15:36:31.884343+01	10405928	18
556855	2011-12-01 15:19:38.305465+01	10405837	18
556854	2011-12-01 15:19:38.305465+01	10405836	18
556946	2011-12-01 15:19:38.305465+01	10405856	18
556947	2011-12-01 15:19:38.305465+01	10405857	18
556944	2011-12-01 15:19:38.305465+01	10405844	18
556945	2011-12-01 15:19:38.305465+01	10405845	18
556898	2011-12-01 15:19:38.305465+01	10405853	18
556899	2011-12-01 15:19:38.305465+01	10405854	18
557284	2011-12-01 16:24:53.01919+01	10200374	18
557285	2011-12-01 16:24:53.01919+01	10200375	18
557210	2011-12-01 16:24:53.01919+01	10406038	18
557211	2011-12-01 16:24:53.01919+01	10406039	18
557203	2011-12-01 16:24:53.01919+01	10406001	18
557202	2011-12-01 16:24:53.01919+01	10406000	18
557066	2011-12-01 15:36:31.884343+01	10205613	18
557067	2011-12-01 15:36:31.884343+01	10405900	18
556965	2011-12-01 15:19:38.305465+01	10406075	18
556964	2011-12-01 15:19:38.305465+01	10406074	18
556996	2011-12-01 15:19:38.305465+01	10405834	18
556997	2011-12-01 15:19:38.305465+01	10405835	18
557019	2011-12-01 15:19:38.305465+01	10405860	18
557018	2011-12-01 15:19:38.305465+01	10405859	18
556883	2011-12-01 15:19:38.305465+01	10201229	18
556882	2011-12-01 15:19:38.305465+01	10201228	18
556857	2011-12-01 15:19:38.305465+01	10405753	18
556856	2011-12-01 15:19:38.305465+01	10405752	18
556966	2011-12-01 15:19:38.305465+01	10405892	18
556967	2011-12-01 15:19:38.305465+01	10405893	18
556902	2011-12-01 15:19:38.305465+01	10405838	18
556903	2011-12-01 15:19:38.305465+01	10405839	18
556848	2011-12-01 15:19:38.305465+01	10405832	18
556849	2011-12-01 15:19:38.305465+01	10405833	18
550221	2011-02-18 11:05:08.20634+01	10234924	18
550222	2011-02-18 11:05:08.20634+01	10234925	18
557151	2011-12-01 15:36:31.884343+01	10200821	18
557150	2011-12-01 15:36:31.884343+01	10200820	18
550236	2011-02-18 11:05:08.20634+01	10401417	18
550235	2011-02-18 11:05:08.20634+01	10401416	18
543774	2011-01-05 12:01:08.573421+01	10242160	18
543773	2011-01-05 12:01:08.573421+01	10242159	18
519301	2009-09-04 16:36:41.827979+02	10377497	18
519302	2009-09-04 16:36:41.827979+02	10377498	18
556976	2011-12-01 15:19:38.305465+01	10405767	18
556977	2011-12-01 15:19:38.305465+01	10405768	18
550186	2011-02-18 11:05:08.20634+01	10401421	18
550185	2011-02-18 11:05:08.20634+01	10235024	18
519308	2009-09-04 16:36:41.827979+02	10377532	18
519307	2009-09-04 16:36:41.827979+02	10377531	18
556276	2011-11-01 18:20:31.129361+01	10406460	18
556275	2011-11-01 18:20:31.129361+01	10406459	18
557246	2011-12-01 16:24:53.01919+01	10406015	18
557247	2011-12-01 16:24:53.01919+01	10406017	18
446703	2008-11-17 15:31:51.17333+01	10278304	18
446704	2008-11-17 15:31:51.17333+01	10278305	18
553561	2011-05-04 15:40:34.854721+02	10405455	18
553560	2011-05-04 15:40:34.854721+02	10405454	18
556471	2011-11-02 11:03:59.268755+01	10238042	18
556472	2011-11-02 11:03:59.268755+01	10238043	18
554425	2011-05-12 13:03:30.667184+02	10405484	18
554424	2011-05-12 13:03:30.667184+02	10405483	18
557038	2011-12-01 15:36:31.884343+01	10405969	18
557039	2011-12-01 15:36:31.884343+01	10405970	18
443735	2008-10-28 10:51:37.039742+01	10278042	18
443736	2008-10-28 10:51:37.039742+01	10278043	18
556445	2011-11-02 11:03:59.268755+01	10406112	18
556446	2011-11-02 11:03:59.268755+01	10406113	18
555920	2011-08-19 12:26:50.595339+02	10247908	18
555919	2011-08-19 12:26:50.595339+02	10201132	18
543616	2010-11-26 16:31:17.42322+01	10396410	18
543615	2010-11-26 16:31:17.42322+01	10396408	18
554650	2011-05-19 12:40:24.941049+02	10396429	18
554651	2011-05-19 12:40:24.941049+02	10396430	18
556859	2011-12-01 15:19:38.305465+01	10405782	18
556858	2011-12-01 15:19:38.305465+01	10405781	18
556915	2011-12-01 15:19:38.305465+01	10405819	18
556914	2011-12-01 15:19:38.305465+01	10405818	18
557089	2011-12-01 15:36:31.884343+01	10240423	18
557088	2011-12-01 15:36:31.884343+01	10240422	18
555900	2011-08-19 12:26:50.595339+02	10405701	18
555899	2011-08-19 12:26:50.595339+02	10405700	18
555905	2011-08-19 12:26:50.595339+02	10405693	18
555906	2011-08-19 12:26:50.595339+02	10405694	18
555912	2011-08-19 12:26:50.595339+02	10405694	18
555911	2011-08-19 12:26:50.595339+02	10405693	18
550233	2011-02-18 11:05:08.20634+01	10401416	18
550234	2011-02-18 11:05:08.20634+01	10401417	18
550243	2011-02-18 11:05:08.20634+01	10241133	18
550244	2011-02-18 11:05:08.20634+01	10241134	18
550242	2011-02-18 11:05:08.20634+01	10241134	18
550241	2011-02-18 11:05:08.20634+01	10241133	18
555889	2011-08-19 12:26:50.595339+02	10405697	18
555890	2011-08-19 12:26:50.595339+02	10405698	18
555891	2011-08-19 12:26:50.595339+02	10405697	18
555892	2011-08-19 12:26:50.595339+02	10405698	18
556399	2011-11-02 11:03:59.268755+01	10205439	18
556400	2011-11-02 11:03:59.268755+01	10205440	18
555894	2011-08-19 12:26:50.595339+02	10405698	18
555893	2011-08-19 12:26:50.595339+02	10405697	18
555915	2011-08-19 12:26:50.595339+02	10201132	18
555916	2011-08-19 12:26:50.595339+02	10247908	18
554455	2011-05-12 13:03:30.667184+02	10405499	18
554454	2011-05-12 13:03:30.667184+02	10405498	18
557272	2011-12-01 16:24:53.01919+01	10406020	18
557273	2011-12-01 16:24:53.01919+01	10406021	18
556149	2011-11-01 18:20:31.129361+01	10406285	18
556150	2011-11-01 18:20:31.129361+01	10406286	18
556836	2011-12-01 15:19:38.305465+01	10405778	18
556837	2011-12-01 15:19:38.305465+01	10405779	18
443646	2008-10-28 10:51:37.039742+01	10205830	18
443645	2008-10-28 10:51:37.039742+01	10205829	18
543519	2010-11-26 16:27:55.220264+01	10397091	18
543520	2010-11-26 16:27:55.220264+01	10397092	18
556322	2011-11-02 11:03:59.268755+01	10205600	18
556321	2011-11-02 11:03:59.268755+01	10205599	18
557216	2011-12-01 16:24:53.01919+01	10406002	18
557217	2011-12-01 16:24:53.01919+01	10406003	18
542381	2010-10-25 12:16:34.863289+02	10396381	18
542382	2010-10-25 12:16:34.863289+02	10396382	18
517428	2009-04-28 13:42:00.696971+02	10235677	18
517429	2009-04-28 13:42:00.696971+02	10235678	18
557858	2012-11-15 10:51:30.396989+01	10407227	18
557859	2012-11-15 10:51:30.396989+01	10407228	18
556366	2011-11-02 11:03:59.268755+01	10405746	18
556365	2011-11-02 11:03:59.268755+01	10405745	18
557825	2012-11-15 10:51:30.396989+01	10407116	18
557824	2012-11-15 10:51:30.396989+01	10407115	18
556454	2011-11-02 11:03:59.268755+01	10238388	18
556453	2011-11-02 11:03:59.268755+01	10238387	18
409691	2008-04-02 17:15:47.758633+02	10247008	18
409690	2008-04-02 17:15:47.758633+02	10247007	18
519816	2009-11-16 15:35:52.07333+01	10377621	18
519815	2009-11-16 15:35:52.07333+01	10377620	18
487874	2008-11-21 15:12:46.267632+01	10318682	6
501369	2008-11-21 15:12:46.267632+01	10331830	6
483034	2008-11-21 15:12:46.267632+01	10313957	6
488357	2008-11-21 15:12:46.267632+01	10319152	6
511890	2008-11-21 15:12:46.267632+01	10342212	6
485013	2008-11-21 15:12:46.267632+01	10315894	6
506375	2008-11-21 15:12:46.267632+01	10336791	6
503785	2008-11-21 15:12:46.267632+01	10334208	6
495538	2008-11-21 15:12:46.267632+01	10326189	6
511571	2008-11-21 15:12:46.267632+01	10341902	6
488710	2008-11-21 15:12:46.267632+01	10319495	6
482174	2008-11-21 15:12:46.267632+01	10313112	6
504232	2008-11-21 15:12:46.267632+01	10334650	6
509902	2008-11-21 15:12:46.267632+01	10340266	6
505439	2008-11-21 15:12:46.267632+01	10335857	6
487790	2008-11-21 15:12:46.267632+01	10318600	6
501461	2008-11-21 15:12:46.267632+01	10331921	6
483126	2008-11-21 15:12:46.267632+01	10314049	6
513112	2008-11-21 15:12:46.267632+01	10343388	6
482539	2008-11-21 15:12:46.267632+01	10313472	6
500698	2008-11-21 15:12:46.267632+01	10331183	6
484595	2008-11-21 15:12:46.267632+01	10315483	6
486795	2008-11-21 15:12:46.267632+01	10317639	6
510536	2008-11-21 15:12:46.267632+01	10340896	6
508491	2008-11-21 15:12:46.267632+01	10338880	6
494486	2008-11-21 15:12:46.267632+01	10325157	6
486158	2008-11-21 15:12:46.267632+01	10317009	6
490046	2008-11-21 15:12:46.267632+01	10320809	6
497765	2008-11-21 15:12:46.267632+01	10328301	6
517041	2009-04-07 17:23:38.3718+02	10324426	6
491892	2008-11-21 15:12:46.267632+01	10322619	6
499259	2008-11-21 15:12:46.267632+01	10329764	6
489164	2008-11-21 15:12:46.267632+01	10319940	6
487873	2008-11-21 15:12:46.267632+01	10318681	6
501368	2008-11-21 15:12:46.267632+01	10331829	6
483033	2008-11-21 15:12:46.267632+01	10313956	6
491806	2008-11-21 15:12:46.267632+01	10322536	6
499701	2008-11-21 15:12:46.267632+01	10330198	6
489254	2008-11-21 15:12:46.267632+01	10320030	6
493627	2008-11-21 15:12:46.267632+01	10324312	6
498442	2008-11-21 15:12:46.267632+01	10328969	6
491163	2008-11-21 15:12:46.267632+01	10321903	6
493613	2008-11-21 15:12:46.267632+01	10324298	6
498428	2008-11-21 15:12:46.267632+01	10328955	6
491149	2008-11-21 15:12:46.267632+01	10321889	6
497026	2008-11-21 15:12:46.267632+01	10327565	6
509560	2008-11-21 15:12:46.267632+01	10339924	6
505801	2008-11-21 15:12:46.267632+01	10336219	6
501202	2008-11-21 15:12:46.267632+01	10331666	6
487707	2008-11-21 15:12:46.267632+01	10318517	6
483219	2008-11-21 15:12:46.267632+01	10314141	6
483642	2008-11-21 15:12:46.267632+01	10314555	6
510991	2008-11-21 15:12:46.267632+01	10341335	6
486194	2008-11-21 15:12:46.267632+01	10317044	6
487988	2008-11-21 15:12:46.267632+01	10318794	6
501659	2008-11-21 15:12:46.267632+01	10332114	6
483940	2008-11-21 15:12:46.267632+01	10314846	6
501277	2008-11-21 15:12:46.267632+01	10331740	6
508971	2008-11-21 15:12:46.267632+01	10339351	6
487606	2008-11-21 15:12:46.267632+01	10318418	6
503828	2008-11-21 15:12:46.267632+01	10334250	6
508794	2008-11-21 15:12:46.267632+01	10339176	6
496700	2008-11-21 15:12:46.267632+01	10327240	6
488564	2008-11-21 15:12:46.267632+01	10319355	6
511745	2008-11-21 15:12:46.267632+01	10342073	6
484692	2008-11-21 15:12:46.267632+01	10315580	6
505876	2008-11-21 15:12:46.267632+01	10336294	6
509459	2008-11-21 15:12:46.267632+01	10339823	6
496925	2008-11-21 15:12:46.267632+01	10327464	6
492008	2008-11-21 15:12:46.267632+01	10246413	6
499903	2008-11-21 15:12:46.267632+01	10330396	6
512581	2008-11-21 15:12:46.267632+01	10246412	6
512532	2008-11-21 15:12:46.267632+01	10342816	6
487239	2008-11-21 15:12:46.267632+01	10318073	6
484159	2008-11-21 15:12:46.267632+01	10315056	6
513097	2008-11-21 15:12:46.267632+01	10343373	6
500683	2008-11-21 15:12:46.267632+01	10331168	6
482524	2008-11-21 15:12:46.267632+01	10313457	6
492035	2008-11-21 15:12:46.267632+01	10322761	6
512608	2008-11-21 15:12:46.267632+01	10342889	6
499930	2008-11-21 15:12:46.267632+01	10330423	6
491649	2008-11-21 15:12:46.267632+01	10322382	6
499544	2008-11-21 15:12:46.267632+01	10330044	6
489801	2008-11-21 15:12:46.267632+01	10320567	6
500372	2008-11-21 15:12:46.267632+01	10330860	6
513226	2008-11-21 15:12:46.267632+01	10343498	6
482477	2008-11-21 15:12:46.267632+01	10313411	6
492218	2008-11-21 15:12:46.267632+01	10322943	6
500113	2008-11-21 15:12:46.267632+01	10330604	6
490018	2008-11-21 15:12:46.267632+01	10320781	6
513036	2008-11-21 15:12:46.267632+01	10343315	6
500534	2008-11-21 15:12:46.267632+01	10331021	6
491407	2008-11-21 15:12:46.267632+01	10322143	6
510107	2008-11-21 15:12:46.267632+01	10340471	6
504525	2008-11-21 15:12:46.267632+01	10334943	6
497309	2008-11-21 15:12:46.267632+01	10327848	6
504556	2008-11-21 15:12:46.267632+01	10334974	6
497340	2008-11-21 15:12:46.267632+01	10327879	6
510138	2008-11-21 15:12:46.267632+01	10340502	6
510484	2008-11-21 15:12:46.267632+01	10340845	6
484543	2008-11-21 15:12:46.267632+01	10315431	6
486743	2008-11-21 15:12:46.267632+01	10317588	6
510598	2008-11-21 15:12:46.267632+01	10340956	6
484481	2008-11-21 15:12:46.267632+01	10315369	6
486857	2008-11-21 15:12:46.267632+01	10317698	6
484996	2008-11-21 15:12:46.267632+01	10315877	6
488340	2008-11-21 15:12:46.267632+01	10319135	6
511873	2008-11-21 15:12:46.267632+01	10342195	6
510500	2008-11-21 15:12:46.267632+01	10340861	6
484559	2008-11-21 15:12:46.267632+01	10315447	6
486759	2008-11-21 15:12:46.267632+01	10317604	6
488339	2008-11-21 15:12:46.267632+01	10319134	6
484995	2008-11-21 15:12:46.267632+01	10315876	6
511872	2008-11-21 15:12:46.267632+01	10342194	6
502677	2008-11-21 15:12:46.267632+01	10333121	6
494870	2008-11-21 15:12:46.267632+01	10325536	6
507203	2008-11-21 15:12:46.267632+01	10337612	6
492816	2008-11-21 15:12:46.267632+01	10323524	6
489736	2008-11-21 15:12:46.267632+01	10320504	6
499479	2008-11-21 15:12:46.267632+01	10329981	6
485551	2008-11-21 15:12:46.267632+01	10316410	6
507796	2008-11-21 15:12:46.267632+01	10338194	6
494055	2008-11-21 15:12:46.267632+01	10324736	6
482799	2008-11-21 15:12:46.267632+01	10313725	6
511292	2008-11-21 15:12:46.267632+01	10341627	6
489015	2008-11-21 15:12:46.267632+01	10319795	6
506479	2008-11-21 15:12:46.267632+01	10336895	6
495114	2008-11-21 15:12:46.267632+01	10325776	6
502921	2008-11-21 15:12:46.267632+01	10333361	6
498825	2008-11-21 15:12:46.267632+01	10329338	6
489434	2008-11-21 15:12:46.267632+01	10320207	6
492338	2008-11-21 15:12:46.267632+01	10323061	6
507010	2008-11-21 15:12:46.267632+01	10337422	6
494677	2008-11-21 15:12:46.267632+01	10325345	6
502660	2008-11-21 15:12:46.267632+01	10333104	6
507870	2008-11-21 15:12:46.267632+01	10338268	6
485449	2008-11-21 15:12:46.267632+01	10316311	6
494129	2008-11-21 15:12:46.267632+01	10324807	6
498312	2008-11-21 15:12:46.267632+01	10328842	6
490241	2008-11-21 15:12:46.267632+01	10321001	6
493233	2008-11-21 15:12:46.267632+01	10323935	6
492090	2008-11-21 15:12:46.267632+01	10322816	6
512663	2008-11-21 15:12:46.267632+01	10342944	6
500161	2008-11-21 15:12:46.267632+01	10330652	6
512653	2008-11-21 15:12:46.267632+01	10342934	6
492080	2008-11-21 15:12:46.267632+01	10322806	6
500151	2008-11-21 15:12:46.267632+01	10330642	6
502895	2008-11-21 15:12:46.267632+01	10333335	6
506453	2008-11-21 15:12:46.267632+01	10336869	6
495088	2008-11-21 15:12:46.267632+01	10325750	6
506475	2008-11-21 15:12:46.267632+01	10336891	6
502917	2008-11-21 15:12:46.267632+01	10333357	6
495110	2008-11-21 15:12:46.267632+01	10325772	6
497838	2008-11-21 15:12:46.267632+01	10328374	6
494343	2008-11-21 15:12:46.267632+01	10325017	6
490471	2008-11-21 15:12:46.267632+01	10321228	6
500376	2008-11-21 15:12:46.267632+01	10330864	6
482481	2008-11-21 15:12:46.267632+01	10313415	6
513230	2008-11-21 15:12:46.267632+01	10343502	6
487010	2008-11-21 15:12:46.267632+01	10317847	6
484282	2008-11-21 15:12:46.267632+01	10315175	6
510399	2008-11-21 15:12:46.267632+01	10340761	6
485171	2008-11-21 15:12:46.267632+01	10316044	6
487459	2008-11-21 15:12:46.267632+01	10318276	6
512048	2008-11-21 15:12:46.267632+01	10342366	6
510677	2008-11-21 15:12:46.267632+01	10341033	6
483328	2008-11-21 15:12:46.267632+01	10314247	6
486584	2008-11-21 15:12:46.267632+01	10317429	6
491834	2008-11-21 15:12:46.267632+01	10322563	6
499729	2008-11-21 15:12:46.267632+01	10330226	6
489282	2008-11-21 15:12:46.267632+01	10320058	6
512633	2008-11-21 15:12:46.267632+01	10342914	6
500131	2008-11-21 15:12:46.267632+01	10330622	6
492060	2008-11-21 15:12:46.267632+01	10322786	6
508201	2008-11-21 15:12:46.267632+01	10338595	6
502091	2008-11-21 15:12:46.267632+01	10332543	6
485780	2008-11-21 15:12:46.267632+01	10316638	6
483299	2008-11-21 15:12:46.267632+01	10314220	6
510648	2008-11-21 15:12:46.267632+01	10341005	6
486555	2008-11-21 15:12:46.267632+01	10317401	6
487326	2008-11-21 15:12:46.267632+01	10318151	6
484070	2008-11-21 15:12:46.267632+01	10314969	6
512267	2008-11-21 15:12:46.267632+01	10342559	6
498076	2008-11-21 15:12:46.267632+01	10328607	6
493173	2008-11-21 15:12:46.267632+01	10323876	6
490357	2008-11-21 15:12:46.267632+01	10321115	6
512806	2008-11-21 15:12:46.267632+01	10343086	6
491529	2008-11-21 15:12:46.267632+01	10322264	6
499952	2008-11-21 15:12:46.267632+01	10330445	6
512758	2008-11-21 15:12:46.267632+01	10343038	6
491481	2008-11-21 15:12:46.267632+01	10322216	6
500432	2008-11-21 15:12:46.267632+01	10330920	6
500237	2008-11-21 15:12:46.267632+01	10330727	6
512915	2008-11-21 15:12:46.267632+01	10343195	6
482342	2008-11-21 15:12:46.267632+01	10313278	6
508926	2008-11-21 15:12:46.267632+01	10339306	6
487561	2008-11-21 15:12:46.267632+01	10318373	6
501056	2008-11-21 15:12:46.267632+01	10331529	6
506404	2008-11-21 15:12:46.267632+01	10336820	6
495567	2008-11-21 15:12:46.267632+01	10326218	6
503814	2008-11-21 15:12:46.267632+01	10334236	6
506369	2008-11-21 15:12:46.267632+01	10336785	6
495532	2008-11-21 15:12:46.267632+01	10326183	6
503779	2008-11-21 15:12:46.267632+01	10334202	6
495563	2008-11-21 15:12:46.267632+01	10326214	6
503810	2008-11-21 15:12:46.267632+01	10246183	6
506400	2008-11-21 15:12:46.267632+01	10336816	6
512042	2008-11-21 15:12:46.267632+01	10342360	6
487453	2008-11-21 15:12:46.267632+01	10318270	6
485165	2008-11-21 15:12:46.267632+01	10316038	6
491824	2008-11-21 15:12:46.267632+01	10322554	6
489272	2008-11-21 15:12:46.267632+01	10320048	6
499719	2008-11-21 15:12:46.267632+01	10330216	6
511848	2008-11-21 15:12:46.267632+01	10342171	6
484971	2008-11-21 15:12:46.267632+01	10315853	6
488315	2008-11-21 15:12:46.267632+01	10319110	6
487002	2008-11-21 15:12:46.267632+01	10317840	6
484274	2008-11-21 15:12:46.267632+01	10315168	6
510391	2008-11-21 15:12:46.267632+01	10340753	6
484279	2008-11-21 15:12:46.267632+01	10246498	6
510396	2008-11-21 15:12:46.267632+01	10340758	6
487007	2008-11-21 15:12:46.267632+01	10246499	6
484239	2008-11-21 15:12:46.267632+01	10315134	6
487143	2008-11-21 15:12:46.267632+01	10317980	6
512436	2008-11-21 15:12:46.267632+01	10342721	6
483532	2008-11-21 15:12:46.267632+01	10314446	6
486436	2008-11-21 15:12:46.267632+01	10317285	6
510881	2008-11-21 15:12:46.267632+01	10341229	6
482751	2008-11-21 15:12:46.267632+01	10313678	6
500646	2008-11-21 15:12:46.267632+01	10331131	6
513324	2008-11-21 15:12:46.267632+01	10343593	6
505752	2008-11-21 15:12:46.267632+01	10336170	6
496977	2008-11-21 15:12:46.267632+01	10327516	6
509511	2008-11-21 15:12:46.267632+01	10339875	6
510697	2008-11-21 15:12:46.267632+01	10341053	6
483348	2008-11-21 15:12:46.267632+01	10314267	6
486604	2008-11-21 15:12:46.267632+01	10317449	6
483825	2008-11-21 15:12:46.267632+01	10314733	6
501544	2008-11-21 15:12:46.267632+01	10332001	6
488049	2008-11-21 15:12:46.267632+01	10318853	6
501206	2008-11-21 15:12:46.267632+01	10331669	6
483223	2008-11-21 15:12:46.267632+01	10314145	6
487711	2008-11-21 15:12:46.267632+01	10318521	6
500458	2008-11-21 15:12:46.267632+01	10330945	6
512784	2008-11-21 15:12:46.267632+01	10343064	6
491507	2008-11-21 15:12:46.267632+01	10322242	6
501207	2008-11-21 15:12:46.267632+01	10331670	6
487712	2008-11-21 15:12:46.267632+01	10318522	6
483224	2008-11-21 15:12:46.267632+01	10314146	6
482289	2008-11-21 15:12:46.267632+01	10313225	6
488681	2008-11-21 15:12:46.267632+01	10319467	6
511542	2008-11-21 15:12:46.267632+01	10341873	6
484442	2008-11-21 15:12:46.267632+01	10315331	6
486818	2008-11-21 15:12:46.267632+01	10317662	6
510559	2008-11-21 15:12:46.267632+01	10340918	6
489502	2008-11-21 15:12:46.267632+01	10320273	6
492934	2008-11-21 15:12:46.267632+01	10323638	6
498893	2008-11-21 15:12:46.267632+01	10329404	6
501261	2008-11-21 15:12:46.267632+01	10331724	6
487766	2008-11-21 15:12:46.267632+01	10318576	6
483278	2008-11-21 15:12:46.267632+01	10314200	6
508036	2008-11-21 15:12:46.267632+01	10338431	6
502278	2008-11-21 15:12:46.267632+01	10332729	6
495263	2008-11-21 15:12:46.267632+01	10325922	6
509274	2008-11-21 15:12:46.267632+01	10246082	6
496476	2008-11-21 15:12:46.267632+01	10327018	6
503428	2008-11-21 15:12:46.267632+01	10246083	6
504366	2008-11-21 15:12:46.267632+01	10334784	6
504718	2008-11-21 15:12:46.267632+01	10335136	6
497150	2008-11-21 15:12:46.267632+01	10327689	6
490231	2008-11-21 15:12:46.267632+01	10320991	6
493223	2008-11-21 15:12:46.267632+01	10323925	6
498302	2008-11-21 15:12:46.267632+01	10328832	6
506873	2008-11-21 15:12:46.267632+01	10337286	6
502347	2008-11-21 15:12:46.267632+01	10332798	6
494540	2008-11-21 15:12:46.267632+01	10325209	6
494883	2008-11-21 15:12:46.267632+01	10325549	6
507216	2008-11-21 15:12:46.267632+01	10337625	6
502690	2008-11-21 15:12:46.267632+01	10333134	6
506232	2008-11-21 15:12:46.267632+01	10336650	6
496074	2008-11-21 15:12:46.267632+01	10326623	6
505289	2008-11-21 15:12:46.267632+01	10335707	6
509443	2008-11-21 15:12:46.267632+01	10339807	6
496909	2008-11-21 15:12:46.267632+01	10327448	6
505860	2008-11-21 15:12:46.267632+01	10336278	6
493217	2008-11-21 15:12:46.267632+01	10323919	6
498296	2008-11-21 15:12:46.267632+01	10328826	6
490225	2008-11-21 15:12:46.267632+01	10320985	6
489591	2008-11-21 15:12:46.267632+01	10320362	6
504222	2008-11-21 15:12:46.267632+01	10334640	6
484399	2008-11-21 15:12:46.267632+01	10315291	6
490391	2008-11-21 15:12:46.267632+01	10321149	6
482487	2008-11-21 15:12:46.267632+01	10313421	6
490949	2008-11-21 15:12:46.267632+01	10321691	6
490636	2008-11-21 15:12:46.267632+01	10321389	6
504219	2008-11-21 15:12:46.267632+01	10334637	6
483368	2008-11-21 15:12:46.267632+01	10314287	6
497161	2008-11-21 15:12:46.267632+01	10327700	6
494834	2008-11-21 15:12:46.267632+01	10325501	6
559891	2013-07-05 10:35:28.251286+02	10315337	6
494936	2008-11-21 15:12:46.267632+01	10325601	6
559879	2013-07-05 10:35:28.242136+02	10325640	6
490955	2008-11-21 15:12:46.267632+01	10321696	6
483011	2008-11-21 15:12:46.267632+01	10313934	6
490599	2008-11-21 15:12:46.267632+01	10321353	6
490274	2008-11-21 15:12:46.267632+01	10321033	6
489605	2008-11-21 15:12:46.267632+01	10320376	6
484102	2008-11-21 15:12:46.267632+01	10315000	6
559889	2013-07-05 10:35:28.249787+02	10314845	6
482965	2008-11-21 15:12:46.267632+01	10313888	6
492224	2008-11-21 15:12:46.267632+01	10246207	6
491577	2008-11-21 15:12:46.267632+01	10322311	6
489675	2008-11-21 15:12:46.267632+01	10320443	6
489427	2008-11-21 15:12:46.267632+01	10320200	6
494794	2008-11-21 15:12:46.267632+01	10325461	6
490397	2008-11-21 15:12:46.267632+01	10321155	6
494560	2008-11-21 15:12:46.267632+01	10325229	6
497304	2008-11-21 15:12:46.267632+01	10327843	6
497302	2008-11-21 15:12:46.267632+01	10327841	6
494983	2008-11-21 15:12:46.267632+01	10325647	6
483547	2008-11-21 15:12:46.267632+01	10314461	6
494855	2008-11-21 15:12:46.267632+01	10325521	6
496089	2008-11-21 15:12:46.267632+01	10326638	6
491344	2008-11-21 15:12:46.267632+01	10322080	6
511360	2008-11-21 15:12:46.267632+01	10246380	6
490007	2008-11-21 15:12:46.267632+01	10320770	6
489635	2008-11-21 15:12:46.267632+01	10320405	6
502811	2008-11-21 15:12:46.267632+01	10246251	6
491004	2008-11-21 15:12:46.267632+01	10321745	6
484255	2008-11-21 15:12:46.267632+01	10315150	6
485805	2008-11-21 15:12:46.267632+01	10316663	6
484160	2008-11-21 15:12:46.267632+01	10315057	6
489748	2008-11-21 15:12:46.267632+01	10320516	6
489217	2008-11-21 15:12:46.267632+01	10319993	6
496512	2008-11-21 15:12:46.267632+01	10327054	6
489739	2008-11-21 15:12:46.267632+01	10320507	6
490053	2008-11-21 15:12:46.267632+01	10320816	6
497067	2008-11-21 15:12:46.267632+01	10327606	6
495419	2008-11-21 15:12:46.267632+01	10326075	6
482953	2008-11-21 15:12:46.267632+01	10313877	6
494793	2008-11-21 15:12:46.267632+01	10325460	6
494621	2008-11-21 15:12:46.267632+01	10325289	6
484548	2008-11-21 15:12:46.267632+01	10315436	6
504070	2008-11-21 15:12:46.267632+01	10334488	6
497190	2008-11-21 15:12:46.267632+01	10327729	6
482623	2008-11-21 15:12:46.267632+01	10313553	6
495049	2008-11-21 15:12:46.267632+01	10325711	6
485025	2008-11-21 15:12:46.267632+01	10315906	6
489065	2008-11-21 15:12:46.267632+01	10319844	6
495200	2008-11-21 15:12:46.267632+01	10325860	6
485643	2008-11-21 15:12:46.267632+01	10316502	6
496296	2008-11-21 15:12:46.267632+01	10326840	6
496809	2008-11-21 15:12:46.267632+01	10327348	6
495177	2008-11-21 15:12:46.267632+01	10325839	6
496140	2008-11-21 15:12:46.267632+01	10326687	6
490586	2008-11-21 15:12:46.267632+01	10321340	6
482937	2008-11-21 15:12:46.267632+01	10313862	6
496506	2008-11-21 15:12:46.267632+01	10327048	6
489518	2008-11-21 15:12:46.267632+01	10320289	6
497009	2008-11-21 15:12:46.267632+01	10327548	6
484881	2008-11-21 15:12:46.267632+01	10315763	6
487540	2008-11-21 15:12:46.267632+01	10318352	6
487575	2008-11-21 15:12:46.267632+01	10318387	6
487571	2008-11-21 15:12:46.267632+01	10318383	6
559884	2013-07-05 10:35:28.245834+02	10333397	6
486983	2008-11-21 15:12:46.267632+01	10317821	6
493028	2008-11-21 15:12:46.267632+01	10323731	6
502367	2008-11-21 15:12:46.267632+01	10332817	6
492331	2008-11-21 15:12:46.267632+01	10323054	6
491945	2008-11-21 15:12:46.267632+01	10322672	6
394427	2006-10-18 15:41:08.733957+02	120630	6
398257	2006-10-18 15:41:08.733957+02	44697	6
519638	2009-11-10 10:48:34+01	103548	6
490982	2008-11-21 15:12:46.267632+01	10321723	6
561327	2014-05-02 15:38:42.822884+02	10410583	6
385952	2006-10-18 15:41:08.733957+02	272146	6
371346	2006-10-18 15:41:08.733957+02	272147	6
370820	2006-10-18 15:41:08.733957+02	272148	6
357196	2006-10-18 15:41:08.733957+02	24341	6
393519	2006-10-18 15:41:08.733957+02	122911	6
393255	2006-10-18 15:41:08.733957+02	122910	6
350690	2006-10-18 15:41:08.733957+02	127954	6
351834	2006-10-18 15:41:08.733957+02	127956	6
384695	2006-10-18 15:41:08.733957+02	127955	6
392921	2006-10-18 15:41:08.733957+02	46225	6
366719	2006-10-18 15:41:08.733957+02	21235	6
384755	2006-10-18 15:41:08.733957+02	21331	6
383938	2006-10-18 15:41:08.733957+02	218677	6
383762	2006-10-18 15:41:08.733957+02	218676	6
376460	2006-10-18 15:41:08.733957+02	218675	6
375047	2006-10-18 15:41:08.733957+02	125686	6
397067	2006-10-18 15:41:08.733957+02	125687	6
348608	2006-10-18 15:41:08.733957+02	125685	6
354342	2006-10-18 15:41:08.733957+02	123144	6
339606	2006-10-18 15:41:08.733957+02	123146	6
392513	2006-10-18 15:41:08.733957+02	123145	6
373111	2006-10-18 15:41:08.733957+02	122124	6
397331	2006-10-18 15:41:08.733957+02	122122	6
373199	2006-10-18 15:41:08.733957+02	5394	6
339540	2006-10-18 15:41:08.733957+02	29216	6
354012	2006-10-18 15:41:08.733957+02	133369	6
363074	2006-10-18 15:41:08.733957+02	29130	6
346894	2006-10-18 15:41:08.733957+02	45589	6
396321	2006-10-18 15:41:08.733957+02	44505	6
341438	2006-10-18 15:41:08.733957+02	45679	6
349948	2006-10-18 15:41:08.733957+02	129238	6
339916	2006-10-18 15:41:08.733957+02	129239	6
381225	2006-10-18 15:41:08.733957+02	129237	6
349954	2006-10-18 15:41:08.733957+02	124318	6
339922	2006-10-18 15:41:08.733957+02	217248	6
381231	2006-10-18 15:41:08.733957+02	217249	6
383739	2006-10-18 15:41:08.733957+02	260643	6
376437	2006-10-18 15:41:08.733957+02	260642	6
383915	2006-10-18 15:41:08.733957+02	260644	6
373189	2006-10-18 15:41:08.733957+02	147337	6
373101	2006-10-18 15:41:08.733957+02	147335	6
397321	2006-10-18 15:41:08.733957+02	147336	6
358012	2006-10-18 15:41:08.733957+02	148583	6
375435	2006-10-18 15:41:08.733957+02	148584	6
358100	2006-10-18 15:41:08.733957+02	148585	6
384939	2006-10-18 15:41:08.733957+02	44991	6
333763	2006-10-04 16:06:42.049187+02	146463	6
351550	2006-10-18 15:41:08.733957+02	14623	6
378691	2006-10-18 15:41:08.733957+02	126179	6
364610	2006-10-18 15:41:08.733957+02	126180	6
364082	2006-10-18 15:41:08.733957+02	126181	6
350555	2006-10-18 15:41:08.733957+02	130981	6
384912	2006-10-18 15:41:08.733957+02	130979	6
350467	2006-10-18 15:41:08.733957+02	130980	6
366125	2006-10-18 15:41:08.733957+02	241859	6
357412	2006-10-18 15:41:08.733957+02	148926	6
349364	2006-10-18 15:41:08.733957+02	241858	6
355884	2006-10-18 15:41:08.733957+02	142973	6
392911	2006-10-18 15:41:08.733957+02	17976	6
362922	2006-10-18 15:41:08.733957+02	18069	6
393476	2006-10-18 15:41:08.733957+02	135010	6
393212	2006-10-18 15:41:08.733957+02	135012	6
357153	2006-10-18 15:41:08.733957+02	135011	6
391681	2006-10-18 15:41:08.733957+02	25447	6
377211	2006-10-18 15:41:08.733957+02	25637	6
377827	2006-10-18 15:41:08.733957+02	25543	6
362817	2006-10-18 15:41:08.733957+02	41132	6
386576	2006-10-18 15:41:08.733957+02	41223	6
354987	2006-10-18 15:41:08.733957+02	148205	6
363848	2006-10-18 15:41:08.733957+02	149567	6
364200	2006-10-18 15:41:08.733957+02	149565	6
341546	2006-10-18 15:41:08.733957+02	149566	6
350705	2006-10-18 15:41:08.733957+02	137780	6
351849	2006-10-18 15:41:08.733957+02	137779	6
384710	2006-10-18 15:41:08.733957+02	137781	6
391173	2006-10-18 15:41:08.733957+02	147798	6
398107	2006-10-18 15:41:08.733957+02	147800	6
391437	2006-10-18 15:41:08.733957+02	147799	6
384878	2006-10-18 15:41:08.733957+02	127571	6
350433	2006-10-18 15:41:08.733957+02	127570	6
350521	2006-10-18 15:41:08.733957+02	127569	6
353560	2006-10-18 15:41:08.733957+02	216984	6
356640	2006-10-18 15:41:08.733957+02	109854	6
357872	2006-10-18 15:41:08.733957+02	35327	6
348444	2006-10-18 15:41:08.733957+02	17209	6
348356	2006-10-18 15:41:08.733957+02	17115	6
351436	2006-10-18 15:41:08.733957+02	215104	6
346767	2006-10-18 15:41:08.733957+02	127307	6
341047	2006-10-18 15:41:08.733957+02	29675	6
355607	2006-10-18 15:41:08.733957+02	127308	6
356163	2006-10-18 15:41:08.733957+02	127280	6
340459	2006-10-18 15:41:08.733957+02	127278	6
386168	2006-10-18 15:41:08.733957+02	127279	6
356821	2006-10-18 15:41:08.733957+02	128904	6
358581	2006-10-18 15:41:08.733957+02	128903	6
385330	2006-10-18 15:41:08.733957+02	128905	6
372939	2006-10-18 15:41:08.733957+02	23187	6
385257	2006-10-18 15:41:08.733957+02	22997	6
398479	2006-10-18 15:41:08.733957+02	23093	6
357721	2006-10-18 15:41:08.733957+02	123158	6
358249	2006-10-18 15:41:08.733957+02	123156	6
394044	2006-10-18 15:41:08.733957+02	123157	6
376006	2006-10-18 15:41:08.733957+02	138165	6
353919	2006-10-18 15:41:08.733957+02	138166	6
376182	2006-10-18 15:41:08.733957+02	138167	6
374270	2006-10-18 15:41:08.733957+02	219456	6
373478	2006-10-18 15:41:08.733957+02	219455	6
374182	2006-10-18 15:41:08.733957+02	219457	6
348810	2006-10-18 15:41:08.733957+02	129609	6
349514	2006-10-18 15:41:08.733957+02	129610	6
349162	2006-10-18 15:41:08.733957+02	42947	6
386828	2006-10-18 15:41:08.733957+02	217275	6
340679	2006-10-18 15:41:08.733957+02	141942	6
363773	2006-10-18 15:41:08.733957+02	217274	6
373617	2006-10-18 15:41:08.733957+02	144303	6
373881	2006-10-18 15:41:08.733957+02	20549	6
396517	2006-10-18 15:41:08.733957+02	20458	6
397330	2006-10-18 15:41:08.733957+02	148181	6
373110	2006-10-18 15:41:08.733957+02	148182	6
373198	2006-10-18 15:41:08.733957+02	148180	6
393981	2006-10-18 15:41:08.733957+02	131972	6
358186	2006-10-18 15:41:08.733957+02	131971	6
357658	2006-10-18 15:41:08.733957+02	131970	6
350512	2006-10-18 15:41:08.733957+02	141010	6
384869	2006-10-18 15:41:08.733957+02	141011	6
350424	2006-10-18 15:41:08.733957+02	141009	6
366416	2006-10-18 15:41:08.733957+02	131481	6
385156	2006-10-18 15:41:08.733957+02	34631	6
366680	2006-10-18 15:41:08.733957+02	34720	6
391129	2006-10-18 15:41:08.733957+02	129069	6
391393	2006-10-18 15:41:08.733957+02	129068	6
398063	2006-10-18 15:41:08.733957+02	129070	6
396676	2006-10-18 15:41:08.733957+02	123363	6
375536	2006-10-18 15:41:08.733957+02	123364	6
384598	2006-10-18 15:41:08.733957+02	123365	6
358741	2006-10-18 15:41:08.733957+02	44512	6
350869	2006-10-18 15:41:08.733957+02	131785	6
356541	2006-10-18 15:41:08.733957+02	131784	6
353799	2006-10-18 15:41:08.733957+02	127398	6
357319	2006-10-18 15:41:08.733957+02	127400	6
349535	2006-10-18 15:41:08.733957+02	127399	6
365940	2006-10-18 15:41:08.733957+02	263511	6
350150	2006-10-18 15:41:08.733957+02	263510	6
384067	2006-10-18 15:41:08.733957+02	263509	6
376137	2006-10-18 15:41:08.733957+02	138337	6
375961	2006-10-18 15:41:08.733957+02	138335	6
353874	2006-10-18 15:41:08.733957+02	138336	6
350151	2006-10-18 15:41:08.733957+02	264779	6
365941	2006-10-18 15:41:08.733957+02	264780	6
384068	2006-10-18 15:41:08.733957+02	264778	6
339672	2006-10-18 15:41:08.733957+02	28292	6
357488	2006-10-18 15:41:08.733957+02	133104	6
354144	2006-10-18 15:41:08.733957+02	133103	6
363042	2006-10-18 15:41:08.733957+02	29474	6
353980	2006-10-18 15:41:08.733957+02	123297	6
339508	2006-10-18 15:41:08.733957+02	29382	6
393210	2006-10-18 15:41:08.733957+02	134812	6
393474	2006-10-18 15:41:08.733957+02	134811	6
357151	2006-10-18 15:41:08.733957+02	23793	6
350662	2006-10-18 15:41:08.733957+02	108570	6
384667	2006-10-18 15:41:08.733957+02	108571	6
351806	2006-10-18 15:41:08.733957+02	108569	6
393197	2006-10-18 15:41:08.733957+02	140355	6
357138	2006-10-18 15:41:08.733957+02	140356	6
393461	2006-10-18 15:41:08.733957+02	140354	6
385235	2006-10-18 15:41:08.733957+02	130120	6
372917	2006-10-18 15:41:08.733957+02	130121	6
398457	2006-10-18 15:41:08.733957+02	130119	6
386377	2006-10-18 15:41:08.733957+02	145228	6
378547	2006-10-18 15:41:08.733957+02	145227	6
386465	2006-10-18 15:41:08.733957+02	16202	6
383802	2006-10-18 15:41:08.733957+02	129461	6
390794	2006-10-18 15:41:08.733957+02	129460	6
378348	2006-10-18 15:41:08.733957+02	129459	6
397083	2006-10-18 15:41:08.733957+02	135156	6
375063	2006-10-18 15:41:08.733957+02	24764	6
348624	2006-10-18 15:41:08.733957+02	24672	6
386672	2006-10-18 15:41:08.733957+02	108930	6
342547	2006-10-18 15:41:08.733957+02	108929	6
355699	2006-10-18 15:41:08.733957+02	135186	6
385066	2006-10-18 15:41:08.733957+02	122580	6
397144	2006-10-18 15:41:08.733957+02	122582	6
351061	2006-10-18 15:41:08.733957+02	122581	6
373895	2006-10-18 15:41:08.733957+02	6002	6
396531	2006-10-18 15:41:08.733957+02	116247	6
373631	2006-10-18 15:41:08.733957+02	5907	6
366413	2006-10-18 15:41:08.733957+02	149010	6
366677	2006-10-18 15:41:08.733957+02	149012	6
385153	2006-10-18 15:41:08.733957+02	149011	6
385978	2006-10-18 15:41:08.733957+02	272047	6
371372	2006-10-18 15:41:08.733957+02	272048	6
370846	2006-10-18 15:41:08.733957+02	272049	6
357239	2006-10-18 15:41:08.733957+02	23959	6
392770	2006-10-18 15:41:08.733957+02	134795	6
358647	2006-10-18 15:41:08.733957+02	23866	6
366891	2006-10-18 15:41:08.733957+02	126964	6
354306	2006-10-18 15:41:08.733957+02	126965	6
354130	2006-10-18 15:41:08.733957+02	126966	6
366350	2006-10-18 15:41:08.733957+02	127184	6
340085	2006-10-18 15:41:08.733957+02	127185	6
339469	2006-10-18 15:41:08.733957+02	127186	6
340096	2006-10-18 15:41:08.733957+02	219497	6
366361	2006-10-18 15:41:08.733957+02	219495	6
339480	2006-10-18 15:41:08.733957+02	219496	6
356857	2006-10-18 15:41:08.733957+02	26072	6
358617	2006-10-18 15:41:08.733957+02	128732	6
385366	2006-10-18 15:41:08.733957+02	128731	6
384283	2006-10-18 15:41:08.733957+02	258986	6
341214	2006-10-18 15:41:08.733957+02	258985	6
330449	2006-06-14 12:32:09.869098+02	258984	6
383769	2006-10-18 15:41:08.733957+02	128011	6
376467	2006-10-18 15:41:08.733957+02	39151	6
383945	2006-10-18 15:41:08.733957+02	128012	6
348722	2006-10-18 15:41:08.733957+02	37278	6
349778	2006-10-18 15:41:08.733957+02	141328	6
349690	2006-10-18 15:41:08.733957+02	37371	6
354070	2006-10-18 15:41:08.733957+02	125040	6
366831	2006-10-18 15:41:08.733957+02	125041	6
354246	2006-10-18 15:41:08.733957+02	25464	6
392873	2006-10-18 15:41:08.733957+02	10621	6
355846	2006-10-18 15:41:08.733957+02	10527	6
362884	2006-10-18 15:41:08.733957+02	106595	6
364060	2006-10-18 15:41:08.733957+02	128696	6
393433	2006-10-18 15:41:08.733957+02	128695	6
354734	2006-10-18 15:41:08.733957+02	128694	6
372430	2006-10-18 15:41:08.733957+02	146811	6
374366	2006-10-18 15:41:08.733957+02	146813	6
395242	2006-10-18 15:41:08.733957+02	146812	6
344089	2006-10-18 15:41:08.733957+02	129604	6
355745	2006-10-18 15:41:08.733957+02	129603	6
387422	2006-10-18 15:41:08.733957+02	129605	6
362830	2006-10-18 15:41:08.733957+02	128356	6
386589	2006-10-18 15:41:08.733957+02	128357	6
355000	2006-10-18 15:41:08.733957+02	128355	6
375407	2006-10-18 15:41:08.733957+02	148891	6
350024	2006-10-18 15:41:08.733957+02	148892	6
357104	2006-10-18 15:41:08.733957+02	148890	6
391673	2006-10-18 15:41:08.733957+02	271954	6
377203	2006-10-18 15:41:08.733957+02	271956	6
377819	2006-10-18 15:41:08.733957+02	271955	6
366338	2006-10-18 15:41:08.733957+02	235637	6
340073	2006-10-18 15:41:08.733957+02	284793	6
339457	2006-10-18 15:41:08.733957+02	261202	6
392359	2006-10-18 15:41:08.733957+02	135042	6
353748	2006-10-18 15:41:08.733957+02	24380	6
392711	2006-10-18 15:41:08.733957+02	135043	6
396583	2006-10-18 15:41:08.733957+02	145463	6
351204	2006-10-18 15:41:08.733957+02	145462	6
348476	2006-10-18 15:41:08.733957+02	145464	6
364626	2006-10-18 15:41:08.733957+02	129512	6
364098	2006-10-18 15:41:08.733957+02	39433	6
378707	2006-10-18 15:41:08.733957+02	129511	6
397775	2006-10-18 15:41:08.733957+02	138680	6
348260	2006-10-18 15:41:08.733957+02	138681	6
391897	2006-10-18 15:41:08.733957+02	138682	6
385452	2006-10-18 15:41:08.733957+02	215916	6
350831	2006-10-18 15:41:08.733957+02	9184	6
348191	2006-10-18 15:41:08.733957+02	9276	6
387742	2006-10-18 15:41:08.733957+02	265823	6
387566	2006-10-18 15:41:08.733957+02	265822	6
343617	2006-10-18 15:41:08.733957+02	265824	6
385127	2006-10-18 15:41:08.733957+02	149020	6
366387	2006-10-18 15:41:08.733957+02	149019	6
366651	2006-10-18 15:41:08.733957+02	149021	6
363128	2006-10-18 15:41:08.733957+02	121870	6
339770	2006-10-18 15:41:08.733957+02	121871	6
362688	2006-10-18 15:41:08.733957+02	121872	6
344090	2006-10-18 15:41:08.733957+02	127639	6
355746	2006-10-18 15:41:08.733957+02	127638	6
387423	2006-10-18 15:41:08.733957+02	127637	6
392952	2006-10-18 15:41:08.733957+02	133972	6
384786	2006-10-18 15:41:08.733957+02	133970	6
366750	2006-10-18 15:41:08.733957+02	133971	6
393902	2006-10-18 15:41:08.733957+02	125166	6
393638	2006-10-18 15:41:08.733957+02	125167	6
339939	2006-10-18 15:41:08.733957+02	26622	6
393069	2006-10-18 15:41:08.733957+02	25763	6
363256	2006-10-18 15:41:08.733957+02	140470	6
366075	2006-10-18 15:41:08.733957+02	140471	6
363055	2006-10-18 15:41:08.733957+02	29428	6
353993	2006-10-18 15:41:08.733957+02	29333	6
339521	2006-10-18 15:41:08.733957+02	148812	6
355978	2006-10-18 15:41:08.733957+02	146828	6
365304	2006-10-18 15:41:08.733957+02	146830	6
340450	2006-10-18 15:41:08.733957+02	146829	6
372387	2006-10-18 15:41:08.733957+02	132447	6
395199	2006-10-18 15:41:08.733957+02	132445	6
374323	2006-10-18 15:41:08.733957+02	132446	6
491003	2008-11-21 15:12:46.267632+01	10321744	6
482232	2008-11-21 15:12:46.267632+01	10313169	6
485166	2008-11-21 15:12:46.267632+01	10316039	6
485787	2008-11-21 15:12:46.267632+01	10316645	6
483837	2008-11-21 15:12:46.267632+01	10314745	6
483846	2008-11-21 15:12:46.267632+01	10314754	6
484734	2008-11-21 15:12:46.267632+01	10315621	6
485963	2008-11-21 15:12:46.267632+01	10316820	6
504300	2008-11-21 15:12:46.267632+01	10334718	6
495465	2008-11-21 15:12:46.267632+01	10326121	6
504228	2008-11-21 15:12:46.267632+01	10334646	6
485889	2008-11-21 15:12:46.267632+01	10316747	6
485734	2008-11-21 15:12:46.267632+01	10316592	6
495312	2008-11-21 15:12:46.267632+01	10325971	6
485359	2008-11-21 15:12:46.267632+01	10316222	6
504299	2008-11-21 15:12:46.267632+01	10334717	6
482253	2008-11-21 15:12:46.267632+01	10313190	6
504234	2008-11-21 15:12:46.267632+01	10334652	6
504260	2008-11-21 15:12:46.267632+01	10334678	6
504287	2008-11-21 15:12:46.267632+01	10334705	6
483381	2008-11-21 15:12:46.267632+01	10314298	6
494605	2008-11-21 15:12:46.267632+01	10325273	6
482998	2008-11-21 15:12:46.267632+01	10313921	6
482984	2008-11-21 15:12:46.267632+01	10313907	6
485393	2008-11-21 15:12:46.267632+01	10316255	6
485727	2008-11-21 15:12:46.267632+01	10316585	6
494730	2008-11-21 15:12:46.267632+01	10325398	6
490347	2008-11-21 15:12:46.267632+01	10321105	6
485202	2008-11-21 15:12:46.267632+01	10316073	6
494657	2008-11-21 15:12:46.267632+01	10325325	6
494675	2008-11-21 15:12:46.267632+01	10325343	6
496260	2008-11-21 15:12:46.267632+01	10326804	6
491254	2008-11-21 15:12:46.267632+01	10321993	6
497115	2008-11-21 15:12:46.267632+01	10327654	6
491150	2008-11-21 15:12:46.267632+01	10321890	6
496371	2008-11-21 15:12:46.267632+01	10326913	6
504184	2008-11-21 15:12:46.267632+01	10334602	6
485803	2008-11-21 15:12:46.267632+01	10316661	6
504266	2008-11-21 15:12:46.267632+01	10334684	6
497100	2008-11-21 15:12:46.267632+01	10327639	6
406895	2007-12-18 18:07:27.551285+01	10246096	6
485157	2008-11-21 15:12:46.267632+01	10316031	6
485155	2008-11-21 15:12:46.267632+01	10316029	6
484744	2008-11-21 15:12:46.267632+01	10315631	6
496032	2008-11-21 15:12:46.267632+01	10326581	6
491124	2008-11-21 15:12:46.267632+01	10321865	6
484875	2008-11-21 15:12:46.267632+01	10315757	6
483068	2008-11-21 15:12:46.267632+01	10313991	6
484750	2008-11-21 15:12:46.267632+01	10315637	6
496040	2008-11-21 15:12:46.267632+01	10326589	6
484872	2008-11-21 15:12:46.267632+01	10315754	6
497046	2008-11-21 15:12:46.267632+01	10327585	6
482948	2008-11-21 15:12:46.267632+01	10313872	6
482202	2008-11-21 15:12:46.267632+01	10313139	6
504189	2008-11-21 15:12:46.267632+01	10334607	6
495375	2008-11-21 15:12:46.267632+01	10326031	6
501758	2008-11-21 15:12:46.267632+01	10332212	6
486461	2008-11-21 15:12:46.267632+01	10317310	6
505473	2008-11-21 15:12:46.267632+01	10335891	6
505395	2008-11-21 15:12:46.267632+01	10335813	6
487445	2008-11-21 15:12:46.267632+01	10318263	6
487454	2008-11-21 15:12:46.267632+01	10318271	6
485670	2008-11-21 15:12:46.267632+01	10316528	6
488392	2008-11-21 15:12:46.267632+01	10319185	6
501848	2008-11-21 15:12:46.267632+01	10332302	6
501864	2008-11-21 15:12:46.267632+01	10332318	6
502588	2008-11-21 15:12:46.267632+01	10333033	6
505494	2008-11-21 15:12:46.267632+01	10335912	6
504438	2008-11-21 15:12:46.267632+01	10334856	6
501922	2008-11-21 15:12:46.267632+01	10332374	6
482206	2008-11-21 15:12:46.267632+01	10313143	6
502658	2008-11-21 15:12:46.267632+01	10333102	6
493614	2008-11-21 15:12:46.267632+01	10324299	6
502114	2008-11-21 15:12:46.267632+01	10332566	6
488812	2008-11-21 15:12:46.267632+01	10319596	6
502038	2008-11-21 15:12:46.267632+01	10332490	6
493588	2008-11-21 15:12:46.267632+01	10324273	6
493027	2008-11-21 15:12:46.267632+01	10323730	6
488616	2008-11-21 15:12:46.267632+01	10319406	6
487443	2008-11-21 15:12:46.267632+01	10318261	6
491034	2008-11-21 15:12:46.267632+01	10321775	6
406827	2007-12-18 18:07:27.551285+01	10246028	6
561423	2014-05-02 15:38:43.040559+02	10322046	6
496446	2008-11-21 15:12:46.267632+01	10326988	6
556792	2011-11-30 16:23:30.659295+01	10278240	40
\.


--
-- Data for Name: molecule_design_gene; Type: TABLE DATA; Schema: public; Owner: cebos
--

COPY molecule_design_gene (molecule_design_id, gene_id) FROM stdin;
\.


--
-- Data for Name: stock_sample_creation_iso_request; Type: TABLE DATA; Schema: public; Owner: gathmann
--

COPY stock_sample_creation_iso_request (iso_request_id, stock_volume, stock_concentration, number_designs, preparation_plate_volume) FROM stdin;
\.


--
-- Data for Name: molecule_design_library_creation_iso_request; Type: TABLE DATA; Schema: public; Owner: gathmann
--

COPY molecule_design_library_creation_iso_request (molecule_design_library_id, iso_request_id) FROM stdin;
\.


--
-- Data for Name: molecule_design_library_lab_iso_request; Type: TABLE DATA; Schema: public; Owner: gathmann
--

COPY molecule_design_library_lab_iso_request (molecule_design_library_id, iso_request_id) FROM stdin;
\.


--
-- Name: molecule_design_library_molecule_design_library_id_seq; Type: SEQUENCE SET; Schema: public; Owner: gathmann
--

SELECT pg_catalog.setval('molecule_design_library_molecule_design_library_id_seq', 1, false);


--
-- Data for Name: molecule_design_mirna_target; Type: TABLE DATA; Schema: public; Owner: postgres
--

COPY molecule_design_mirna_target (molecule_design_id, accession) FROM stdin;
\.


--
-- Name: molecule_design_molecule_design_id_seq; Type: SEQUENCE SET; Schema: public; Owner: postgres
--

SELECT pg_catalog.setval('molecule_design_molecule_design_id_seq', 1, false);


--
-- Data for Name: molecule_design_pool; Type: TABLE DATA; Schema: public; Owner: gathmann
--

COPY molecule_design_pool (molecule_design_set_id, member_hash, number_designs, molecule_type, default_stock_concentration) FROM stdin;
284356	fc0494327694177202477d680dbecccd	1	COMPOUND	0.0100000000000000002
284396	d4554f55f573734595f12c191f099831	1	COMPOUND	0.0100000000000000002
284141	e244d3d0cb955c6ec679f16943c0aeb0	1	COMPOUND	0.0100000000000000002
284429	135f6a400a98942cf3f5409cc071b176	1	COMPOUND	0.0100000000000000002
284425	295665b4dc627a9351dcbc0a3bae91b9	1	COMPOUND	0.0100000000000000002
284265	db0fa8577f361832e3b979f920bee38e	1	COMPOUND	0.0100000000000000002
284269	2fdfc1a679c3a8fa94f586e32664cc19	1	COMPOUND	0.0100000000000000002
284125	d6d046a6f059bc4176783e14451ffc8b	1	COMPOUND	0.0100000000000000002
284089	e4bcfba8b8ace72c94b7a6b052ba95f0	1	COMPOUND	0.0100000000000000002
284087	4504eabd2b407bb762cfe2d63d089dd2	1	COMPOUND	0.0100000000000000002
284309	ecaba09b9213310687a0e18a738841bc	1	COMPOUND	0.0100000000000000002
284307	04bf17e42ba7625c99d0edfd032629cd	1	COMPOUND	0.0100000000000000002
284427	4bc494a903d702a2ef00cfad41f7a23f	1	COMPOUND	0.0100000000000000002
284398	77fbd9cc30bf7e7284a7cee30e9ec9d2	1	COMPOUND	0.0100000000000000002
284360	521c4b0b9d14d4c5dc7b68fc849f226f	1	COMPOUND	0.0100000000000000002
284305	b97f9737c7597c7f948ca7df721bfce9	1	COMPOUND	0.0100000000000000002
284127	11126914fdbfc9b583b064577c9cd10b	1	COMPOUND	0.0100000000000000002
284129	f80dc77892db7c8ef9071c9296727ce9	1	COMPOUND	0.0100000000000000002
284271	f15629c68a4166ea5a956e14cb5158a2	1	COMPOUND	0.0100000000000000002
284362	4b17187f74df06b3b62a0fc59adb9ad6	1	COMPOUND	0.0100000000000000002
284085	17fd348f739cabe2053c72900bfc7df0	1	COMPOUND	0.0100000000000000002
284313	d6537af4896f2960e88e2ac2fc59343e	1	COMPOUND	0.0100000000000000002
284311	f898ad7b2e8b883b6a912de785860a1c	1	COMPOUND	0.0100000000000000002
283838	78e4ea91f2491d0743102e09bf12884d	1	COMPOUND	0.0100000000000000002
283842	1dcb40c017f5f1354a225d67210660df	1	COMPOUND	0.0100000000000000002
281850	f46a691b2918a77b46138f1b024c82aa	1	COMPOUND	0.0079376418853500004
279661	2980baa8c607e36e1f88279b461264e3	1	COMPOUND	0.0135303350111000004
283834	1896c891e27979f2c87087598896eb15	1	COMPOUND	0.0100000000000000002
284368	1ee773ebcaf675dddc12147dc63b68e3	1	COMPOUND	0.0100000000000000002
284366	119517fde5bb71ad60b60a796fc8c5ba	1	COMPOUND	0.0100000000000000002
284400	7b43bcbd409c92d4bc5ac7f19cb39d29	1	COMPOUND	0.0100000000000000002
284402	9fb8de8d26e6e191c2973a79c320ea1e	1	COMPOUND	0.0100000000000000002
284370	b2a01e9107f5d770b043ec88a7f62d19	1	COMPOUND	0.0100000000000000002
284372	8c945fbd7fbe4d3a86fe67821cc8fa8b	1	COMPOUND	0.0100000000000000002
281859	475e13e9f3e14d23eee549c4ec3a6525	1	COMPOUND	0.00959149809608999919
284320	ba16c096b5382298ab2e31527040f228	1	COMPOUND	0.0100000000000000002
284318	fe2b0e9a350a2e577023faf56969f7e1	1	COMPOUND	0.0100000000000000002
281880	eade3b14bc16a8b25ad4547d682865d0	1	COMPOUND	0.00902095568004000065
284408	ce42ee858b358d93ae495ed6e733c6fb	1	COMPOUND	0.0100000000000000002
284404	a64ccfc89050a630483a4aa693370394	1	COMPOUND	0.0100000000000000002
279618	382afc72364e75b394b5067e4fbf7b1d	1	COMPOUND	0.0135319828413999997
281856	129e74277d71db97f408aabf3f930839	1	COMPOUND	0.00882885269059
325776	51ec8a4b805683c3670de3b173de5f7a	1	COMPOUND	0.0100000000000000002
333763	9ee741f382dec5d6dc176a2497b12fd9	1	COMPOUND	0.0050000000000000001
325803	83d7ebb4f168a5df1e0fd0cff04276ee	1	COMPOUND	0.0100000000000000002
325801	83b3c311b4c386e4969117a8667d4698	1	COMPOUND	0.0100000000000000002
325772	b6a1f7f77a9a755e4e2291b47d1d9ec3	1	COMPOUND	0.0100000000000000002
325832	52856d75fa88a5f6149d51acb0a51691	1	COMPOUND	0.0100000000000000002
325834	0ef3e5eb643097a68e8038b9cde84fc4	1	COMPOUND	0.0100000000000000002
325848	9c31a68c9824ff8841c0274f78fd080e	1	COMPOUND	0.0100000000000000002
325774	5a4650165a395ce11f443dcd5ef75bc0	1	COMPOUND	0.0100000000000000002
325830	c4f5fe24bbb2f1512e11820d245a412a	1	COMPOUND	0.0100000000000000002
199937	3ad2d82b5d590067d70aa5b61c7d04d3	2	SSDNA	0.000100000000000000005
204157	645a1cdaa8591874334925ded6cadde8	2	SSDNA	0.000100000000000000005
204148	d38a19834d41b755d934e5926c89619c	2	SSDNA	0.000100000000000000005
197480	5fc096c556da042ba61c61a5a16ac5f6	2	SSDNA	0.000100000000000000005
204169	bda907e1da4c0a91ce646ac556a0125a	2	SSDNA	0.000100000000000000005
204402	a34a56e54a4777734e9cc96790cd8fcc	2	SSDNA	0.000100000000000000005
204258	1c5d0ffc881f306c477d33b2fc9736ab	2	SSDNA	0.000100000000000000005
204195	670ae239a34601905b927294df04e9ff	2	SSDNA	0.000100000000000000005
204197	734e70ed2eabec06f81d85382a14ca45	2	SSDNA	0.000100000000000000005
204250	c97123f626430192c63ac7a329887893	2	SSDNA	0.000100000000000000005
204160	74a220859dbc93cce675b65a2b2d3dda	2	SSDNA	0.000100000000000000005
204280	c14762780b1f877a44cd3cd8dc1dc27d	2	SSDNA	0.000100000000000000005
199092	e57cab38e107c71c9c7f58811c27619d	2	SSDNA	0.000100000000000000005
201040	eb0e1b5b357695666a563260590b0278	2	SSDNA	0.000100000000000000005
199476	e12fa2d5e3b3659ef868b02d03dd19cf	2	SSDNA	0.000100000000000000005
204163	6f562ddc1cd2d618d7e7526716d12b76	2	SSDNA	0.000100000000000000005
204266	f40f9548ca6689f2a3166252b6488353	2	SSDNA	0.000100000000000000005
200451	30a543adf869a402dbfa64b9a0fd53fa	2	SSDNA	0.000100000000000000005
204159	c60a1112a65f34ee1fd152b6e2ed98dd	2	SSDNA	0.000100000000000000005
199907	fb55a61cf40502b9e88fe7d0b2eb8952	2	SSDNA	0.000100000000000000005
204139	010b1f42194dd2b8415de64ab194c45a	2	SSDNA	0.000100000000000000005
197680	aa1e8f5811bb1af8d90213fa5d5ce105	2	SSDNA	0.000100000000000000005
204293	fc50aac5c6146429f0e1e6f4fe797efc	2	SSDNA	0.000100000000000000005
204172	c0462945e1089562ff39a375bc007e00	2	SSDNA	0.000100000000000000005
204140	2102737586299b400b4cde73e267da2c	2	SSDNA	0.000100000000000000005
204200	1eee2f96dcd67873b7f6d54018b1ff32	2	SSDNA	0.000100000000000000005
204326	b790062256140c6ce24c193975ec19d0	2	SSDNA	0.000100000000000000005
204125	0699291e21688104c9aadf78b72a2713	2	SSDNA	0.000100000000000000005
204228	e623b64d7ddc8a9618dd3a14a5fa003c	2	SSDNA	0.000100000000000000005
204175	05b0dc6b4aaa5f784c5f64c3b70ff987	2	SSDNA	0.000100000000000000005
204187	d0e6f96ac53beb845af904d835ca54bb	2	SSDNA	0.000100000000000000005
204180	a048b3c82bd38125cc48a8bd8508db4b	2	SSDNA	0.000100000000000000005
204185	5bd1fe1acf8881e7df5b3c22faf7d649	2	SSDNA	0.000100000000000000005
179725	0fb310c4301d01631053373096d0a837	2	SSDNA	0.000100000000000000005
204291	12ae99066c0d8f74bb13f999bcd1d838	2	SSDNA	0.000100000000000000005
204270	522ad5cb5ec69f140ba97bbe54da5a84	2	SSDNA	0.000100000000000000005
204212	5179a90e7d41eede1f43349fb018329b	2	SSDNA	0.000100000000000000005
204313	6bac7fe301000344fb6bfde73ef26c32	2	SSDNA	0.000100000000000000005
204174	e0cff1bf6dbfc41231d24931ad462c2f	2	SSDNA	0.000100000000000000005
204189	df63c7fe7d0fb44eacaa404aacd4f886	2	SSDNA	0.000100000000000000005
180153	2a17a0044ec27d9bdbe1c396b8d7043a	2	SSDNA	0.000100000000000000005
204124	37c2f0a4c3de95137c657304b4774450	2	SSDNA	0.000100000000000000005
204208	4ea7a8e0e51f44aa70900ef8e2c6a7d0	2	SSDNA	0.000100000000000000005
204176	4eeaa07609f2bad246572bf97982d2ab	2	SSDNA	0.000100000000000000005
204173	c3568259b2eeb3b7728cb6c933cd6e7a	2	SSDNA	0.000100000000000000005
197224	c6d11055ef63165a61954f11ca368d42	2	SSDNA	0.000100000000000000005
179948	eb9b14dfee6ac382c5b759855540e209	2	SSDNA	0.000100000000000000005
203642	35d8f4041c0586c5b1f32223b8b0e799	2	SSDNA	0.000100000000000000005
200800	065dc436f9137f9f2eaae372ca7a3110	2	SSDNA	0.000100000000000000005
202891	fc1f6206f2572339490f4f0cb79de5ad	2	SSDNA	0.000100000000000000005
204135	7753c93d93c313f8fcb21fc71503be46	2	SSDNA	0.000100000000000000005
203645	fe54a50598dc1b2990d59bc03c804e89	2	SSDNA	0.000100000000000000005
202911	6de455a7e235874aa206073680b6c1c4	2	SSDNA	0.000100000000000000005
204565	03d7ed9d9614a124eb87b75b98cde2d2	2	SSDNA	0.000100000000000000005
204279	cc2ed8e2e18ece3eeae3036a89df7842	2	SSDNA	0.000100000000000000005
202356	cbb7a47de05cc63c62dd3c08f96a3c1e	2	SSDNA	0.000100000000000000005
204034	c25ae52e0fe1ff90c765cc4cb2cf606a	2	SSDNA	0.000100000000000000005
199281	b02da400d3a72bfd1e3ee0355df4ef28	2	SSDNA	0.000100000000000000005
204048	b4686ada30e31b39ebc71289f3ce3ded	2	SSDNA	0.000100000000000000005
204252	49934c0efd31968f299ac51c37203cd1	2	SSDNA	0.000100000000000000005
202223	b7b058d50c15d5a90b425bbac96f65b5	2	SSDNA	0.000100000000000000005
204337	936b143996a8603c9bdccf65fb9c3fb8	2	SSDNA	0.000100000000000000005
202085	1d8753708b34d5c9698e216ff54ce7dd	2	SSDNA	0.000100000000000000005
203435	93ac3b483b52cdc5854e482de2914dc1	2	SSDNA	0.000100000000000000005
203447	e3f913d547933a34f1145302e8a2c3c9	2	SSDNA	0.000100000000000000005
204144	eae8bc9f13eed781e67148831356deb7	2	SSDNA	0.000100000000000000005
204165	bc9692c6c8491162a4180e15c66c6c21	2	SSDNA	0.000100000000000000005
200220	802fd0df4557f6d82e38c670f80af016	2	SSDNA	0.000100000000000000005
204105	b3faeb136c51bb092f49a959ffe2d484	2	SSDNA	0.000100000000000000005
204100	3673a9759cfb1d577f57cffefc1dfd83	2	SSDNA	0.000100000000000000005
200698	09244321d89a8033acd291987862d653	2	SSDNA	0.000100000000000000005
204103	cb0e3c3f4d5cfe94e6cedf47ab8739d9	2	SSDNA	0.000100000000000000005
182260	f11a1c4cda52ba9e99ddccb39e78ac18	2	SSDNA	0.000100000000000000005
204058	c0cc36397d4c1f8dae54e64729e5798d	2	SSDNA	0.000100000000000000005
204281	ed9c1b8e68925f3b5d1c7df60c268464	2	SSDNA	0.000100000000000000005
204449	8fb701009dedab56f1c027152e588359	2	SSDNA	0.000100000000000000005
204142	3096619bc304ff34fb9b3c377994bd32	2	SSDNA	0.000100000000000000005
182462	659db80d067fa8a254246070a22911f1	2	SSDNA	0.000100000000000000005
203457	180d66518e4d13a9cbcd709ad79cf0b6	2	SSDNA	0.000100000000000000005
182340	4a37030311d80e1ab41d89242d5790ad	2	SSDNA	0.000100000000000000005
204271	dcfe950456e1a2cc2939a225f9b0ed40	2	SSDNA	0.000100000000000000005
203419	3537aabbf7baf5c561d713a7eea85574	2	SSDNA	0.000100000000000000005
197713	98505dba8719e1baadff3b587646c970	2	SSDNA	0.000100000000000000005
205007	e1e04f2a20b4b20c84b3e83c05e14c71	2	SSDNA	0.000100000000000000005
204120	698cff7006c42d7961b8511430378f7a	2	SSDNA	0.000100000000000000005
204934	b67bcd1e38b40d124de8d161366b418c	2	SSDNA	0.000100000000000000005
199508	e399511830a8d701bdc71371ba5ed4f4	2	SSDNA	0.000100000000000000005
201622	3d125b6cb78550022af0aa2b8047f10b	2	SSDNA	0.000100000000000000005
202963	0f87a95738977e21b44b1b87db176f42	2	SSDNA	0.000100000000000000005
1063165	5a7f795165f3325dbd7006005f363ce0	3	SIRNA	1.00000000000000008e-05
1056905	b8bf3de9692d5db427f515a5083f490f	3	SIRNA	1.00000000000000008e-05
1060525	589a8e9ce05e0d9e58068aa31a7241ab	3	SIRNA	1.00000000000000008e-05
1064399	a53fe59784d0f0571bfec2c1447b6f4c	3	SIRNA	1.00000000000000008e-05
1056982	cdc60c1a10e2e9da436a4c3890406cf7	3	SIRNA	1.00000000000000008e-05
1062335	8a15db7969dc7bd15c9c5e250e5cdb76	3	SIRNA	1.00000000000000008e-05
1062816	bb88cbbcdc87466644157c8cbf094ba2	3	SIRNA	1.00000000000000008e-05
1061547	90e60eaa08b28d385a20be4e7d806fc5	3	SIRNA	1.00000000000000008e-05
1063254	90cb45041159d5bf4ac0093e9dad4866	3	SIRNA	1.00000000000000008e-05
1059666	041ca07677938c7aebdd608aa674dffa	3	SIRNA	1.00000000000000008e-05
1061739	b1e4a62996e92934c4e72e2583fc0627	3	SIRNA	1.00000000000000008e-05
1063240	5be151f6b84efd316d8ab12f8ea1eb6c	3	SIRNA	1.00000000000000008e-05
1061179	2b23cc3dc9f6486ea14dca6819fca4e1	3	SIRNA	1.00000000000000008e-05
1058327	4f20c95efa2397396093c2d04da06662	3	SIRNA	1.00000000000000008e-05
1061986	53563afc07f1b78abe153102f733e39a	3	SIRNA	1.00000000000000008e-05
1065402	00213d47852e75ba1db794e4f263e58f	3	SIRNA	1.00000000000000008e-05
1058745	cd39a5864f40d83d1d2aaebbaf2dffe5	3	SIRNA	1.00000000000000008e-05
1064016	66ef833641cb17684e19e4683f638bcd	3	SIRNA	1.00000000000000008e-05
1066001	2ec5339af709be1f5b28de1d02ce676e	3	SIRNA	1.00000000000000008e-05
1063581	9aa616306b7bcf492f6c9176fcc75987	3	SIRNA	1.00000000000000008e-05
1059978	3a4989584be2f338f2a8600d42498337	3	SIRNA	1.00000000000000008e-05
1056064	ac44154bdb5381aef8acebd7b0cbd33a	3	SIRNA	1.00000000000000008e-05
1062770	a016ae216123411b05eee7bd5c72b99f	3	SIRNA	1.00000000000000008e-05
1063521	484ea05b294b7f6a5bf9787b792cf2c8	3	SIRNA	1.00000000000000008e-05
1064840	fc7bb925a35bd436ef689e11c5d859ed	3	SIRNA	1.00000000000000008e-05
1063719	12d076b56100014cdf7406bd900758f8	3	SIRNA	1.00000000000000008e-05
1065828	de932d419326e6456f1e7ffde874151b	3	SIRNA	1.00000000000000008e-05
1062497	3aa2301004fb55d679361033eca63f32	3	SIRNA	1.00000000000000008e-05
1057922	f468c313b5aca3b221a84bc26ae28397	3	SIRNA	1.00000000000000008e-05
1063573	04211b648135c5e867b74ce689e4c6f9	3	SIRNA	1.00000000000000008e-05
1057689	d7f24e1b8fd1df8f6b6a01f33e3c30c0	3	SIRNA	1.00000000000000008e-05
1065966	a9ef10b867d6c06810d08b93e61a0122	3	SIRNA	1.00000000000000008e-05
1059339	9f6677e4795b7c31ab8734f12a6d84a3	3	SIRNA	1.00000000000000008e-05
1062248	7ef42976ad392ecf1a5e808c43f25801	3	SIRNA	1.00000000000000008e-05
1064701	c2ff656f38fe01efe7994dc52a59f233	3	SIRNA	1.00000000000000008e-05
1056929	276a394a8122f949af2ed7ba59b9c98b	3	SIRNA	1.00000000000000008e-05
1056356	1881f7ce88d18442521f4838f3b23f95	3	SIRNA	1.00000000000000008e-05
1063145	1809bc92bce59ad67d20cf399f4070b7	3	SIRNA	1.00000000000000008e-05
1058840	450b15014fbb66210ffd8252c235b1f9	3	SIRNA	1.00000000000000008e-05
1060600	bb57852a3fc46f94e6ad278a9ec373fa	3	SIRNA	1.00000000000000008e-05
1062478	a9b10d3a40be4f23e29197773470a794	3	SIRNA	1.00000000000000008e-05
1062158	cee97426de22d7ceb6c5a5834b0e4922	3	SIRNA	1.00000000000000008e-05
1062162	5b7872a9095fd8c0f9e180212cb76404	3	SIRNA	1.00000000000000008e-05
1064277	c2100d3988b38c8fe76c4688d27db093	3	SIRNA	1.00000000000000008e-05
1060922	81e116f194b0fd0caf3fe1062d339d9b	3	SIRNA	1.00000000000000008e-05
1064825	91637f628d9d211c426f366ada5b1019	3	SIRNA	1.00000000000000008e-05
1057842	bb2a51a2b4353b18f0735a1544e6b82f	3	SIRNA	1.00000000000000008e-05
1058019	d20dd67653a0615cfbe9956ff982b56b	3	SIRNA	1.00000000000000008e-05
1066022	50d61fb184e7319b83197c5547952d61	3	SIRNA	1.00000000000000008e-05
1059163	d3f7513eb2679381917ece4c49f06b68	3	SIRNA	1.00000000000000008e-05
1061812	2e1a68066313814846083177ef2100c3	3	SIRNA	1.00000000000000008e-05
1058657	51e5d7ffc37752d04daf2088505e6699	3	SIRNA	1.00000000000000008e-05
1062975	9fac9f554b370ffdec7629cc8918ffa4	3	SIRNA	1.00000000000000008e-05
1059363	1b6cd1721c46d757c3b185517382f8cf	3	SIRNA	1.00000000000000008e-05
1056206	4c5e0e0faf80c36c25b5315336895603	3	SIRNA	1.00000000000000008e-05
1063124	7da16061485e61526d660acbcc521d4e	3	SIRNA	1.00000000000000008e-05
1056942	76f92ccf1ac2d781dcc3663c685df348	3	SIRNA	1.00000000000000008e-05
1060100	46b27f46248b37ed70ba69ad6dc40b54	3	SIRNA	1.00000000000000008e-05
1065035	6df95a56725a8e1c9001428f3ac5f836	3	SIRNA	1.00000000000000008e-05
1061540	64729257284f7cfe0d1caf1ae6ebaca1	3	SIRNA	1.00000000000000008e-05
1064612	ecd55bed1e640dfecc9e963585167d81	3	SIRNA	1.00000000000000008e-05
1063295	3dfdae0f41b94b374001dfd3957574e2	3	SIRNA	1.00000000000000008e-05
1060726	dff164ad2866bfe02e9629689c0b451d	3	SIRNA	1.00000000000000008e-05
1063579	5fbc416646c919e8bba193487faa2236	3	SIRNA	1.00000000000000008e-05
1065245	2f520c4e022c14b67505d77d2648b316	3	SIRNA	1.00000000000000008e-05
1060194	a15ca32a547a29a87c08fc3721ed10c7	3	SIRNA	1.00000000000000008e-05
1059892	9784709f7b01b018744180ab22da9130	3	SIRNA	1.00000000000000008e-05
1056841	f2653dbcd0a075d454fc1b9fa7387e95	3	SIRNA	1.00000000000000008e-05
1066101	762e1fabd4f9f1947616e7b15585ddf9	3	SIRNA	1.00000000000000008e-05
1059580	dd8a4b5b7e115806097df1583b05375b	3	SIRNA	1.00000000000000008e-05
1057647	cc13300269b37ecdf3f7b66096a13b4c	3	SIRNA	1.00000000000000008e-05
1059225	a9064b7cf2336c038420d5bb6efde7cc	3	SIRNA	1.00000000000000008e-05
1065838	41120d32f265c5f41bbd09752cf452bf	3	SIRNA	1.00000000000000008e-05
1061522	ceadcd84c97a27afb3671154ce6c8992	3	SIRNA	1.00000000000000008e-05
1065382	8f9156d9f561180bbb11c351fc3773c5	3	SIRNA	1.00000000000000008e-05
1059261	3f2dc59ec968acbd1b18c938f1f69241	3	SIRNA	1.00000000000000008e-05
1064658	1a97da705d70b2be3c53ed3d5f944c13	3	SIRNA	1.00000000000000008e-05
1062670	75752b0bf939d5b4e2edfa3dfa075bdb	3	SIRNA	1.00000000000000008e-05
1061531	05aec6a75209a2d84adaa65ebefb2244	3	SIRNA	1.00000000000000008e-05
1058199	6bb4dea75755f9971c9a2c1c0512df8d	3	SIRNA	1.00000000000000008e-05
1059464	ea0964fce8005ca7da1e32279052ce81	3	SIRNA	1.00000000000000008e-05
1065307	a09364648e94dd509dc6f41a95c08245	3	SIRNA	1.00000000000000008e-05
1062207	c2d9140456459892ff470b371b6b6d95	3	SIRNA	1.00000000000000008e-05
1062269	61291746f88ba2eca49683fe4f38310a	3	SIRNA	1.00000000000000008e-05
1065437	5c2a96c009d44004091853ec085b2a51	3	SIRNA	1.00000000000000008e-05
1063617	0974d4cc7259e07c6c77f300bdf3b761	3	SIRNA	1.00000000000000008e-05
1062279	24fc5a0b78ff792f3f839dd909b2f524	3	SIRNA	1.00000000000000008e-05
1061055	64bb27171e72c8e2bf4855b4433a82a6	3	SIRNA	1.00000000000000008e-05
1059850	76c191c776dd00245d592526bd932f47	3	SIRNA	1.00000000000000008e-05
1063932	7864a7e40a2ad2846ae3f8cf6a49ebf5	3	SIRNA	1.00000000000000008e-05
1057077	5851d1b59470db539ed5654dec4b553f	3	SIRNA	1.00000000000000008e-05
1063670	bd5651b6e5f3805f307fbeeef3926748	3	SIRNA	1.00000000000000008e-05
1062581	c03710c133e62b0b8e4d0de91da1d54f	3	SIRNA	1.00000000000000008e-05
1064461	51c041f8c2b10ed026c7f754c2a59743	3	SIRNA	1.00000000000000008e-05
1060819	0ae9ea845434bb658f7ef1c2bb3a3e74	3	SIRNA	1.00000000000000008e-05
1065500	0e4fecc2a44f62e258ea57f7494fa001	3	SIRNA	1.00000000000000008e-05
292225	ee02878ed2c01014ea335f0eb7fe7240	1	SIRNA	5.00000000000000024e-05
306745	ec8c17412b1e8cf278d73b0b03c8285a	1	SIRNA	5.00000000000000024e-05
287040	c08d863276a52c95bc3b8dfcf7fd9767	1	SIRNA	5.00000000000000024e-05
293025	c8afe2b7cc592eb6eca54fcfa4989d7a	1	SIRNA	5.00000000000000024e-05
285129	618775055f3e98c7646bbc68b8a2b921	1	SIRNA	5.00000000000000024e-05
293583	17f52c7c7d0a81e3ea53d70e84eee4fa	1	SIRNA	5.00000000000000024e-05
293270	6520d956bdbfcd086b13fe316575f46c	1	SIRNA	5.00000000000000024e-05
306742	12e7d2158fa329029e31e6f9d2dd2150	1	SIRNA	5.00000000000000024e-05
286010	e6764a4737fa857733741296a9bceca6	1	SIRNA	5.00000000000000024e-05
299699	e4c90c3713cfabaa4a583a61d4954bd8	1	SIRNA	5.00000000000000024e-05
297378	9e64140676eb12dcb8f8281817d4951e	1	SIRNA	5.00000000000000024e-05
287089	50e08576f07dc353eff9c8854630f302	1	SIRNA	5.00000000000000024e-05
297480	088a860cb7fc4a92f3cf05d83342a2f0	1	SIRNA	5.00000000000000024e-05
1020102	1eaa85899cf2997dcb32f99e62223e42	1	SIRNA	5.00000000000000024e-05
293589	27811b34834e714709fd8dfc3940f0cf	1	SIRNA	5.00000000000000024e-05
285653	2b33879ce266986bdfe6e5565917abe2	1	SIRNA	5.00000000000000024e-05
293233	2a39cb5f48f4767789e71fa74474aadd	1	SIRNA	5.00000000000000024e-05
292908	295b59b9d0c664abc9b81075e8d5f5df	1	SIRNA	5.00000000000000024e-05
292239	b98afbc30a5c8a98d9aeaf5804fa2ceb	1	SIRNA	5.00000000000000024e-05
286744	4347d7f0e6c325f39eb224ee8d772cc0	1	SIRNA	5.00000000000000024e-05
286581	9752c51ab931292ca34dd6d82a3f766c	1	SIRNA	5.00000000000000024e-05
285607	55513a880d4177d72e6951285bc2a36f	1	SIRNA	5.00000000000000024e-05
282843	220624073fd3150778003ef1d5965048	1	SIRNA	5.00000000000000024e-05
294211	58753ec7b55ace484b914e35aad85040	1	SIRNA	5.00000000000000024e-05
292309	810d4c99e3e79b23bf5e4d3efee79000	1	SIRNA	5.00000000000000024e-05
292061	ebd2dc5059fc4bbb239a7e5037748c7d	1	SIRNA	5.00000000000000024e-05
297338	0841d556052c8f59b9778fd6e8ef8eda	1	SIRNA	5.00000000000000024e-05
293031	e4ed15628c05f8d3ae797ef5c8afcd3b	1	SIRNA	5.00000000000000024e-05
297104	746a5495994e585e2b4f7e3a4da519ff	1	SIRNA	5.00000000000000024e-05
299842	d21571c0acd461ee9b753b0e21638086	1	SIRNA	5.00000000000000024e-05
299840	7d0611d51d4377759456bf0d5ac2a380	1	SIRNA	5.00000000000000024e-05
297526	b50177bd694f1818ccda0f771e68aee8	1	SIRNA	5.00000000000000024e-05
286189	90889011d1c32c38678c0bcb0193050d	1	SIRNA	5.00000000000000024e-05
297399	e0cdc4c38ad8a6f70deb6e9f93e40a4c	1	SIRNA	5.00000000000000024e-05
298628	6734eb8794e593e003d2b184570223ee	1	SIRNA	5.00000000000000024e-05
293978	fcc4836b4ff8cb0f0b6855975270b29c	1	SIRNA	5.00000000000000024e-05
313871	fc82543119d5643acdcabc7cb866366d	1	SIRNA	5.00000000000000024e-05
292641	799922221bc84de25c63e0cec5e89e2a	1	SIRNA	5.00000000000000024e-05
292269	0e25f29fe76b2ae4c74b7988a1e89a82	1	SIRNA	5.00000000000000024e-05
282887	eb2572e6b258961e166544746c872ac8	1	SIRNA	5.00000000000000024e-05
293638	4a6470512708d444a3e7f7e7bdc9c5cb	1	SIRNA	5.00000000000000024e-05
286897	9aeefe972db7b089653818f65530a3d3	1	SIRNA	5.00000000000000024e-05
288444	37ecbd0706f269c8d160b93e1ec5c8c5	1	SIRNA	5.00000000000000024e-05
286802	79d09a9b1f0a3777f0299e931ee74796	1	SIRNA	5.00000000000000024e-05
292382	576bb58fe5b2adb49125afa996a2e18a	1	SIRNA	5.00000000000000024e-05
291851	92215b0218bea6ac27fdf203b6bc9920	1	SIRNA	5.00000000000000024e-05
299050	27fb819fdbcf7a7a9abf86d71e7d3d2d	1	SIRNA	5.00000000000000024e-05
292373	66c8e5164bdf9a72d97aba36208178b4	1	SIRNA	5.00000000000000024e-05
292687	ba29d2185fa50dd2ef48521b74936833	1	SIRNA	5.00000000000000024e-05
299605	af1c8755091a3855cd8f55aa7d818fc6	1	SIRNA	5.00000000000000024e-05
297961	196f762c6ebe34564cf3353cab72da35	1	SIRNA	5.00000000000000024e-05
285595	9184e1cb452bb978e354a14efc09e649	1	SIRNA	5.00000000000000024e-05
297337	476109da7fa83cb1241c95a0b1a39346	1	SIRNA	5.00000000000000024e-05
297165	88ff6e3b6cc2dfcfeac14993a2c05fc9	1	SIRNA	5.00000000000000024e-05
287188	8991dbe16441503777fc6b43ee431d1b	1	SIRNA	5.00000000000000024e-05
306593	1f7dbc7243064c6e1a294bd85b50f754	1	SIRNA	5.00000000000000024e-05
299728	c533f85df2951b248cf0d3f9b8951383	1	SIRNA	5.00000000000000024e-05
285265	9c38846318dcfe532ba2baa0b3cec1a6	1	SIRNA	5.00000000000000024e-05
297592	8c19fb02f238bb0720e0ff37ef11b826	1	SIRNA	5.00000000000000024e-05
287665	17c0aabeb1d2cb9160cf4fe2b3e5639b	1	SIRNA	5.00000000000000024e-05
291699	1bcb667896eb7a9f383b6d0e334f4003	1	SIRNA	5.00000000000000024e-05
297743	33900fd05ef8a74666481539ef9dd6bf	1	SIRNA	5.00000000000000024e-05
288282	414f24e30003ca290e4499bcb1794f8d	1	SIRNA	5.00000000000000024e-05
298834	2b2c3237e12359670a9a6060dfd756a7	1	SIRNA	5.00000000000000024e-05
299347	0c4b952ea9e2148db8f129b8a51f2621	1	SIRNA	5.00000000000000024e-05
297720	a458d0320bbd53df6870c0372e3935b7	1	SIRNA	5.00000000000000024e-05
298678	4c3e6f6bee32075d837963c0284a0095	1	SIRNA	5.00000000000000024e-05
293220	73b2eba1c084ed4e3618163c5a4befd8	1	SIRNA	5.00000000000000024e-05
285579	a7566d6e2652ad24b393e08b8b0ee13f	1	SIRNA	5.00000000000000024e-05
299044	64950fbd1daf033d4b6c6965e044266c	1	SIRNA	5.00000000000000024e-05
292152	007dc3213920a4195228d6cda5469590	1	SIRNA	5.00000000000000024e-05
299547	8269d7edad20ab86ea7fb08383e9974e	1	SIRNA	5.00000000000000024e-05
287521	6fc0358257704cbe9aee0e6d5b85a9f8	1	SIRNA	5.00000000000000024e-05
290175	6d90278f2a5723fb5c359a13b87d4e54	1	SIRNA	5.00000000000000024e-05
290210	d8a269c499adfdb5032ac22be6334f55	1	SIRNA	5.00000000000000024e-05
290206	65953c1a38d391eae396c4cedcf99510	1	SIRNA	5.00000000000000024e-05
325925	09b9b4af4aa23880870bdb93fe434ae9	1	SIRNA	5.00000000000000024e-05
289619	e534501f07e812badb8a5328b660c24d	1	SIRNA	5.00000000000000024e-05
295661	5683ad9c76998bf698a1ca0cf7679759	1	SIRNA	5.00000000000000024e-05
304902	9f35868d9a06bffddae948ee7820ef37	1	SIRNA	5.00000000000000024e-05
294965	7f4e593c5f531b67ad28069d2912a33e	1	SIRNA	5.00000000000000024e-05
294579	082b0fcee4dd58935ff39e24f00b591b	1	SIRNA	5.00000000000000024e-05
272970	a9f6e45e7bfc3171df994f8e9b391261	1	SIRNA	5.00000000000000024e-05
276786	a5f6843546044cef853b3474cf1e359d	1	SIRNA	5.00000000000000024e-05
317047	37d57dc2830edc22871d5f3e5715983f	1	SIRNA	5.00000000000000024e-05
293616	1fa059c423927112b517f55bc6db816c	1	SIRNA	5.00000000000000024e-05
1071223	0072247892f2785ac5c5566aaf07431f	1	SIRNA	5.00000000000000024e-05
1069666	e17dec6c16cec6ee91776d6dfa09c3f6	3	SIRNA	1.00000000000000008e-05
1069675	f7f41d33d4058d45a1db499e22029a28	3	SIRNA	1.00000000000000008e-05
1069959	9174be1d7877e21370c4f14ecbf91bff	3	SIRNA	1.00000000000000008e-05
1070128	022b60da8933e406572471b7297ee993	3	SIRNA	1.00000000000000008e-05
1069625	0c2cf5ed31d2923b4dd2eb200ab94735	3	SIRNA	1.00000000000000008e-05
1070238	3f987c92c5680249d55ab289fafc99d3	3	SIRNA	1.00000000000000008e-05
1069986	9ec978b27ffa3bdcc79dcae483582f22	3	SIRNA	1.00000000000000008e-05
1070066	de11e82992979b75184c322de51efd01	3	SIRNA	1.00000000000000008e-05
1070050	3bde9d3cef77134bdb92c5352ec990cc	3	SIRNA	1.00000000000000008e-05
1069895	8862392e47887aa293cbd142a08b2730	3	SIRNA	1.00000000000000008e-05
1070036	0bb438d610d1060823c4fcf6c678db11	3	SIRNA	1.00000000000000008e-05
1069973	e4b95fb2f0250eb3f288af42414cb509	3	SIRNA	1.00000000000000008e-05
1069688	3fcfe9e4d21351592c87609d9701c2d2	3	SIRNA	1.00000000000000008e-05
1069685	11c294066d534ce2e90b3f86f52904a0	3	SIRNA	1.00000000000000008e-05
1069614	5f0afbf879fe1107cd6618765c28acc9	3	SIRNA	1.00000000000000008e-05
1069601	d0ac780b531ae2fed91dc79939bb134f	3	SIRNA	1.00000000000000008e-05
1070135	fc20b69fd8f91d626d987c72521e930e	3	SIRNA	1.00000000000000008e-05
1069678	d0038dd4ca82b19f2af717f814205004	3	SIRNA	1.00000000000000008e-05
1069900	bc8d5985025bd76421ccc43da56732c2	3	SIRNA	1.00000000000000008e-05
1069618	19604ae70206923f9ef63a01ad7c2f75	3	SIRNA	1.00000000000000008e-05
1069620	d59df46b15ff809a2c46d9452173ec8c	3	SIRNA	1.00000000000000008e-05
1069964	c9c0a0ae2f44c6d9028de43d9c1381df	3	SIRNA	1.00000000000000008e-05
1069795	a5a31e330dcad024a6b56e39b47a3752	3	SIRNA	1.00000000000000008e-05
1069731	25b10255917f758193b5ef5be1eb95da	3	SIRNA	1.00000000000000008e-05
1069737	3f13fd7cc1ddb7061d7ae96deab62cd9	3	SIRNA	1.00000000000000008e-05
1070116	5376f42a0b2b17bde32dc72fc02f95d4	3	SIRNA	1.00000000000000008e-05
1070144	5c91b2a865208619231eafa4b11356be	3	SIRNA	1.00000000000000008e-05
1069806	9821436dbcffc3bb781ae4b423d32534	3	SIRNA	1.00000000000000008e-05
1069821	e327dccf2d09ee3981d05a41a547e940	3	SIRNA	1.00000000000000008e-05
1069752	6bb00e12371451f2f5a8d582105c3cc2	3	SIRNA	1.00000000000000008e-05
1069718	ec6ce56ebca7759484c28a6c09fd8b56	3	SIRNA	1.00000000000000008e-05
1069747	357dfceee9b79d70e807d7d2d6067c32	3	SIRNA	1.00000000000000008e-05
1069906	d900d55ed03ee0e5d9399027bbd23b07	3	SIRNA	1.00000000000000008e-05
1070038	b2d82e08a6ea5b5d43627ac6048f41ec	3	SIRNA	1.00000000000000008e-05
1070310	49223d158e7521f3b457a01de10c311b	3	SIRNA	1.00000000000000008e-05
1070045	794df7282dfdf6ac33271de8ea29b152	3	SIRNA	1.00000000000000008e-05
1069690	ba4f8c9cf85c9af63585a3cdb2095759	3	SIRNA	1.00000000000000008e-05
1069608	e178f87a4de7c0cdd92f358faeb044bd	3	SIRNA	1.00000000000000008e-05
1069704	3a762346f0e59252a3110c06f0a5cdb5	3	SIRNA	1.00000000000000008e-05
1070137	cb0d7bbdba37604a06561488bf0ce265	3	SIRNA	1.00000000000000008e-05
1069870	c0f23a061724866e70a868dddfa7da65	3	SIRNA	1.00000000000000008e-05
1070171	77662e0fd51740f7a4e61ccf74fb91c8	3	SIRNA	1.00000000000000008e-05
1070217	ae9bce0321e561bd881e018fb7effd57	3	SIRNA	1.00000000000000008e-05
1069612	f898a6b12dd06c8bab8d94a093683d2d	3	SIRNA	1.00000000000000008e-05
1070200	273dd47f7a92c824e419b30dde08875c	3	SIRNA	1.00000000000000008e-05
1070175	7aee6dea1c30bba3f7832e3d3b7f0d35	3	SIRNA	1.00000000000000008e-05
1070130	918f6b0ab8b2fd24ba29154780b8aedc	3	SIRNA	1.00000000000000008e-05
1069791	f95363af0255b4a4d6703555dd533efc	3	SIRNA	1.00000000000000008e-05
1070280	b695be4d6ba026ac61ad63a8f82e306b	3	SIRNA	1.00000000000000008e-05
1069800	385434e75deff3708e173dbe12dd6a7f	3	SIRNA	1.00000000000000008e-05
1070059	dde1c6ef380e850dc1a2564eedeb64d9	3	SIRNA	1.00000000000000008e-05
1070071	11e5e5564b61b39e26382f712cb6a9ae	3	SIRNA	1.00000000000000008e-05
1070194	bbcdb80dce59d5cd67c7bdf3317cde91	3	SIRNA	1.00000000000000008e-05
1069823	797afc464e24b0ad74b8911e45754df8	3	SIRNA	1.00000000000000008e-05
1069637	6365e5d8aa464f29d61e117ec9b1dc88	3	SIRNA	1.00000000000000008e-05
1070182	11899160455d0c66510df8f59b61a495	3	SIRNA	1.00000000000000008e-05
1069741	c4ffc888ead744475ef5e3e3c004cc8c	3	SIRNA	1.00000000000000008e-05
1069967	7f6e98162c45a8c374ad606f440bf154	3	SIRNA	1.00000000000000008e-05
1070233	fdff52d52b848e939e1e9cfcdcba8a59	3	SIRNA	1.00000000000000008e-05
1069754	947eb7927de526cf6e18b496aeb10d18	3	SIRNA	1.00000000000000008e-05
1069668	bc6e36ca5f140dd8e3367d279f9c894a	3	SIRNA	1.00000000000000008e-05
1069812	368d93dcc4db45184942d10321cbf95d	3	SIRNA	1.00000000000000008e-05
1070055	b54e2afcde88303022bdbf83b2d7d483	3	SIRNA	1.00000000000000008e-05
1069979	378879f4b19378dc5dff6641529b2c7a	3	SIRNA	1.00000000000000008e-05
1069960	2119e2f54a5165839de9e72ca7b1f23c	3	SIRNA	1.00000000000000008e-05
1070100	7db8f0e1063b05269adeab89730faf2e	3	SIRNA	1.00000000000000008e-05
1070032	3993a7ba491b0f3a0e91ff35f3d2146b	3	SIRNA	1.00000000000000008e-05
1069871	3340ef4a9bd6c105d1d57d4eb0ddbb6f	3	SIRNA	1.00000000000000008e-05
1070154	c4956a12c3ce5e76355432720f6dd154	3	SIRNA	1.00000000000000008e-05
1070092	68ca184b1deb2f790750c387a7f1a03c	3	SIRNA	1.00000000000000008e-05
1070103	bb143af70e81bfc97783f6bd3d38fc35	3	SIRNA	1.00000000000000008e-05
1069696	4b77106463603689384eb059d73bf10d	3	SIRNA	1.00000000000000008e-05
1069651	aa181331799a0f3cecf6e2ff1f1f4aef	3	SIRNA	1.00000000000000008e-05
1070110	7daf37ff7e0389c769abf930312460d3	3	SIRNA	1.00000000000000008e-05
1069694	8bc5e5b26b9fb31739ae56e130867c1c	3	SIRNA	1.00000000000000008e-05
1069867	45bb7f9b0689f7525867014b2cc9139a	3	SIRNA	1.00000000000000008e-05
1070040	5d060f70553787765ba8fe0a5bb36142	3	SIRNA	1.00000000000000008e-05
1070104	2f119ae51c32a27deff9113bfe24e2be	3	SIRNA	1.00000000000000008e-05
1070187	0a0fe8970cf0a136ae58532f65fd2275	3	SIRNA	1.00000000000000008e-05
1070149	816afead17b37e6c476c32ebadd17e56	3	SIRNA	1.00000000000000008e-05
1070026	9e5e9ccfa81d300e797135e436e9e1e5	3	SIRNA	1.00000000000000008e-05
1069965	2da3fc4c063a29777c3a0fd17f68ca20	3	SIRNA	1.00000000000000008e-05
1070151	75e5c4d4d09237a1697b45fcc3b78f04	3	SIRNA	1.00000000000000008e-05
1069655	ce949ea7c9088d9bd337d4ffa07c4edd	3	SIRNA	1.00000000000000008e-05
1070211	7eafcab3bd97e9efec85d24169bfa13c	3	SIRNA	1.00000000000000008e-05
1070153	00f10b683d623ca361e181fd38ac25d5	3	SIRNA	1.00000000000000008e-05
1069700	b59e728b8cf122298b9492da1de4de47	3	SIRNA	1.00000000000000008e-05
1069649	6fbcab66e0c8621176b4ba3e96c48e09	3	SIRNA	1.00000000000000008e-05
1069936	38917fbe137fe3317b03b1b70e87fd39	3	SIRNA	1.00000000000000008e-05
1069942	ee202c4be008410935f281bb6716cc88	3	SIRNA	1.00000000000000008e-05
1069644	4c965c1cd23f6ef5c715102ad224a865	3	SIRNA	1.00000000000000008e-05
1070037	efd2227f04ff2e46b615ee37cd8cf0c8	3	SIRNA	1.00000000000000008e-05
1069933	f0ce8a987c27fc79401a3d49b78a2f2c	3	SIRNA	1.00000000000000008e-05
1070087	f92bfee73bf0812a9e8e1409f03f83ac	3	SIRNA	1.00000000000000008e-05
1069595	f4f51372880e6af2710c0ac3caa4d62c	3	SIRNA	1.00000000000000008e-05
1069931	e1dbfa8022a55d6a4b79f58684879f0f	3	SIRNA	1.00000000000000008e-05
293637	a298e63458657531f59f30ce1e470e0f	1	SIRNA	5.00000000000000024e-05
284874	7072383791d72e8651c36e3cdbac9b86	1	SIRNA	5.00000000000000024e-05
287806	42a21a6916de56a29ed98eb366922225	1	SIRNA	5.00000000000000024e-05
288426	7ff0a5f6779bdbce7e5d85b166bad139	1	SIRNA	5.00000000000000024e-05
286479	36490ff0b1ef205b39c22da6f3d0fbe5	1	SIRNA	5.00000000000000024e-05
286488	7c0e2cc3cd20b2f42c460658da1e52ad	1	SIRNA	5.00000000000000024e-05
287374	f86178793301ca5b2d0980685e5a0f4e	1	SIRNA	5.00000000000000024e-05
288602	2e86a84c32a85decb150cc0c9934e9ac	1	SIRNA	5.00000000000000024e-05
306823	9a91e6bc28d0ffca0dfadb0f26879de8	1	SIRNA	5.00000000000000024e-05
298007	1aa5a9c2f1fde595d041e3c8d57ddb6f	1	SIRNA	5.00000000000000024e-05
306751	378d6ed82eb093f6e07570d812d468ac	1	SIRNA	5.00000000000000024e-05
288528	ec5166aa5e3912743fcc5fdcc278166d	1	SIRNA	5.00000000000000024e-05
288373	3564e7f0dc08ac8975d5896bc950a009	1	SIRNA	5.00000000000000024e-05
297855	3422003d99c91d77028030131c3dd1bf	1	SIRNA	5.00000000000000024e-05
287998	4323be53db368376dfbe3e43042b2f6b	1	SIRNA	5.00000000000000024e-05
306822	a0c793ceca49409572c4bb3f859d030a	1	SIRNA	5.00000000000000024e-05
284895	28fd6201c05a149fd1191549ca83f01f	1	SIRNA	5.00000000000000024e-05
306757	c11534cfbaca8a86d2fdc08ebbcdeca7	1	SIRNA	5.00000000000000024e-05
306783	4f70b59e20d691490b61eb52938e0a3e	1	SIRNA	5.00000000000000024e-05
306810	2a9fd5f20cfab92b53b24679f604392b	1	SIRNA	5.00000000000000024e-05
286023	a1f3fdb2d014a48e2ac7417018cbb720	1	SIRNA	5.00000000000000024e-05
297149	2bd48659653930eb44fadd81724d52b3	1	SIRNA	5.00000000000000024e-05
285640	05e5cc152836370c4c553d2f37d911ba	1	SIRNA	5.00000000000000024e-05
285626	c17814564de22dc00dcaa26d45b85aa8	1	SIRNA	5.00000000000000024e-05
288032	f644cfaaf386e97c9e57d8467789a82c	1	SIRNA	5.00000000000000024e-05
288366	35d57c5b2c7e72012deb99dde173e876	1	SIRNA	5.00000000000000024e-05
297274	18a6af5218db023fe1793e1652862ec7	1	SIRNA	5.00000000000000024e-05
292981	30721109d43f0546d0a9e40d09cd6a71	1	SIRNA	5.00000000000000024e-05
287842	dcd2ff77bf1f42b2dcc6c33b7c0a60fc	1	SIRNA	5.00000000000000024e-05
297201	9c02852066e854952468914aa4383d40	1	SIRNA	5.00000000000000024e-05
297219	37ecb1ba3879af00fb29e12f3197ad37	1	SIRNA	5.00000000000000024e-05
298798	be32f473bb75b162ec5c4a335a0e7543	1	SIRNA	5.00000000000000024e-05
293888	114fb24204aa4cb226109e583713687b	1	SIRNA	5.00000000000000024e-05
299653	4c04b7709eefb92dd42f848812b010c9	1	SIRNA	5.00000000000000024e-05
293784	47c0b9630ed8f222055eb3730eaf7809	1	SIRNA	5.00000000000000024e-05
298909	fb2a7cf969460c3c58e4f5a7e0531a5e	1	SIRNA	5.00000000000000024e-05
306707	d2f858b26a1fd8d6bdcfd7b118951119	1	SIRNA	5.00000000000000024e-05
288442	994f064ed4856bf6016a2a233aabe6b2	1	SIRNA	5.00000000000000024e-05
306789	c79bd2ea932ed322150aec6e9330a463	1	SIRNA	5.00000000000000024e-05
299638	3987b788e3c61dbd9829e630d4cfcdd9	1	SIRNA	5.00000000000000024e-05
282735	fd2d8e1d9d27f3839f53c19b2fa7087e	1	SIRNA	5.00000000000000024e-05
287797	95c703e113ae233506016b943777f0f3	1	SIRNA	5.00000000000000024e-05
287795	98f1100886ccadbf09d27ff03c8b885c	1	SIRNA	5.00000000000000024e-05
287384	97d01cc1fdf6de2e83eb7dc295a383db	1	SIRNA	5.00000000000000024e-05
298571	99776b4bc457745d26385df3ae300f7c	1	SIRNA	5.00000000000000024e-05
293758	42d0697a9a9f96004ae1dc14787555ef	1	SIRNA	5.00000000000000024e-05
287515	d87fb4c88b71bd8cd89eddbf2ddbddd3	1	SIRNA	5.00000000000000024e-05
285710	c28dff88f31f46f7b52053271036e462	1	SIRNA	5.00000000000000024e-05
287390	a1c94ba7792fe1dcc940932ae996636b	1	SIRNA	5.00000000000000024e-05
298579	79f35ba237fcfd1d2397dff6ff6b43b9	1	SIRNA	5.00000000000000024e-05
287512	6d318b06adb631529d4adc916bfafb4f	1	SIRNA	5.00000000000000024e-05
299584	662ce2dd7f6762ede073958374b1ebc9	1	SIRNA	5.00000000000000024e-05
285590	113e8961ba690733df3c3cbd3f3c68ce	1	SIRNA	5.00000000000000024e-05
284844	74c9fb8294924a883445c10290e30c79	1	SIRNA	5.00000000000000024e-05
306712	010d30a74e0792dc4c5a0b7c6079f8a0	1	SIRNA	5.00000000000000024e-05
297918	9cbbc963284f30176000e88c2cbe4962	1	SIRNA	5.00000000000000024e-05
304295	a11d307787245dbb75a2430a4de70d90	1	SIRNA	5.00000000000000024e-05
289098	7900bf9b86464907dbd2ecdbba25d855	1	SIRNA	5.00000000000000024e-05
307995	57343788042df152f0a26857c544c99c	1	SIRNA	5.00000000000000024e-05
307917	07c4fb1434268ca8697a1340d2de1d2c	1	SIRNA	5.00000000000000024e-05
290080	c267720ef5a590356953cc8b6dd39de0	1	SIRNA	5.00000000000000024e-05
290089	4f57a5dbaefba9fa8f4a27c519c1ee40	1	SIRNA	5.00000000000000024e-05
288309	85451e1df865e426b3df7fcfe1a67ab5	1	SIRNA	5.00000000000000024e-05
291026	85ff7f050db4394deb0c607ce612e1ba	1	SIRNA	5.00000000000000024e-05
304385	ab5d3b1385ab0a38b3dadb45b8baab3d	1	SIRNA	5.00000000000000024e-05
304401	6240a2b5f204513a5c4d83f4a43a559e	1	SIRNA	5.00000000000000024e-05
305122	e2b00aaf7f8240c9d150eb2249ee7450	1	SIRNA	5.00000000000000024e-05
308016	29b15d05b67a0f98cb4bcf442d665de9	1	SIRNA	5.00000000000000024e-05
306961	6b674504df5f6bf925730c0efc807f86	1	SIRNA	5.00000000000000024e-05
304459	650e6f6b134e847518886b8755b9dadf	1	SIRNA	5.00000000000000024e-05
284848	c1bcdc1f842538e4f8c884ea17adf3f5	1	SIRNA	5.00000000000000024e-05
305192	125f04001a6a21f4288c847659058df6	1	SIRNA	5.00000000000000024e-05
296246	85ffa993ab8f64c7c8d252f231f25916	1	SIRNA	5.00000000000000024e-05
304651	fd0920c70923fb20506adea1130e3024	1	SIRNA	5.00000000000000024e-05
291446	6c4b4f98313728eeebe12d11a7af6f94	1	SIRNA	5.00000000000000024e-05
304575	831b08ae0c1cb0ce372258053a311db9	1	SIRNA	5.00000000000000024e-05
296220	da6abdb3fe4b3822684f5baf683d8883	1	SIRNA	5.00000000000000024e-05
295660	0aa809b8fd4a58da4461b7eb58c7a633	1	SIRNA	5.00000000000000024e-05
291250	92c6513e4154037698ea2664bc04adf2	1	SIRNA	5.00000000000000024e-05
290078	a2aa33878e6659f13fb90c7aba5c98d0	1	SIRNA	5.00000000000000024e-05
293668	687d7ac69eb1cdf20da6be27e269236a	1	SIRNA	5.00000000000000024e-05
282667	e59ea9eddf59bebdb1acaa7299fd356b	1	SIRNA	5.00000000000000024e-05
333044	5361df7029ce78dec73deded3676f0af	1	SIRNA	5.00000000000000024e-05
298984	acc5398cc8c4c50d80dc0089ef1c9b6f	1	SIRNA	5.00000000000000024e-05
326712	029d85f536ab5b76a761836906ae2615	1	SIRNA	5.00000000000000024e-05
\.


--
-- Name: molecule_design_pool_molecule_design_pool_id_seq; Type: SEQUENCE SET; Schema: public; Owner: postgres
--

SELECT pg_catalog.setval('molecule_design_pool_molecule_design_pool_id_seq', 1, false);


--
-- Data for Name: molecule_design_pool_set_member; Type: TABLE DATA; Schema: public; Owner: gathmann
--

COPY molecule_design_pool_set_member (molecule_design_pool_set_id, molecule_design_pool_id) FROM stdin;
\.


--
-- Name: molecule_design_pool_set_molecule_design_pool_set_id_seq; Type: SEQUENCE SET; Schema: public; Owner: gathmann
--

SELECT pg_catalog.setval('molecule_design_pool_set_molecule_design_pool_set_id_seq', 1, false);


--
-- Data for Name: molecule_design_set_gene; Type: TABLE DATA; Schema: public; Owner: gathmann
--

COPY molecule_design_set_gene (molecule_design_set_id, gene_id) FROM stdin;
\.


--
-- Data for Name: molecule_design_set_member; Type: TABLE DATA; Schema: public; Owner: thelma
--

COPY molecule_design_set_member (molecule_design_set_id, molecule_design_id) FROM stdin;
284408	10282130
284127	10281849
284265	10281987
325801	10394712
281859	10243998
325848	10241353
284318	10282040
281850	10243989
284404	10282126
284305	10282027
325776	10394687
284360	10282082
281856	10243995
284370	10282092
284425	10282147
284313	10282035
283842	10281564
284398	10282120
284309	10282031
333763	10407250
325832	10394742
284427	10282149
284402	10282124
284125	10281847
283834	10281556
325774	10394685
325834	10394744
283838	10281560
284429	10282151
325772	10394683
284372	10282094
281880	10244019
284307	10282029
284362	10282084
284271	10281993
284089	10281811
284085	10281807
284087	10281809
284368	10282090
325830	10394740
284320	10282042
325803	10394714
284366	10282088
279661	10242330
284141	10281863
284400	10282122
284311	10282033
284269	10281991
284356	10282078
279618	10242287
284396	10282118
284129	10281851
204258	10405979
204258	10405980
199092	10200400
199092	10237759
204266	10405993
204266	10405994
197680	10235632
197680	10235633
204142	10405779
204142	10405778
199281	10238042
199281	10238043
204105	10405701
204105	10405700
204187	10405856
204187	10405857
203642	10401417
203642	10401416
199508	10238388
199508	10238387
200451	10240762
200451	10240761
204200	10405880
204200	10405881
204157	10405802
204157	10405804
204148	10405788
204148	10405787
204144	10405781
204144	10405782
200698	10241134
200698	10241133
204124	10405753
204124	10405752
204449	10406286
204449	10406285
179948	10200821
179948	10200820
204120	10405746
204120	10405745
204180	10405845
204180	10405844
204189	10405859
204189	10405860
204169	10405825
204169	10405823
204197	10405875
204197	10405874
202911	10377531
202911	10377532
204293	10406041
204293	10406042
204270	10406000
204270	10406001
202223	10278043
202223	10278042
204313	10406075
204313	10406074
182260	10205440
182260	10205439
203435	10396410
203435	10396408
204034	10405454
204034	10405455
204326	10406096
204326	10406097
204175	10405836
204175	10405837
199476	10238339
199476	10238340
204279	10406017
204279	10406015
197713	10235678
197713	10235677
204173	10405833
204173	10405832
204159	10405808
204159	10405807
204160	10405810
204160	10405809
204139	10201319
204139	10405774
204212	10205613
204212	10405900
204165	10405818
204165	10405819
204125	10405754
204125	10405755
205007	10407228
205007	10407227
204271	10406002
204271	10406003
179725	10200374
179725	10200375
204291	10406038
204291	10406039
204048	10405483
204048	10405484
199937	10239091
199937	10239090
204228	10405928
204228	10405929
204140	10405776
204140	10405775
203419	10396381
203419	10396382
182340	10205600
182340	10205599
202963	10377621
202963	10377620
200800	10242159
200800	10242160
204250	10405967
204250	10405965
197480	10235318
197480	10235319
204058	10405499
204058	10405498
204163	10405815
204163	10405814
203645	10235024
203645	10401421
201040	10246832
201040	10246831
202085	10247908
202085	10201132
204185	10405854
204185	10405853
204337	10406113
204337	10406112
204280	10406018
204280	10406019
180153	10201228
180153	10201229
204195	10405870
204195	10405871
204172	10405831
204172	10405830
204100	10405693
204100	10405694
204174	10405835
204174	10405834
204103	10405698
204103	10405697
197224	10234925
197224	10234924
204252	10405970
204252	10405969
202356	10278304
202356	10278305
200220	10240422
200220	10240423
201622	10247007
201622	10247008
199907	10239043
199907	10239042
202891	10377498
202891	10377497
204176	10405838
204176	10405839
203457	10397092
203457	10397091
204565	10406460
204565	10406459
204402	10406209
204402	10406210
182462	10205829
182462	10205830
204135	10405768
204135	10405767
204934	10407116
204934	10407115
203447	10396430
203447	10396429
204208	10405893
204208	10405892
204281	10406021
204281	10406020
1064277	10320207
1064277	10323061
1064277	10329338
1056206	10342366
1056206	10318276
1056206	10316044
1059464	10331669
1059464	10314145
1059464	10318521
1058840	10333121
1058840	10337612
1058840	10325536
1063254	10338880
1063254	10317009
1063254	10325157
1059978	10327240
1059978	10334250
1059978	10339176
1059892	10326218
1059892	10334236
1059892	10336820
1061522	10340758
1061522	10246498
1061522	10246499
1062770	10339823
1062770	10336294
1062770	10327464
1065035	10332543
1065035	10338595
1065035	10316638
1065382	10315134
1065382	10342721
1065382	10317980
1061547	10315483
1061547	10340896
1061547	10317639
1062207	10314146
1062207	10318522
1062207	10331670
1065402	10339924
1065402	10336219
1065402	10327565
1059580	10342360
1059580	10318270
1059580	10316038
1062248	10315431
1062248	10317588
1062248	10340845
1064612	10318151
1064612	10342559
1064612	10314969
1062816	10331183
1062816	10313472
1062816	10343388
1061812	10333357
1061812	10325772
1061812	10336891
1064840	10315056
1064840	10318073
1064840	10342816
1056356	10317604
1056356	10315447
1056356	10340861
1056841	10326183
1056841	10334202
1056841	10336785
1059225	10319110
1059225	10315853
1059225	10342171
1061986	10321889
1061986	10324298
1061986	10328955
1066022	10322806
1066022	10342934
1066022	10330642
1060525	10334208
1060525	10326189
1060525	10336791
1063617	10323638
1063617	10320273
1063617	10329404
1057842	10328842
1057842	10323935
1057842	10321001
1066001	10332114
1066001	10314846
1066001	10318794
1056064	10315580
1056064	10342073
1056064	10319355
1056905	10315894
1056905	10319152
1056905	10342212
1064825	10316311
1064825	10324807
1064825	10338268
1060922	10325345
1060922	10337422
1060922	10333104
1064658	10331131
1064658	10343593
1064658	10313678
1058327	10324312
1058327	10321903
1058327	10328969
1061540	10317401
1061540	10314220
1061540	10341005
1064701	10317698
1064701	10340956
1064701	10315369
1063670	10325209
1063670	10332798
1063670	10337286
1058745	10318517
1058745	10331666
1058745	10314141
1060194	10331529
1060194	10339306
1060194	10318373
1061531	10317449
1061531	10341053
1061531	10314267
1064399	10319495
1064399	10313112
1064399	10341902
1063295	10323876
1063295	10321115
1063295	10328607
1063165	10331830
1063165	10313957
1063165	10318682
1059261	10317285
1059261	10314446
1059261	10341229
1056942	10320058
1056942	10322563
1056942	10330226
1059850	10327018
1059850	10246082
1059850	10246083
1059363	10315175
1059363	10317847
1059363	10340761
1062975	10313415
1062975	10330864
1062975	10343502
1063145	10319134
1063145	10342194
1063145	10315876
1064016	10314555
1064016	10317044
1064016	10341335
1062670	10336170
1062670	10327516
1062670	10339875
1058019	10342944
1058019	10322816
1058019	10330652
1065307	10330945
1065307	10322242
1065307	10343064
1064461	10336650
1064461	10326623
1064461	10335707
1061179	10330198
1061179	10320030
1061179	10322536
1057647	10320048
1057647	10322554
1057647	10330216
1061055	10332729
1061055	10325922
1061055	10338431
1066101	10326214
1066101	10336816
1066101	10246183
1065966	10340471
1065966	10327848
1065966	10334943
1065437	10340918
1065437	10317662
1065437	10315331
1060726	10343086
1060726	10322264
1060726	10330445
1065838	10317840
1065838	10315168
1065838	10340753
1063579	10322216
1063579	10343038
1063579	10330920
1057077	10323925
1057077	10320991
1057077	10328832
1058657	10321228
1058657	10328374
1058657	10325017
1063521	10246413
1063521	10330396
1063521	10246412
1062269	10341873
1062269	10313225
1062269	10319467
1063124	10314247
1063124	10341033
1063124	10317429
1063932	10327689
1063932	10335136
1063932	10334784
1059666	10324426
1059666	10328301
1059666	10320809
1061739	10322619
1061739	10329764
1061739	10319940
1057922	10330860
1057922	10343498
1057922	10313411
1063240	10318681
1063240	10331829
1063240	10313956
1062497	10322382
1062497	10330044
1062497	10320567
1063719	10331168
1063719	10313457
1063719	10343373
1062581	10325549
1062581	10333134
1062581	10337625
1059339	10327879
1059339	10340502
1059339	10334974
1060600	10320504
1060600	10323524
1060600	10329981
1056929	10315877
1056929	10319135
1056929	10342195
1060100	10322786
1060100	10342914
1060100	10330622
1062162	10325776
1062162	10333361
1062162	10336895
1065828	10322761
1065828	10330423
1065828	10342889
1063581	10339351
1063581	10331740
1063581	10318418
1058199	10314733
1058199	10318853
1058199	10332001
1059163	10333335
1059163	10336869
1059163	10325750
1056982	10334650
1056982	10340266
1056982	10335857
1065500	10323919
1065500	10320985
1065500	10328826
1065245	10330727
1065245	10343195
1065245	10313278
1060819	10336278
1060819	10339807
1060819	10327448
1062335	10318600
1062335	10331921
1062335	10314049
1062158	10313725
1062158	10341627
1062158	10319795
1062279	10318576
1062279	10314200
1062279	10331724
1062478	10324736
1062478	10316410
1062478	10338194
1057689	10343315
1057689	10322143
1057689	10331021
1063573	10320781
1063573	10330604
1063573	10322943
286802	10315057
282887	10246251
297743	10325860
297720	10325839
292239	10320376
299547	10327548
292269	10320405
293025	10321149
299728	10327729
299840	10327841
285607	10313888
298678	10326687
299699	10327700
317047	103548
286744	10315000
293270	10321389
286897	10315150
1020102	10325640
293616	10321723
325925	10333397
290206	10318383
294579	10322672
290175	10318352
292152	10320289
298628	10326638
286010	10314287
282843	10246207
288444	10316663
285653	10313934
292373	10320507
297961	10326075
289619	10317821
287521	10315763
291699	10319844
291851	10319993
297337	10325460
297480	10325601
285579	10313862
297399	10325521
292908	10321033
293638	10321745
290210	10318387
306742	10334637
293589	10321696
292641	10320770
293233	10321353
287089	10315337
293583	10321691
299605	10327606
298834	10326840
276786	44697
299842	10327843
272970	120630
297104	10325229
292225	10320362
293031	10321155
285129	10313421
294965	10323054
294211	10322311
287040	10315291
285265	10313553
287188	10315436
297592	10325711
293220	10321340
295661	10323731
313871	10246380
287665	10315906
297526	10325647
1071223	10410583
297378	10325501
304902	10332817
292309	10320443
299050	10327054
299347	10327348
286189	10314461
297165	10325289
285595	10313877
288282	10316502
292061	10320200
293978	10322080
306593	10334488
299044	10327048
286581	10314845
306745	10334640
297338	10325461
292382	10320516
292687	10320816
1070187	148890
1070187	148891
1070187	148892
1069688	260644
1069688	260643
1069688	260642
1070171	141010
1070171	141009
1070171	141011
1070045	219455
1070045	219457
1070045	219456
1069612	129068
1069612	129070
1069612	129069
1069620	135010
1069620	135011
1069620	135012
1070066	122124
1070066	122122
1070066	5394
1069959	127955
1069959	127954
1069959	127956
1070238	125687
1070238	125686
1070238	125685
1070137	148182
1070137	148180
1070137	148181
1070310	138165
1070310	138167
1070310	138166
1070144	127569
1070144	127570
1070144	127571
1070050	29130
1070050	29216
1070050	133369
1069678	130980
1069678	130981
1069678	130979
1069696	141328
1069696	37278
1069696	37371
1070149	271954
1070149	271955
1070149	271956
1069595	146829
1069595	146830
1069595	146828
1069965	24380
1069965	135043
1069965	135042
1069867	146812
1069867	146813
1069867	146811
1069871	219495
1069871	219496
1069871	219497
1070026	235637
1070026	261202
1070026	284793
1069608	217274
1069608	141942
1069608	217275
1069964	25637
1069964	25543
1069964	25447
1070128	21331
1070128	21235
1070128	46225
1069704	144303
1069704	20549
1069704	20458
1069979	272047
1069979	272049
1069979	272048
1069800	264779
1069800	264778
1069800	264780
1069936	121870
1069936	121871
1069936	121872
1069933	140470
1069933	140471
1069933	25763
1069718	127278
1069718	127280
1069718	127279
1069795	41223
1069795	41132
1069795	148205
1070153	215916
1070153	9184
1070153	9276
1069649	149019
1069649	149021
1069649	149020
1069675	122910
1069675	122911
1069675	24341
1070175	44512
1070175	131784
1070175	131785
1070038	123156
1070038	123157
1070038	123158
1069900	241859
1069900	148926
1069900	241858
1069821	17115
1069821	17209
1069821	215104
1070130	127399
1070130	127398
1070130	127400
1069731	149565
1069731	149566
1069731	149567
1069960	134795
1069960	23959
1069960	23866
1069690	129610
1069690	42947
1069690	129609
1070151	145464
1070151	145463
1070151	145462
1070116	147798
1070116	147800
1070116	147799
1070036	129238
1070036	129237
1070036	129239
1070087	148812
1070087	29333
1070087	29428
1070217	34631
1070217	131481
1070217	34720
1069625	218676
1069625	218675
1069625	218677
1070200	123363
1070200	123364
1070200	123365
1069651	125041
1069651	25464
1069651	125040
1070135	126179
1070135	126180
1070135	126181
1069694	128696
1069694	128694
1069694	128695
1069806	35327
1069806	109854
1069806	216984
1069747	128903
1069747	128904
1069747	128905
1069668	122582
1069668	122580
1069668	122581
1070092	258986
1070092	258985
1070092	258984
1069618	17976
1069618	142973
1069618	18069
1070104	128355
1070104	128357
1070104	128356
1070100	126964
1070100	126966
1070100	126965
1070103	39151
1070103	128011
1070103	128012
1069752	127307
1069752	29675
1069752	127308
1070211	138682
1070211	138681
1070211	138680
1070071	29474
1070071	123297
1070071	29382
1070280	138336
1070280	138335
1070280	138337
1070182	130119
1070182	130121
1070182	130120
1069614	148584
1069614	148585
1069614	148583
1070110	106595
1070110	10621
1070110	10527
1069931	132445
1069931	132447
1069931	132446
1069967	129461
1069967	129460
1069967	129459
1069986	123146
1069986	123144
1069986	123145
1069737	137780
1069737	137779
1069737	137781
1069644	133971
1069644	133972
1069644	133970
1070194	23793
1070194	134811
1070194	134812
1069870	131971
1069870	131970
1069870	131972
1070154	128731
1070154	128732
1070154	26072
1069823	108570
1069823	108569
1069823	108571
1069637	140356
1069637	140354
1069637	140355
1069791	263509
1069791	263510
1069791	263511
1070037	125166
1070037	26622
1070037	125167
1070059	133104
1070059	133103
1070059	28292
1069741	145227
1069741	145228
1069741	16202
1070040	129603
1070040	129604
1070040	129605
1069655	129512
1069655	39433
1069655	129511
1070055	149012
1070055	149011
1070055	149010
1069906	23187
1069906	22997
1069906	23093
1069601	14623
1069601	44991
1069601	146463
1069666	272146
1069666	272147
1069666	272148
1069895	45679
1069895	44505
1069895	45589
1070032	127184
1070032	127185
1070032	127186
1069700	265824
1069700	265822
1069700	265823
1069685	147335
1069685	147336
1069685	147337
1070233	135156
1070233	24672
1070233	24764
1069942	127637
1069942	127639
1069942	127638
1069973	124318
1069973	217249
1069973	217248
1069812	5907
1069812	116247
1069812	6002
1069754	108929
1069754	108930
1069754	135186
326712	10278240
306822	10334717
287384	10315631
306823	10334718
291250	10319406
293888	10321993
299638	10327639
304651	10332566
305192	10333102
333044	10322046
288528	10316747
305122	10333033
288602	10316820
297201	10325325
306783	10334678
287797	10316031
284895	10313190
306751	10334646
287390	10315637
293758	10321865
304385	10332302
304295	10332212
287842	10316073
306712	10334607
288366	10316585
304575	10332490
287374	10315621
287998	10316222
307917	10335813
307995	10335891
290080	10318263
297855	10325971
285640	10313921
296246	10324299
297274	10325398
298579	10326589
285590	10313872
287806	10316039
288309	10316528
299584	10327585
284844	10313139
285710	10313991
287515	10315757
291026	10319185
295660	10323730
284848	10313143
286488	10314754
282735	10246096
284874	10313169
297918	10326031
298909	10326913
299653	10327654
297149	10325273
286023	10314298
297219	10325343
306810	10334705
285626	10313907
292981	10321105
296220	10324273
306757	10334652
288373	10316592
298798	10326804
304401	10332318
298571	10326581
287512	10315754
298984	10326988
286479	10314745
287795	10316029
282667	10246028
290089	10318271
293668	10321775
288442	10316661
304459	10332374
291446	10319596
306961	10334856
288032	10316255
298007	10326121
288426	10316645
306707	10334602
290078	10318261
308016	10335912
293637	10321744
306789	10334684
293784	10321890
289098	10317310
\.


--
-- Name: molecule_design_set_molecule_design_set_id_seq; Type: SEQUENCE SET; Schema: public; Owner: thelma
--

SELECT pg_catalog.setval('molecule_design_set_molecule_design_set_id_seq', 1, false);


--
-- Data for Name: molecule_design_set_target_set; Type: TABLE DATA; Schema: public; Owner: thelma
--

COPY molecule_design_set_target_set (molecule_design_set_id, target_set_id) FROM stdin;
\.


--
-- Data for Name: molecule_design_structure; Type: TABLE DATA; Schema: public; Owner: gathmann
--

COPY molecule_design_structure (molecule_design_id, chemical_structure_id) FROM stdin;
10282120	705661
10282088	705629
10243998	704938
10394685	706124
10281560	705101
10282040	705581
10407250	706184
10243995	704935
10281849	705390
10243989	704929
10281811	705352
10282078	705619
10394714	706153
10282092	705633
10282084	705625
10282147	705688
10242330	704884
10281863	705404
10282118	705659
10281851	705392
10242287	704841
10281987	705528
10244019	704959
10282126	705667
10241353	704803
10282035	705576
10394740	706179
10394742	706181
10282149	705690
10282082	705623
10282130	705671
10282124	705665
10281993	705534
10282094	705635
10282027	705568
10282151	705692
10394683	706122
10394712	706151
10281991	705532
10281564	705105
10282042	705583
10282122	705663
10394687	706126
10281809	705350
10281807	705348
10281556	705097
10282033	705574
10282090	705631
10281847	705388
10394744	706183
10282031	705572
10282029	705570
10405967	197883
10205830	88815
10377498	195149
10200375	102887
10238042	31747
10405455	198407
10405700	196489
10405830	197519
10405788	197323
10405454	198406
10406000	198158
10397091	196097
10406210	196213
10240423	190847
10406286	196343
10405752	196643
10406017	198190
10396382	195532
10405970	198128
10377497	195148
10246831	192781
10405698	196487
10278043	193865
10405808	197343
10205600	88993
10406097	198426
10406096	198425
10205439	88832
10405484	195784
10205613	89006
10405880	197793
10405871	197741
10238043	31748
10401421	197309
10201229	102109
10396410	195928
10200821	102517
10405893	197806
10200374	102886
10235678	33871
10242159	191683
10405782	197011
10405774	196996
10405838	197632
10405767	196827
10406015	198188
10406020	198193
10405900	197529
10405781	197010
10405854	197724
10205599	88992
10405969	198127
10406460	196834
10405778	197000
10377621	194810
10234924	34749
10396429	195947
10405857	197727
10405779	197001
10405860	197730
10242160	191684
10405815	197350
10406285	196342
10238387	31276
10401417	197305
10405754	196712
10235632	33825
10234925	34750
10405929	197752
10239043	29619
10405810	197345
10238388	31277
10377620	194809
10406039	198212
10405845	197715
10406001	198159
10235318	34327
10406003	198161
10235633	33826
10405802	197337
10406019	198192
10239090	29943
10377532	195183
10235319	34328
10405875	197745
10205440	88833
10405837	197631
10406038	198211
10396381	195531
10405836	197630
10377531	195182
10405694	196483
10405693	196482
10405834	197628
10405483	195783
10405994	198152
10247908	193701
10405892	197805
10235024	34441
10247008	192958
10405874	197744
10406042	198415
10240762	191125
10406041	198414
10405853	197723
10405775	196997
10405809	197344
10405965	197881
10241134	191532
10205829	88814
10201228	102108
10405832	197521
10405870	197740
10278304	194095
10240422	190846
10405928	197751
10405807	197342
10405697	196486
10396408	195926
10405831	197520
10406018	198191
10237759	31872
10405804	197339
10241133	191531
10405776	196998
10238339	31228
10406459	196833
10407115	197663
10405787	197322
10406113	195824
10405856	197726
10397092	196098
10407227	197589
10407116	197664
10278042	193864
10406112	195823
10405818	197353
10246832	192782
10406075	198220
10405825	197443
10406209	196212
10401416	197304
10405499	195799
10405993	198151
10405814	197349
10405859	197729
10405746	196637
10406021	198194
10240761	191124
10201319	102199
10405839	197633
10406002	198160
10405979	198137
10405745	196636
10405835	197629
10405819	197437
10247007	192957
10200820	102516
10405753	196644
10405833	197522
10235677	33870
10405768	196828
10201132	102420
10405844	197714
10405881	197794
10200400	102912
10405823	197441
10239091	29952
10238340	31229
10405498	195798
10405980	198138
10405755	196713
10396430	195948
10405701	196490
10406074	198219
10239042	29607
10278305	194096
10407228	197590
10331740	1988704
10317009	2522402
10330727	2548242
10315431	2519438
10336791	2559698
10323925	2535413
10322554	2532810
10341873	2569262
10325157	2537754
10316410	2521284
10339306	2564438
10336294	2558742
10338431	2562802
10326183	2539700
10336219	2558598
10343064	2031300
10331131	2549019
10339306	2564437
10314145	2517019
10246083	2512984
10331830	2550299
10320985	2529872
10316638	2521713
10324807	2537083
10334236	2554846
10313112	2515080
10343064	2031301
10332001	2550620
10320991	2529882
10315447	2519466
10317698	2523702
10336891	2559885
10246413	2513591
10328969	2544923
10323919	2535401
10333335	2553148
10331183	2549105
10316044	2520596
10315483	2519532
10330945	2548665
10322216	2532169
10325776	2538920
10315056	2518730
10342914	2571214
10323638	2362644
10342816	2571023
10324426	2536359
10317009	2522401
10315134	2518880
10333134	2552766
10315331	2519254
10313112	2515081
10314145	2517018
10315331	2519255
10331183	2549106
10318853	2525857
10333335	2553147
10335707	2557640
10337625	2561271
10328969	2544922
10324426	2536358
10343593	2572511
10317698	2523701
10322554	2532811
10330860	2548502
10330396	2547632
10331830	2550300
10336820	2559752
10323935	2535431
10331724	2550097
10318682	2525540
10320273	2528525
10330226	2547314
10342816	2571024
10327565	2542269
10323919	2535400
10326218	2539768
10318418	2525043
10330604	2548017
10320504	2528964
10340956	2567526
10323935	2535430
10327565	2542270
10318270	2524778
10321001	2529900
10326623	2540527
10330226	2547313
10320207	2528399
10321115	2188315
10323524	2534653
10328374	2543800
10331669	2549995
10315853	2520237
10341627	2568794
10313678	2516140
10335707	2557639
10321001	2529901
10317662	2357073
10340918	2567453
10333134	2552765
10318682	2525539
10330920	2548617
10320809	2182333
10334974	2556246
10328842	2544687
10330604	2548018
10314146	2517021
10331021	2548807
10315134	2518881
10334202	2554779
10342360	2570173
10334250	2554872
10332001	2550619
10328832	2544666
10331669	2549996
10317847	2523973
10319467	2527009
10328832	2544667
10314267	2517250
10319467	2527010
10335136	2556560
10341005	2567616
10340956	2567525
10318418	2525044
10314267	2517251
10322816	2533301
10323925	2535412
10340918	2567454
10314733	2518128
10318073	2524403
10330652	2548106
10343373	2572092
10322619	2532933
10320058	2528115
10327689	2542508
10320504	2528963
10322786	2533246
10340502	2566673
10331021	2548808
10314200	2517118
10334202	2554780
10318522	1988515
10334974	2556245
10325776	2538921
10340753	2567134
10313472	2515755
10323876	2535316
10246499	2513742
10246183	2513167
10332798	2552133
10321115	2188316
10319940	2527887
10314247	2517211
10338268	2562492
10317980	2524236
10342195	2569870
10315853	2520238
10322619	2532932
10328607	2544238
10339351	2564522
10316038	2520584
10331921	2550468
10315056	2518731
10326214	2539761
10336816	2559747
10331921	2550467
10323638	2362643
10313457	2515726
10336816	2559746
10315175	2518961
10324736	2536953
10331131	2549020
10317980	2524235
10322563	2532829
10326218	2539769
10317840	2523963
10341335	2568245
10246412	2513588
10341335	2568246
10343502	2572335
10317847	2523974
10315580	2519719
10340502	2566674
10314446	2517591
10317588	2523496
10316044	2520595
10340896	2567413
10314733	2518129
10323876	2535317
10314247	2517210
10342171	2569825
10330652	2548105
10314555	2517798
10316410	2521283
10321228	2530332
10339351	2564521
10321903	2531575
10246083	2512985
10315175	2518960
10319134	2526381
10343502	2572334
10315431	2519439
10314446	2517590
10343038	2571454
10336785	2559689
10322816	2533300
10332729	2552003
10331666	2549990
10317285	2522920
10342195	2569869
10320781	2529490
10335857	2557913
10313725	2516231
10336785	2559688
10327848	2542805
10328826	2544655
10322943	2533540
10314200	2517119
10340861	2567346
10320567	2529088
10338595	2563113
10322943	2533541
10325922	2539201
10326183	2539701
10333121	2552746
10327879	2542864
10338595	2563114
10327240	2541659
10343195	2571744
10324298	2536115
10333121	2552745
10336891	2559884
10333357	2553190
10329981	2015056
10318681	2525538
10328826	2544654
10334943	2556186
10334250	2554871
10313411	2515647
10328955	2544901
10327018	2541243
10340845	2567314
10319940	2527888
10340761	2567149
10313957	2516663
10340761	2567150
10325549	2538483
10338194	2562346
10334784	2555897
10314220	2517156
10313225	2515297
10324298	2536114
10318794	2525744
10318576	2525331
10323524	2534652
10338194	2562347
10342360	2570174
10331168	2549082
10313678	2516141
10341229	2568043
10339807	2565361
10342914	2571213
10343195	2571743
10318373	2524963
10320058	2528116
10322786	2533247
10342212	2569898
10313957	2516662
10342212	2569897
10328955	2544900
10336869	2559844
10325345	2538107
10330198	2547257
10329338	2545627
10334943	2556185
10317401	2523146
10325549	2538482
10318270	2524777
10327018	2541244
10340861	2567345
10318794	2525743
10338268	2562493
10313411	2515646
10330044	1977531
10330864	2548509
10341902	2569317
10246413	2513590
10315894	2520313
10336219	2558599
10317285	2522919
10320809	2182334
10322563	2532828
10337286	2560627
10338880	2563637
10317429	2523196
10325157	2537755
10329404	2545758
10329764	2546438
10319795	2527614
10329404	2545757
10315876	2520281
10322264	2532256
10324312	2536142
10338431	2562801
10315447	2519467
10318521	2525230
10342073	2569643
10319134	2526382
10343498	2572326
10332798	2552134
10340266	2566224
10342944	2571274
10341873	2569261
10325017	2537485
10322806	2533281
10333357	2553189
10330445	2547729
10332543	2551648
10339176	2564192
10320048	2528095
10324312	2536143
10320048	2528096
10342366	2570185
10320030	2528059
10322242	2532213
10316038	2520583
10325922	2539200
10337422	2560892
10330727	2548241
10342366	2570186
10343593	2572510
10343388	2572120
10318151	2524555
10319152	2526417
10330864	2548510
10331829	2550297
10328607	2544237
10317429	2523195
10320991	2529883
10246183	2513166
10322264	2532257
10320030	2528060
10339875	2565492
10316638	2521714
10318151	2524556
10313278	2515396
10319110	2526336
10319110	2526335
10333361	2553197
10341902	2569318
10330396	2547631
10333361	2553198
10337422	2560893
10343498	2572327
10315894	2520314
10324807	2537082
10314555	2517799
10337612	2561247
10320567	2529087
10314846	2518338
10330445	2547730
10328301	2543658
10330945	2548666
10318521	2525229
10327879	2542863
10322143	2532028
10340758	2567144
10337612	2561246
10337625	2561270
10342194	2569868
10318517	2525224
10313472	2515754
10342171	2569826
10318517	2525223
10319355	2526805
10336170	2558507
10324736	2536952
10318600	2525377
10246498	2513741
10325772	2538914
10339875	2565493
10313956	2516661
10340758	2567143
10315369	2519321
10331724	2550098
10342559	2570547
10339924	2565584
10330920	2548618
10325772	2538915
10314969	2518570
10341053	2567707
10316311	2521093
10340266	2566225
10330216	2547293
10321228	2530333
10339924	2565585
10246499	2513743
10327448	2542045
10329764	2546437
10327689	2542507
10321889	2531549
10246082	2512983
10315369	2519320
10316311	2521094
10336170	2558506
10342559	2570548
10329338	2545628
10317639	2523593
10342889	2571164
10342934	2571253
10328374	2543799
10246498	2513740
10318276	2524788
10317662	2357074
10317588	2523495
10322382	2532472
10327448	2542046
10315580	2519718
10336895	2559893
10330860	2548501
10336895	2559892
10341053	2567708
10314846	2518339
10342194	2569867
10314969	2518571
10322761	2533199
10331829	2550298
10336791	2559699
10343086	2571539
10317449	2523234
10339823	2565390
10318576	2525332
10319135	2526383
10326214	2539760
10333104	2552711
10327240	2541660
10336820	2559753
10335136	2556559
10339807	2565360
10343086	2571540
10319355	2526806
10318373	2524964
10327516	2542178
10320985	2529873
10341005	2567615
10331670	2549998
10319495	2527058
10319495	2527057
10314220	2517157
10326189	2539712
10330423	2547686
10313278	2515397
10342073	2569644
10330642	2548088
10332543	2551647
10322143	2532029
10325750	2538875
10342944	2571273
10315876	2520282
10341627	2568793
10313725	2516230
10330622	2548051
10315483	2519533
10334236	2554845
10321889	2531548
10313956	2516660
10327516	2542177
10327464	2542075
10342934	2571254
10331670	2549997
10317449	2523233
10319795	2527613
10332114	2550836
10340471	2566617
10328301	2543657
10320207	2528400
10340471	2566618
10334208	2554791
10339823	2565391
10317639	2523594
10318522	1988514
10336294	2558743
10322242	2532212
10325536	2538457
10246412	2513589
10322806	2533280
10336278	2558713
10342889	2571163
10330622	2548052
10321903	2531574
10318681	2525537
10322216	2532168
10327464	2542076
10318853	2525858
10330642	2548087
10325536	2538456
10330423	2547685
10322761	2533198
10314146	2517020
10319152	2526418
10342721	2570845
10332729	2552004
10339176	2564191
10323061	2533769
10341033	2567670
10325750	2538874
10327848	2542806
10315877	2520283
10333104	2552712
10334650	2243412
10326623	2540526
10337286	2560626
10334208	2554792
10325017	2537484
10331168	2549081
10334650	2243411
10340753	2567133
10318276	2524787
10313415	2515655
10317044	2522470
10322536	2532775
10313457	2515727
10320273	2528526
10336650	2559425
10328842	2544686
10329981	2015057
10313225	2515296
10343388	2572121
10322536	2532774
10336278	2558712
10334784	2555898
10317044	2522469
10331666	2549989
10325209	2537857
10341033	2567669
10315168	2518947
10343315	2571979
10338880	2563638
10326189	2539713
10314049	2516833
10331740	1988705
10330198	2547258
10343315	2571978
10343373	2572093
10317840	2523964
10336869	2559845
10322382	2532473
10332114	2550835
10341229	2568044
10317401	2523145
10342721	2570846
10313415	2515654
10325345	2538106
10336650	2559424
10246082	2512982
10317604	2523528
10325209	2537856
10330216	2547294
10340896	2567414
10323061	2533768
10330044	1977532
10340845	2567313
10318073	2524404
10314141	2517010
10315168	2518946
10314141	2517011
10318600	2525378
10335857	2557912
10314049	2516832
10320781	2529491
10343038	2571453
10315877	2520284
10319135	2526384
10317604	2523527
10331529	2549745
10331529	2549746
10331830	2512555
10313957	2512555
10318682	2512555
10315894	2512555
10342212	2512555
10319152	2512555
10334208	2512555
10326189	2512555
10336791	2512555
10319495	2512555
10313112	2512555
10341902	2512555
10334650	2512555
10340266	2512555
10335857	2512555
10318600	2512555
10331921	2512555
10314049	2512555
10343388	2512555
10313472	2512555
10331183	2512555
10315483	2512555
10340896	2512555
10317639	2512555
10338880	2512555
10317009	2512555
10325157	2512555
10324426	2512555
10328301	2512555
10320809	2512555
10322619	2512555
10329764	2512555
10319940	2512555
10318681	2512555
10331829	2512555
10313956	2512555
10330198	2512555
10320030	2512555
10322536	2512555
10324312	2512555
10321903	2512555
10328969	2512555
10321889	2512555
10328955	2512555
10324298	2512555
10339924	2512555
10336219	2512555
10327565	2512555
10318517	2512555
10331666	2512555
10314141	2512555
10341335	2512555
10317044	2512555
10314555	2512555
10332114	2512555
10314846	2512555
10318794	2512555
10339351	2512555
10331740	2512555
10318418	2512555
10334250	2512555
10327240	2512555
10339176	2512555
10315580	2512555
10342073	2512555
10319355	2512555
10339823	2512555
10336294	2512555
10327464	2512555
10246413	2512555
10330396	2512555
10246412	2512555
10315056	2512555
10318073	2512555
10342816	2512555
10331168	2512555
10313457	2512555
10343373	2512555
10322761	2512555
10342889	2512555
10330423	2512555
10322382	2512555
10330044	2512555
10320567	2512555
10343498	2512555
10330860	2512555
10313411	2512555
10320781	2512555
10330604	2512555
10322943	2512555
10343315	2512555
10322143	2512555
10331021	2512555
10340471	2512555
10327848	2512555
10334943	2512555
10327879	2512555
10340502	2512555
10334974	2512555
10315431	2512555
10317588	2512555
10340845	2512555
10317698	2512555
10340956	2512555
10315369	2512555
10315877	2512555
10319135	2512555
10342195	2512555
10317604	2512555
10315447	2512555
10340861	2512555
10319134	2512555
10342194	2512555
10315876	2512555
10333121	2512555
10337612	2512555
10325536	2512555
10320504	2512555
10323524	2512555
10329981	2512555
10324736	2512555
10316410	2512555
10338194	2512555
10313725	2512555
10341627	2512555
10319795	2512555
10325776	2512555
10333361	2512555
10336895	2512555
10320207	2512555
10323061	2512555
10329338	2512555
10325345	2512555
10337422	2512555
10333104	2512555
10316311	2512555
10324807	2512555
10338268	2512555
10328842	2512555
10323935	2512555
10321001	2512555
10342944	2512555
10322816	2512555
10330652	2512555
10322806	2512555
10342934	2512555
10330642	2512555
10333335	2512555
10336869	2512555
10325750	2512555
10333357	2512555
10325772	2512555
10336891	2512555
10321228	2512555
10328374	2512555
10325017	2512555
10343502	2512555
10330864	2512555
10313415	2512555
10340761	2512555
10317847	2512555
10315175	2512555
10342366	2512555
10318276	2512555
10316044	2512555
10314247	2512555
10341033	2512555
10317429	2512555
10320058	2512555
10322563	2512555
10330226	2512555
10322786	2512555
10342914	2512555
10330622	2512555
10332543	2512555
10338595	2512555
10316638	2512555
10317401	2512555
10314220	2512555
10341005	2512555
10318151	2512555
10342559	2512555
10314969	2512555
10323876	2512555
10321115	2512555
10328607	2512555
10343086	2512555
10322264	2512555
10330445	2512555
10322216	2512555
10343038	2512555
10330920	2512555
10330727	2512555
10343195	2512555
10313278	2512555
10331529	2512555
10339306	2512555
10318373	2512555
10326218	2512555
10334236	2512555
10336820	2512555
10326183	2512555
10334202	2512555
10336785	2512555
10336816	2512555
10326214	2512555
10246183	2512555
10342360	2512555
10318270	2512555
10316038	2512555
10320048	2512555
10322554	2512555
10330216	2512555
10319110	2512555
10342171	2512555
10315853	2512555
10317840	2512555
10315168	2512555
10340753	2512555
10340758	2512555
10246498	2512555
10246499	2512555
10317980	2512555
10342721	2512555
10315134	2512555
10314446	2512555
10341229	2512555
10317285	2512555
10331131	2512555
10343593	2512555
10313678	2512555
10336170	2512555
10339875	2512555
10327516	2512555
10317449	2512555
10341053	2512555
10314267	2512555
10314733	2512555
10318853	2512555
10332001	2512555
10331669	2512555
10314145	2512555
10318521	2512555
10343064	2512555
10322242	2512555
10330945	2512555
10314146	2512555
10331670	2512555
10318522	2512555
10341873	2512555
10313225	2512555
10319467	2512555
10340918	2512555
10317662	2512555
10315331	2512555
10323638	2512555
10329404	2512555
10320273	2512555
10318576	2512555
10314200	2512555
10331724	2512555
10332729	2512555
10325922	2512555
10338431	2512555
10327018	2512555
10246082	2512555
10246083	2512555
10327689	2512555
10335136	2512555
10334784	2512555
10323925	2512555
10320991	2512555
10328832	2512555
10337286	2512555
10332798	2512555
10325209	2512555
10325549	2512555
10333134	2512555
10337625	2512555
10336650	2512555
10326623	2512555
10335707	2512555
10336278	2512555
10339807	2512555
10327448	2512555
10323919	2512555
10328826	2512555
10320985	2512555
10410583	2587917
10327048	2541293
10322080	2531908
10326638	2540554
10318383	2524984
10315763	2520070
10316502	2521455
10325501	2538394
10326687	2540646
10327548	2542237
10321155	2530195
10320362	2528694
10325839	2539036
10317821	2523929
10316663	2521762
10410583	2587918
10322311	2532343
10334637	2555616
10321149	2530182
10315906	2520336
10316502	2521456
10319844	2527710
10315291	2519185
10319844	2527709
10314287	2517285
10325460	2538320
10327729	2542583
10334640	2555622
10315000	2518625
103548	2160959
10319993	2527988
10327606	2542352
10313862	2516489
10313888	2516537
10314287	2517284
10321353	2530563
10246380	2513525
10325640	2538661
10321723	2531239
10315150	2518912
10314845	2518337
10313877	2516517
10320816	2529548
10323731	2535030
120630	2194119
10321745	2531279
10322672	2533038
10246207	2513207
10322311	2532342
10326840	2176263
10323731	2535031
10315000	2518624
10315763	2520069
10314845	2518336
10327700	2542526
10315436	2519449
44697	2051735
10321033	2529958
44697	2051734
10313553	2515903
10334488	2555320
10322080	2531909
10321723	2531238
10327048	2541294
10327700	2542525
10320289	2528556
10325839	2539037
10315150	2518913
10325521	2538432
10318387	2524991
10320816	2529549
10325460	2538321
10314461	2517621
10325501	2538395
10313862	2516488
10325521	2538433
10246251	2513286
10333397	2553270
10321353	2530562
10333397	2553269
10334640	2555621
10320770	2529469
10334637	2555615
10318383	2524983
10325461	2538323
10325640	2538660
120630	2194120
10325711	2538801
10320200	2528385
10320405	2528775
10325461	2538322
10316663	2521761
10321340	2530537
10313934	2516622
10320507	2528970
10313934	2516623
10313421	2195107
10325601	2538587
10327548	2542238
10315436	2519448
10321691	2011569
10323054	2533754
10326840	2176264
10320376	2528722
10320443	2528847
10321696	2531185
103548	2160960
10320362	2528693
10325860	2539079
10320443	2528848
10320516	2528988
10332817	2552168
10326687	2540647
10327054	2541305
10321033	2529959
10325289	2538003
10313877	2516516
10332817	2552167
10314461	2517620
10327606	2542351
10315337	2519265
10320507	2528969
10315337	2519264
10320200	2528386
10320289	2528555
10313888	2516536
10321745	2531278
10321149	2530183
10320376	2528721
10246207	2513206
10320405	2528776
10315057	2518733
10325289	2538002
10327054	2541306
10322672	2533039
10321155	2530194
10246251	2513287
10321389	2530628
10327843	2542797
10315906	2520335
10321696	2531184
10327841	2542795
10325711	2538800
10313421	2195108
10326638	2540555
10318352	2524925
10319993	2527987
10327348	2541861
10321691	2011568
10315057	2518732
10325601	2538586
10325229	2537895
10321389	2530629
10334488	2555319
10325647	2538674
10327843	2542798
10326075	2539493
10320516	2528987
10327729	2542584
10318387	2524992
10326075	2539492
10325229	2537894
10321340	2530536
10320770	2529468
10315291	2519184
10246380	2513524
10327348	2541862
10323054	2533755
10325860	2539078
10318352	2524926
10327841	2542796
10313553	2515902
10325647	2538675
10317821	2523930
10320362	2512555
10334640	2512555
10315291	2512555
10321149	2512555
10313421	2512555
10321691	2512555
10321389	2512555
10334637	2512555
10314287	2512555
10327700	2512555
10325501	2512555
10315337	2512555
10325601	2512555
10325640	2512555
10321696	2512555
10313934	2512555
10321353	2512555
10321033	2512555
10320376	2512555
10315000	2512555
10314845	2512555
10313888	2512555
10246207	2512555
10322311	2512555
10320443	2512555
10320200	2512555
10325461	2512555
10321155	2512555
10325229	2512555
10327843	2512555
10327841	2512555
10325647	2512555
10314461	2512555
10325521	2512555
10326638	2512555
10322080	2512555
10246380	2512555
10320770	2512555
10320405	2512555
10246251	2512555
10321745	2512555
10315150	2512555
10316663	2512555
10315057	2512555
10320516	2512555
10319993	2512555
10327054	2512555
10320507	2512555
10320816	2512555
10327606	2512555
10326075	2512555
10313877	2512555
10325460	2512555
10325289	2512555
10315436	2512555
10334488	2512555
10327729	2512555
10313553	2512555
10325711	2512555
10315906	2512555
10319844	2512555
10325860	2512555
10316502	2512555
10326840	2512555
10327348	2512555
10325839	2512555
10326687	2512555
10321340	2512555
10313862	2512555
10327048	2512555
10320289	2512555
10327548	2512555
10315763	2512555
10318352	2512555
10318387	2512555
10318383	2512555
10333397	2512555
10317821	2512555
10323731	2512555
10332817	2512555
10323054	2512555
10322672	2512555
10321723	2512555
10410583	2512555
149019	2250836
127399	2207598
217275	2369845
129605	2212010
127399	2207597
131970	2216738
146463	2245724
265824	2466772
141942	2236683
126965	2206730
260642	2456445
217275	2369846
264779	2464682
126965	2206729
108569	2170986
129604	2212007
116247	2185354
132446	2217690
260643	2456447
125166	2203132
108571	2170990
260643	2456448
108571	2170991
148205	2249208
128904	2210607
125167	2203134
272047	2479217
37371	2037127
258984	2453133
122580	2197960
123364	2199528
125685	2204170
260644	2456449
146829	2246455
46225	2054790
134795	2222389
127279	2207358
218675	2372645
18069	1998545
258986	2453137
21331	2005061
263510	2462144
123365	2199530
17209	1996825
219496	2374286
146463	2245723
130121	2213042
123363	2199525
137781	2228360
127307	2207413
124318	2201436
130980	2214759
125687	2204174
137781	2228361
123363	2199526
16202	1994811
127637	2208073
272146	2479415
129604	2212008
130980	2214758
260642	2456446
132447	2217692
137780	2228358
241859	2419006
10527	1983461
125167	2203133
28292	2018980
147799	2248395
121870	2196600
6002	1974412
258984	2453132
147799	2248396
127307	2207414
135043	2222884
135186	2223170
140355	2233508
137779	2228357
133972	2220743
148892	2250581
26622	2015641
135186	2223171
272147	2479417
39151	2040686
21331	2005060
129237	2211273
135042	2222882
129459	2211718
109854	2173556
129237	2211274
23093	2008583
148583	2249964
132445	2217689
127639	2208077
216984	2369263
148584	2249966
284793	2504703
135042	2222883
129070	2210939
271956	2479034
146828	2246453
141009	2234816
140471	2233741
127570	2207940
146830	2246458
29428	2021252
261202	2457565
146830	2246457
128731	2210261
148892	2250582
149019	2250835
128903	2210606
123144	2199088
122581	2197962
24380	2011156
271956	2479035
123145	2199089
127185	2207170
137779	2228356
263510	2462143
26072	2014540
24380	2011157
147335	2247467
241859	2419005
147335	2247468
128011	2208822
123145	2199090
34631	2031655
134812	2222422
125041	2202882
127638	2208075
5394	1973196
129069	2210938
134795	2222388
134812	2222423
128732	2210264
261202	2457566
272147	2479416
284793	2504702
132445	2217688
108569	2170987
121872	2196604
131784	2216366
122122	2197103
149010	2250817
121871	2196601
141011	2234820
131785	2216368
149011	2250820
145227	2243252
219455	2374204
141009	2234817
127639	2208078
10621	1983649
29382	2021160
264780	2464684
123297	2199393
138336	2229470
135011	2222820
29675	2021745
131970	2216739
123297	2199394
149020	2250838
219457	2374208
29216	2020828
127571	2207942
138166	2229130
128357	2209513
10621	1983650
135011	2222821
106595	2167040
141011	2234821
146828	2246454
145228	2243254
24341	2011078
147337	2247472
271955	2479032
135156	2223111
123146	2199092
17115	1996637
122122	2197104
35327	2033047
148180	2249157
17976	1998358
131784	2216367
219456	2374206
121872	2196603
271955	2479033
141010	2234819
140470	2233739
34631	2031654
145462	2243722
129068	2210935
123156	2199111
123146	2199091
126964	2206727
28292	2018981
129070	2210940
127569	2207937
42947	2048235
218677	2372648
10527	1983462
219457	2374209
131785	2216369
127279	2207357
34720	2031833
26072	2014541
128732	2210263
264778	2464679
24341	2011079
142973	2238744
123156	2199112
126179	2205157
20549	2003501
41132	2044644
135010	2222819
125687	2204173
127184	2207167
215104	2365503
138335	2229468
17209	1996824
122581	2197961
127185	2207169
29474	2021342
215104	2365504
149566	2251930
133970	2220738
126966	2206732
25763	2013922
123157	2199113
20549	2003500
41132	2044645
127186	2207171
219495	2374285
39433	2041250
146811	2246420
29474	2021343
264778	2464680
5394	1973195
122910	2198620
129512	2211823
122582	2197964
39433	2041251
264779	2464681
145227	2243251
44991	2052322
129511	2211821
23187	2008770
145462	2243721
29130	2020657
6002	1974411
219495	2374284
25447	2013291
14623	1991652
258985	2453135
133970	2220739
23959	2010314
144303	2241404
149021	2250839
44505	2051351
24764	2011925
122911	2198622
271954	2479030
5907	1974222
137780	2228359
5907	1974221
9184	1980776
127308	2207416
39151	2040687
217249	2369793
134811	2222420
44505	2051350
149012	2250822
133972	2220742
219497	2374289
26622	2015640
128904	2210608
122124	2197108
44991	2052323
219455	2374205
129610	2212019
24764	2011924
29675	2021744
129511	2211822
128695	2210189
16202	1994810
148583	2249963
272148	2479418
128356	2209512
37278	2036941
29130	2020656
125040	2202880
148182	2249161
149565	2251928
219496	2374287
132446	2217691
131481	2215760
141328	2235454
129238	2211276
25543	2013483
42947	2048234
22997	2008390
123364	2199527
122911	2198621
127280	2207359
138682	2230163
25543	2013482
131971	2216740
260644	2456450
127954	2208707
37278	2036940
128011	2208821
258985	2453134
264780	2464683
125685	2204169
272048	2479218
46225	2054791
130120	2213039
116247	2185353
127571	2207941
148182	2249162
25763	2013923
25464	2013324
133369	2219536
146811	2246419
263509	2462141
128905	2210609
125041	2202881
129238	2211275
128355	2209510
130120	2213040
129605	2212009
138167	2229133
138682	2230162
127400	2207599
121870	2196599
35327	2033046
29382	2021161
21235	2004869
130119	2213037
121871	2196602
129068	2210936
131971	2216741
127955	2208709
122124	2197107
272048	2479219
138336	2229471
9276	1980959
23793	2009983
145228	2243253
127955	2208710
138165	2229128
129239	2211277
125040	2202879
149565	2251927
123144	2199087
21235	2004868
235637	2406562
127956	2208711
9276	1980960
127638	2208076
135010	2222818
133369	2219537
9184	1980775
148584	2249965
265824	2466771
122580	2197959
149020	2250837
128695	2210190
148585	2249967
23793	2009982
149010	2250818
148205	2249207
217248	2369791
128012	2208823
263511	2462145
147337	2247471
29333	2021063
140354	2233506
129461	2211721
129512	2211824
25447	2013290
147336	2247470
146829	2246456
133104	2219007
149567	2251931
141328	2235455
140354	2233507
123157	2199114
129603	2212005
148812	2250421
140471	2233740
133104	2219006
148891	2250579
149566	2251929
149021	2250840
23187	2008771
29333	2021062
129239	2211278
138681	2230160
128903	2210605
129610	2212020
148812	2250422
127280	2207360
216984	2369264
23866	2010129
23959	2010315
128357	2209514
129603	2212006
127570	2207939
138337	2229473
217248	2369792
129459	2211717
144303	2241403
45679	2053699
128012	2208824
129461	2211722
134811	2222421
24672	2011740
138681	2230161
108930	2171707
125686	2204171
145464	2243726
271954	2479031
145464	2243725
14623	1991653
218676	2372646
29216	2020829
263511	2462146
140356	2233511
126181	2205162
145463	2243724
126179	2205158
17976	1998359
127569	2207938
141942	2236682
148890	2250578
20458	2003320
138680	2230158
148181	2249160
130981	2214760
125166	2203131
41223	2044826
23866	2010128
148181	2249159
135043	2222885
127956	2208712
37371	2037126
126966	2206731
127278	2207356
140355	2233509
128694	2210188
218677	2372649
135012	2222822
128355	2209509
127308	2207415
133971	2220741
128905	2210610
127954	2208708
138166	2229131
218675	2372644
235637	2406563
272049	2479220
127278	2207355
148890	2250577
20458	2003321
128696	2210192
126964	2206728
215916	2367127
128696	2210191
148891	2250580
272049	2479221
133971	2220740
138167	2229132
215916	2367128
217274	2369844
129460	2211720
140356	2233510
129460	2211719
138165	2229129
147336	2247469
41223	2044827
23093	2008582
130121	2213041
122582	2197963
130979	2214756
106595	2167039
130979	2214757
138680	2230159
125686	2204172
126180	2205160
130981	2214761
45679	2053698
135012	2222823
219497	2374288
149011	2250819
149567	2251932
132447	2217693
29428	2021253
217274	2369843
126180	2205159
138335	2229469
44512	2051365
131972	2216742
265822	2466767
147800	2248397
148926	2250650
129069	2210937
123158	2199115
22997	2008391
272146	2479414
123158	2199116
133103	2219005
149012	2250821
25464	2013325
108570	2170988
129609	2212017
141010	2234818
44512	2051364
122910	2198619
138337	2229472
241858	2419004
265823	2466770
258986	2453136
148926	2250649
146813	2246423
272047	2479216
18069	1998544
109854	2173555
127186	2207172
140470	2233738
241858	2419003
265823	2466769
128356	2209511
265822	2466768
108929	2171706
142973	2238743
145463	2243723
127400	2207600
128731	2210262
25637	2013670
146812	2246422
148180	2249158
123365	2199529
127637	2208074
146813	2246424
24672	2011741
218676	2372647
108570	2170989
135156	2223110
131972	2216743
146812	2246421
127398	2207595
34720	2031832
126181	2205161
127184	2207168
147798	2248393
130119	2213038
217249	2369794
263509	2462142
272148	2479419
147798	2248394
129609	2212018
147800	2248398
17115	1996636
131481	2215761
45589	2053518
148585	2249968
219456	2374207
25637	2013671
133103	2219004
108929	2171705
45589	2053519
128694	2210187
127398	2207596
124318	2201435
108930	2171708
10335813	2557834
10335813	2512555
10335813	2557835
10324299	2536116
10324299	2512555
10324299	2536117
10313921	2516596
10313921	2516597
10313921	2512555
10327654	2542443
10327654	2512555
10327654	2542444
10327639	2542413
10327639	2512555
10327639	2542414
10315631	2512555
10315631	2519810
10315631	2519811
10335912	2512555
10335912	2558018
10335912	2558019
10316528	2521505
10316528	2512555
10316528	2521506
10316073	2520650
10316073	2512555
10316073	2520649
10334607	2555555
10334607	2555556
10334607	2512555
10334646	2512555
10334646	2555632
10334646	2555631
10334705	2555745
10334705	2512555
10334705	2555746
10325398	2512555
10325398	2538202
10325398	2538203
10325273	2537974
10325273	2512555
10325273	2537975
10316592	2521629
10316592	2521630
10316592	2512555
10316820	2522066
10316820	2512555
10316820	2522065
10326031	2512555
10326031	2539415
10326031	2539414
10246028	2512883
10246028	2512555
10246028	2512882
10325325	2538070
10325325	2512555
10325325	2538071
10313143	2515140
10313143	2515141
10313143	2512555
10316039	2520585
10316039	2512555
10316039	2520586
10332490	2512555
10332490	2551543
10332490	2551544
10332212	2551019
10332212	2551020
10332212	2512555
10334678	2555694
10334678	2512555
10334678	2555693
10278240	2514373
10278240	2514372
10315621	2519791
10315621	2512555
10315621	2519790
10246096	2513007
10246096	2512555
10246096	2513006
10332318	2551215
10332318	2512555
10332318	2551216
10326913	2541057
10326913	2541058
10326913	2512555
10321105	2512555
10321105	2530099
10321105	2530098
10334718	2512555
10334718	2555770
10334718	2555769
10321890	2512555
10321890	2531550
10321890	2531551
10319596	2527249
10319596	2512555
10319596	2527250
10315754	2520051
10315754	2520052
10315754	2512555
10326581	2512555
10326581	2540444
10326581	2540445
10325971	2512555
10325971	2539298
10325971	2539299
10316031	2520570
10316031	2520569
10316031	2512555
10321775	2531338
10321775	2531339
10321775	2512555
10317310	2512555
10317310	2522968
10317310	2522967
10313991	2512555
10313991	2516728
10313991	2516729
10332566	2551694
10332566	2512555
10332566	2551693
10321744	2531276
10321744	2531277
10321744	2512555
10326988	2512555
10326988	2541184
10326988	2541183
10316661	2521757
10316661	2512555
10316661	2521758
10333102	2552708
10333102	2512555
10333102	2552707
10318263	2524764
10318263	2512555
10318263	2524763
10326589	2540460
10326589	2512555
10326589	2540461
10313907	2516572
10313907	2516573
10313907	2512555
10316645	2521727
10316645	2512555
10316645	2521728
10321865	2512555
10321865	2531508
10321865	2531509
10333033	2512555
10333033	2552574
10333033	2552573
10326121	2539583
10326121	2512555
10326121	2539582
10313872	2516507
10313872	2512555
10313872	2516506
10335891	2512555
10335891	2557978
10335891	2557979
10319406	2526897
10319406	2526898
10319406	2512555
10316255	2520990
10316255	2520989
10316255	2512555
10316747	2521924
10316747	2521923
10316747	2512555
10323730	2535029
10323730	2512555
10323730	2535028
10313169	2515189
10313169	2512555
10313169	2515188
10325343	2512555
10325343	2538103
10325343	2538102
10334717	2512555
10334717	2555768
10334717	2555767
10332302	2551185
10332302	2512555
10332302	2551186
10324273	2512555
10324273	2536067
10324273	2536066
10334856	2556030
10334856	2512555
10334856	2556029
10315757	2512555
10315757	2520058
10315757	2520057
10332374	2551323
10332374	2512555
10332374	2551324
10314754	2518169
10314754	2512555
10314754	2518168
10334652	2512555
10334652	2555642
10334652	2555641
10314298	2517307
10314298	2512555
10314298	2517306
10319185	2526483
10319185	2512555
10319185	2526484
10321993	2531744
10321993	2512555
10321993	2531745
10334602	2555546
10334602	2512555
10334602	2555545
10315637	2519821
10315637	2519820
10315637	2512555
10327585	2512555
10327585	2542309
10327585	2542310
10318271	1966422
10318271	1966423
10318271	2512555
10314745	2518151
10314745	2512555
10314745	2518150
10316222	2512555
10316222	2520927
10316222	2520928
10322046	2511604
10322046	2511603
10322046	2512555
10313139	2515133
10313139	2512555
10313139	2515132
10326804	2540859
10326804	2512555
10326804	2540858
10318261	2045852
10318261	2512555
10318261	2045853
10334684	2555705
10334684	2555706
10334684	2512555
10316029	2520566
10316029	2520565
10316029	2512555
10313190	2515229
10313190	2512555
10313190	2515228
10316585	2521616
10316585	2512555
10316585	2521615
\.


--
-- Data for Name: molecule_design_versioned_transcript_target; Type: TABLE DATA; Schema: public; Owner: postgres
--

COPY molecule_design_versioned_transcript_target (molecule_design_id, versioned_transcript_id) FROM stdin;
\.


--
-- Name: molecule_molecule_id_seq; Type: SEQUENCE SET; Schema: public; Owner: postgres
--

SELECT pg_catalog.setval('molecule_molecule_id_seq', 1, false);


--
-- Name: new_experiment_experiment_id_seq; Type: SEQUENCE SET; Schema: public; Owner: thelma
--

SELECT pg_catalog.setval('new_experiment_experiment_id_seq', 1, false);


--
-- Data for Name: new_experiment_rack; Type: TABLE DATA; Schema: public; Owner: thelma
--

COPY new_experiment_rack (experiment_rack_id, experiment_design_rack_id, experiment_id, rack_id) FROM stdin;
\.


--
-- Name: new_experiment_rack_experiment_rack_id_seq; Type: SEQUENCE SET; Schema: public; Owner: thelma
--

SELECT pg_catalog.setval('new_experiment_rack_experiment_rack_id_seq', 1, false);


--
-- Name: new_file_storage_site_file_storage_site_id_seq; Type: SEQUENCE SET; Schema: public; Owner: postgres
--

SELECT pg_catalog.setval('new_file_storage_site_file_storage_site_id_seq', 1, false);


--
-- Name: new_job_job_id_seq; Type: SEQUENCE SET; Schema: public; Owner: gathmann
--

SELECT pg_catalog.setval('new_job_job_id_seq', 1, false);


--
-- Name: new_sequence_sequence_id_seq; Type: SEQUENCE SET; Schema: public; Owner: postgres
--

SELECT pg_catalog.setval('new_sequence_sequence_id_seq', 822275, false);


--
-- Data for Name: order_sample_set; Type: TABLE DATA; Schema: public; Owner: postgres
--

COPY order_sample_set (sample_set_id, synthesis_date, external_order_id, supplier_id) FROM stdin;
\.


--
-- Name: organization_organization_id_seq; Type: SEQUENCE SET; Schema: public; Owner: postgres
--

SELECT pg_catalog.setval('organization_organization_id_seq', 1, false);


--
-- Name: origin_type_origin_type_id_seq; Type: SEQUENCE SET; Schema: public; Owner: postgres
--

SELECT pg_catalog.setval('origin_type_origin_type_id_seq', 1, false);


--
-- Name: pipetting_specs_pipetting_specs_id_seq; Type: SEQUENCE SET; Schema: public; Owner: berger
--

SELECT pg_catalog.setval('pipetting_specs_pipetting_specs_id_seq', 1, false);


--
-- Name: planned_liquid_transfer_planned_liquid_transfer_id_seq; Type: SEQUENCE SET; Schema: public; Owner: gathmann
--

SELECT pg_catalog.setval('planned_liquid_transfer_planned_liquid_transfer_id_seq', 1, false);


--
-- Data for Name: planned_rack_sample_transfer; Type: TABLE DATA; Schema: public; Owner: gathmann
--

COPY planned_rack_sample_transfer (planned_liquid_transfer_id, number_sectors, source_sector_index, target_sector_index) FROM stdin;
\.


--
-- Data for Name: rack_position; Type: TABLE DATA; Schema: public; Owner: berger
--

COPY rack_position (rack_position_id, row_index, column_index, label) FROM stdin;
1	0	0	A1
2	0	1	A2
3	0	2	A3
4	0	3	A4
5	0	4	A5
6	0	5	A6
7	0	6	A7
8	0	7	A8
9	0	8	A9
10	0	9	A10
11	0	10	A11
12	0	11	A12
13	0	12	A13
14	0	13	A14
15	0	14	A15
16	0	15	A16
17	0	16	A17
18	0	17	A18
19	0	18	A19
20	0	19	A20
21	0	20	A21
22	0	21	A22
23	0	22	A23
24	0	23	A24
25	0	24	A25
26	0	25	A26
27	0	26	A27
28	0	27	A28
29	0	28	A29
30	0	29	A30
31	0	30	A31
32	0	31	A32
33	0	32	A33
34	0	33	A34
35	0	34	A35
36	0	35	A36
37	0	36	A37
38	0	37	A38
39	0	38	A39
40	0	39	A40
41	0	40	A41
42	0	41	A42
43	0	42	A43
44	0	43	A44
45	0	44	A45
46	0	45	A46
47	0	46	A47
48	0	47	A48
49	1	0	B1
50	1	1	B2
51	1	2	B3
52	1	3	B4
53	1	4	B5
54	1	5	B6
55	1	6	B7
56	1	7	B8
57	1	8	B9
58	1	9	B10
59	1	10	B11
60	1	11	B12
61	1	12	B13
62	1	13	B14
63	1	14	B15
64	1	15	B16
65	1	16	B17
66	1	17	B18
67	1	18	B19
68	1	19	B20
69	1	20	B21
70	1	21	B22
71	1	22	B23
72	1	23	B24
73	1	24	B25
74	1	25	B26
75	1	26	B27
76	1	27	B28
77	1	28	B29
78	1	29	B30
79	1	30	B31
80	1	31	B32
81	1	32	B33
82	1	33	B34
83	1	34	B35
84	1	35	B36
85	1	36	B37
86	1	37	B38
87	1	38	B39
88	1	39	B40
89	1	40	B41
90	1	41	B42
91	1	42	B43
92	1	43	B44
93	1	44	B45
94	1	45	B46
95	1	46	B47
96	1	47	B48
97	2	0	C1
98	2	1	C2
99	2	2	C3
100	2	3	C4
101	2	4	C5
102	2	5	C6
103	2	6	C7
104	2	7	C8
105	2	8	C9
106	2	9	C10
107	2	10	C11
108	2	11	C12
109	2	12	C13
110	2	13	C14
111	2	14	C15
112	2	15	C16
113	2	16	C17
114	2	17	C18
115	2	18	C19
116	2	19	C20
117	2	20	C21
118	2	21	C22
119	2	22	C23
120	2	23	C24
121	2	24	C25
122	2	25	C26
123	2	26	C27
124	2	27	C28
125	2	28	C29
126	2	29	C30
127	2	30	C31
128	2	31	C32
129	2	32	C33
130	2	33	C34
131	2	34	C35
132	2	35	C36
133	2	36	C37
134	2	37	C38
135	2	38	C39
136	2	39	C40
137	2	40	C41
138	2	41	C42
139	2	42	C43
140	2	43	C44
141	2	44	C45
142	2	45	C46
143	2	46	C47
144	2	47	C48
145	3	0	D1
146	3	1	D2
147	3	2	D3
148	3	3	D4
149	3	4	D5
150	3	5	D6
151	3	6	D7
152	3	7	D8
153	3	8	D9
154	3	9	D10
155	3	10	D11
156	3	11	D12
157	3	12	D13
158	3	13	D14
159	3	14	D15
160	3	15	D16
161	3	16	D17
162	3	17	D18
163	3	18	D19
164	3	19	D20
165	3	20	D21
166	3	21	D22
167	3	22	D23
168	3	23	D24
169	3	24	D25
170	3	25	D26
171	3	26	D27
172	3	27	D28
173	3	28	D29
174	3	29	D30
175	3	30	D31
176	3	31	D32
177	3	32	D33
178	3	33	D34
179	3	34	D35
180	3	35	D36
181	3	36	D37
182	3	37	D38
183	3	38	D39
184	3	39	D40
185	3	40	D41
186	3	41	D42
187	3	42	D43
188	3	43	D44
189	3	44	D45
190	3	45	D46
191	3	46	D47
192	3	47	D48
193	4	0	E1
194	4	1	E2
195	4	2	E3
196	4	3	E4
197	4	4	E5
198	4	5	E6
199	4	6	E7
200	4	7	E8
201	4	8	E9
202	4	9	E10
203	4	10	E11
204	4	11	E12
205	4	12	E13
206	4	13	E14
207	4	14	E15
208	4	15	E16
209	4	16	E17
210	4	17	E18
211	4	18	E19
212	4	19	E20
213	4	20	E21
214	4	21	E22
215	4	22	E23
216	4	23	E24
217	4	24	E25
218	4	25	E26
219	4	26	E27
220	4	27	E28
221	4	28	E29
222	4	29	E30
223	4	30	E31
224	4	31	E32
225	4	32	E33
226	4	33	E34
227	4	34	E35
228	4	35	E36
229	4	36	E37
230	4	37	E38
231	4	38	E39
232	4	39	E40
233	4	40	E41
234	4	41	E42
235	4	42	E43
236	4	43	E44
237	4	44	E45
238	4	45	E46
239	4	46	E47
240	4	47	E48
241	5	0	F1
242	5	1	F2
243	5	2	F3
244	5	3	F4
245	5	4	F5
246	5	5	F6
247	5	6	F7
248	5	7	F8
249	5	8	F9
250	5	9	F10
251	5	10	F11
252	5	11	F12
253	5	12	F13
254	5	13	F14
255	5	14	F15
256	5	15	F16
257	5	16	F17
258	5	17	F18
259	5	18	F19
260	5	19	F20
261	5	20	F21
262	5	21	F22
263	5	22	F23
264	5	23	F24
265	5	24	F25
266	5	25	F26
267	5	26	F27
268	5	27	F28
269	5	28	F29
270	5	29	F30
271	5	30	F31
272	5	31	F32
273	5	32	F33
274	5	33	F34
275	5	34	F35
276	5	35	F36
277	5	36	F37
278	5	37	F38
279	5	38	F39
280	5	39	F40
281	5	40	F41
282	5	41	F42
283	5	42	F43
284	5	43	F44
285	5	44	F45
286	5	45	F46
287	5	46	F47
288	5	47	F48
289	6	0	G1
290	6	1	G2
291	6	2	G3
292	6	3	G4
293	6	4	G5
294	6	5	G6
295	6	6	G7
296	6	7	G8
297	6	8	G9
298	6	9	G10
299	6	10	G11
300	6	11	G12
301	6	12	G13
302	6	13	G14
303	6	14	G15
304	6	15	G16
305	6	16	G17
306	6	17	G18
307	6	18	G19
308	6	19	G20
309	6	20	G21
310	6	21	G22
311	6	22	G23
312	6	23	G24
313	6	24	G25
314	6	25	G26
315	6	26	G27
316	6	27	G28
317	6	28	G29
318	6	29	G30
319	6	30	G31
320	6	31	G32
321	6	32	G33
322	6	33	G34
323	6	34	G35
324	6	35	G36
325	6	36	G37
326	6	37	G38
327	6	38	G39
328	6	39	G40
329	6	40	G41
330	6	41	G42
331	6	42	G43
332	6	43	G44
333	6	44	G45
334	6	45	G46
335	6	46	G47
336	6	47	G48
337	7	0	H1
338	7	1	H2
339	7	2	H3
340	7	3	H4
341	7	4	H5
342	7	5	H6
343	7	6	H7
344	7	7	H8
345	7	8	H9
346	7	9	H10
347	7	10	H11
348	7	11	H12
349	7	12	H13
350	7	13	H14
351	7	14	H15
352	7	15	H16
353	7	16	H17
354	7	17	H18
355	7	18	H19
356	7	19	H20
357	7	20	H21
358	7	21	H22
359	7	22	H23
360	7	23	H24
361	7	24	H25
362	7	25	H26
363	7	26	H27
364	7	27	H28
365	7	28	H29
366	7	29	H30
367	7	30	H31
368	7	31	H32
369	7	32	H33
370	7	33	H34
371	7	34	H35
372	7	35	H36
373	7	36	H37
374	7	37	H38
375	7	38	H39
376	7	39	H40
377	7	40	H41
378	7	41	H42
379	7	42	H43
380	7	43	H44
381	7	44	H45
382	7	45	H46
383	7	46	H47
384	7	47	H48
385	8	0	I1
386	8	1	I2
387	8	2	I3
388	8	3	I4
389	8	4	I5
390	8	5	I6
391	8	6	I7
392	8	7	I8
393	8	8	I9
394	8	9	I10
395	8	10	I11
396	8	11	I12
397	8	12	I13
398	8	13	I14
399	8	14	I15
400	8	15	I16
401	8	16	I17
402	8	17	I18
403	8	18	I19
404	8	19	I20
405	8	20	I21
406	8	21	I22
407	8	22	I23
408	8	23	I24
409	8	24	I25
410	8	25	I26
411	8	26	I27
412	8	27	I28
413	8	28	I29
414	8	29	I30
415	8	30	I31
416	8	31	I32
417	8	32	I33
418	8	33	I34
419	8	34	I35
420	8	35	I36
421	8	36	I37
422	8	37	I38
423	8	38	I39
424	8	39	I40
425	8	40	I41
426	8	41	I42
427	8	42	I43
428	8	43	I44
429	8	44	I45
430	8	45	I46
431	8	46	I47
432	8	47	I48
433	9	0	J1
434	9	1	J2
435	9	2	J3
436	9	3	J4
437	9	4	J5
438	9	5	J6
439	9	6	J7
440	9	7	J8
441	9	8	J9
442	9	9	J10
443	9	10	J11
444	9	11	J12
445	9	12	J13
446	9	13	J14
447	9	14	J15
448	9	15	J16
449	9	16	J17
450	9	17	J18
451	9	18	J19
452	9	19	J20
453	9	20	J21
454	9	21	J22
455	9	22	J23
456	9	23	J24
457	9	24	J25
458	9	25	J26
459	9	26	J27
460	9	27	J28
461	9	28	J29
462	9	29	J30
463	9	30	J31
464	9	31	J32
465	9	32	J33
466	9	33	J34
467	9	34	J35
468	9	35	J36
469	9	36	J37
470	9	37	J38
471	9	38	J39
472	9	39	J40
473	9	40	J41
474	9	41	J42
475	9	42	J43
476	9	43	J44
477	9	44	J45
478	9	45	J46
479	9	46	J47
480	9	47	J48
481	10	0	K1
482	10	1	K2
483	10	2	K3
484	10	3	K4
485	10	4	K5
486	10	5	K6
487	10	6	K7
488	10	7	K8
489	10	8	K9
490	10	9	K10
491	10	10	K11
492	10	11	K12
493	10	12	K13
494	10	13	K14
495	10	14	K15
496	10	15	K16
497	10	16	K17
498	10	17	K18
499	10	18	K19
500	10	19	K20
501	10	20	K21
502	10	21	K22
503	10	22	K23
504	10	23	K24
505	10	24	K25
506	10	25	K26
507	10	26	K27
508	10	27	K28
509	10	28	K29
510	10	29	K30
511	10	30	K31
512	10	31	K32
513	10	32	K33
514	10	33	K34
515	10	34	K35
516	10	35	K36
517	10	36	K37
518	10	37	K38
519	10	38	K39
520	10	39	K40
521	10	40	K41
522	10	41	K42
523	10	42	K43
524	10	43	K44
525	10	44	K45
526	10	45	K46
527	10	46	K47
528	10	47	K48
529	11	0	L1
530	11	1	L2
531	11	2	L3
532	11	3	L4
533	11	4	L5
534	11	5	L6
535	11	6	L7
536	11	7	L8
537	11	8	L9
538	11	9	L10
539	11	10	L11
540	11	11	L12
541	11	12	L13
542	11	13	L14
543	11	14	L15
544	11	15	L16
545	11	16	L17
546	11	17	L18
547	11	18	L19
548	11	19	L20
549	11	20	L21
550	11	21	L22
551	11	22	L23
552	11	23	L24
553	11	24	L25
554	11	25	L26
555	11	26	L27
556	11	27	L28
557	11	28	L29
558	11	29	L30
559	11	30	L31
560	11	31	L32
561	11	32	L33
562	11	33	L34
563	11	34	L35
564	11	35	L36
565	11	36	L37
566	11	37	L38
567	11	38	L39
568	11	39	L40
569	11	40	L41
570	11	41	L42
571	11	42	L43
572	11	43	L44
573	11	44	L45
574	11	45	L46
575	11	46	L47
576	11	47	L48
577	12	0	M1
578	12	1	M2
579	12	2	M3
580	12	3	M4
581	12	4	M5
582	12	5	M6
583	12	6	M7
584	12	7	M8
585	12	8	M9
586	12	9	M10
587	12	10	M11
588	12	11	M12
589	12	12	M13
590	12	13	M14
591	12	14	M15
592	12	15	M16
593	12	16	M17
594	12	17	M18
595	12	18	M19
596	12	19	M20
597	12	20	M21
598	12	21	M22
599	12	22	M23
600	12	23	M24
601	12	24	M25
602	12	25	M26
603	12	26	M27
604	12	27	M28
605	12	28	M29
606	12	29	M30
607	12	30	M31
608	12	31	M32
609	12	32	M33
610	12	33	M34
611	12	34	M35
612	12	35	M36
613	12	36	M37
614	12	37	M38
615	12	38	M39
616	12	39	M40
617	12	40	M41
618	12	41	M42
619	12	42	M43
620	12	43	M44
621	12	44	M45
622	12	45	M46
623	12	46	M47
624	12	47	M48
625	13	0	N1
626	13	1	N2
627	13	2	N3
628	13	3	N4
629	13	4	N5
630	13	5	N6
631	13	6	N7
632	13	7	N8
633	13	8	N9
634	13	9	N10
635	13	10	N11
636	13	11	N12
637	13	12	N13
638	13	13	N14
639	13	14	N15
640	13	15	N16
641	13	16	N17
642	13	17	N18
643	13	18	N19
644	13	19	N20
645	13	20	N21
646	13	21	N22
647	13	22	N23
648	13	23	N24
649	13	24	N25
650	13	25	N26
651	13	26	N27
652	13	27	N28
653	13	28	N29
654	13	29	N30
655	13	30	N31
656	13	31	N32
657	13	32	N33
658	13	33	N34
659	13	34	N35
660	13	35	N36
661	13	36	N37
662	13	37	N38
663	13	38	N39
664	13	39	N40
665	13	40	N41
666	13	41	N42
667	13	42	N43
668	13	43	N44
669	13	44	N45
670	13	45	N46
671	13	46	N47
672	13	47	N48
673	14	0	O1
674	14	1	O2
675	14	2	O3
676	14	3	O4
677	14	4	O5
678	14	5	O6
679	14	6	O7
680	14	7	O8
681	14	8	O9
682	14	9	O10
683	14	10	O11
684	14	11	O12
685	14	12	O13
686	14	13	O14
687	14	14	O15
688	14	15	O16
689	14	16	O17
690	14	17	O18
691	14	18	O19
692	14	19	O20
693	14	20	O21
694	14	21	O22
695	14	22	O23
696	14	23	O24
697	14	24	O25
698	14	25	O26
699	14	26	O27
700	14	27	O28
701	14	28	O29
702	14	29	O30
703	14	30	O31
704	14	31	O32
705	14	32	O33
706	14	33	O34
707	14	34	O35
708	14	35	O36
709	14	36	O37
710	14	37	O38
711	14	38	O39
712	14	39	O40
713	14	40	O41
714	14	41	O42
715	14	42	O43
716	14	43	O44
717	14	44	O45
718	14	45	O46
719	14	46	O47
720	14	47	O48
721	15	0	P1
722	15	1	P2
723	15	2	P3
724	15	3	P4
725	15	4	P5
726	15	5	P6
727	15	6	P7
728	15	7	P8
729	15	8	P9
730	15	9	P10
731	15	10	P11
732	15	11	P12
733	15	12	P13
734	15	13	P14
735	15	14	P15
736	15	15	P16
737	15	16	P17
738	15	17	P18
739	15	18	P19
740	15	19	P20
741	15	20	P21
742	15	21	P22
743	15	22	P23
744	15	23	P24
745	15	24	P25
746	15	25	P26
747	15	26	P27
748	15	27	P28
749	15	28	P29
750	15	29	P30
751	15	30	P31
752	15	31	P32
753	15	32	P33
754	15	33	P34
755	15	34	P35
756	15	35	P36
757	15	36	P37
758	15	37	P38
759	15	38	P39
760	15	39	P40
761	15	40	P41
762	15	41	P42
763	15	42	P43
764	15	43	P44
765	15	44	P45
766	15	45	P46
767	15	46	P47
768	15	47	P48
769	16	0	Q1
770	16	1	Q2
771	16	2	Q3
772	16	3	Q4
773	16	4	Q5
774	16	5	Q6
775	16	6	Q7
776	16	7	Q8
777	16	8	Q9
778	16	9	Q10
779	16	10	Q11
780	16	11	Q12
781	16	12	Q13
782	16	13	Q14
783	16	14	Q15
784	16	15	Q16
785	16	16	Q17
786	16	17	Q18
787	16	18	Q19
788	16	19	Q20
789	16	20	Q21
790	16	21	Q22
791	16	22	Q23
792	16	23	Q24
793	16	24	Q25
794	16	25	Q26
795	16	26	Q27
796	16	27	Q28
797	16	28	Q29
798	16	29	Q30
799	16	30	Q31
800	16	31	Q32
801	16	32	Q33
802	16	33	Q34
803	16	34	Q35
804	16	35	Q36
805	16	36	Q37
806	16	37	Q38
807	16	38	Q39
808	16	39	Q40
809	16	40	Q41
810	16	41	Q42
811	16	42	Q43
812	16	43	Q44
813	16	44	Q45
814	16	45	Q46
815	16	46	Q47
816	16	47	Q48
817	17	0	R1
818	17	1	R2
819	17	2	R3
820	17	3	R4
821	17	4	R5
822	17	5	R6
823	17	6	R7
824	17	7	R8
825	17	8	R9
826	17	9	R10
827	17	10	R11
828	17	11	R12
829	17	12	R13
830	17	13	R14
831	17	14	R15
832	17	15	R16
833	17	16	R17
834	17	17	R18
835	17	18	R19
836	17	19	R20
837	17	20	R21
838	17	21	R22
839	17	22	R23
840	17	23	R24
841	17	24	R25
842	17	25	R26
843	17	26	R27
844	17	27	R28
845	17	28	R29
846	17	29	R30
847	17	30	R31
848	17	31	R32
849	17	32	R33
850	17	33	R34
851	17	34	R35
852	17	35	R36
853	17	36	R37
854	17	37	R38
855	17	38	R39
856	17	39	R40
857	17	40	R41
858	17	41	R42
859	17	42	R43
860	17	43	R44
861	17	44	R45
862	17	45	R46
863	17	46	R47
864	17	47	R48
865	18	0	S1
866	18	1	S2
867	18	2	S3
868	18	3	S4
869	18	4	S5
870	18	5	S6
871	18	6	S7
872	18	7	S8
873	18	8	S9
874	18	9	S10
875	18	10	S11
876	18	11	S12
877	18	12	S13
878	18	13	S14
879	18	14	S15
880	18	15	S16
881	18	16	S17
882	18	17	S18
883	18	18	S19
884	18	19	S20
885	18	20	S21
886	18	21	S22
887	18	22	S23
888	18	23	S24
889	18	24	S25
890	18	25	S26
891	18	26	S27
892	18	27	S28
893	18	28	S29
894	18	29	S30
895	18	30	S31
896	18	31	S32
897	18	32	S33
898	18	33	S34
899	18	34	S35
900	18	35	S36
901	18	36	S37
902	18	37	S38
903	18	38	S39
904	18	39	S40
905	18	40	S41
906	18	41	S42
907	18	42	S43
908	18	43	S44
909	18	44	S45
910	18	45	S46
911	18	46	S47
912	18	47	S48
913	19	0	T1
914	19	1	T2
915	19	2	T3
916	19	3	T4
917	19	4	T5
918	19	5	T6
919	19	6	T7
920	19	7	T8
921	19	8	T9
922	19	9	T10
923	19	10	T11
924	19	11	T12
925	19	12	T13
926	19	13	T14
927	19	14	T15
928	19	15	T16
929	19	16	T17
930	19	17	T18
931	19	18	T19
932	19	19	T20
933	19	20	T21
934	19	21	T22
935	19	22	T23
936	19	23	T24
937	19	24	T25
938	19	25	T26
939	19	26	T27
940	19	27	T28
941	19	28	T29
942	19	29	T30
943	19	30	T31
944	19	31	T32
945	19	32	T33
946	19	33	T34
947	19	34	T35
948	19	35	T36
949	19	36	T37
950	19	37	T38
951	19	38	T39
952	19	39	T40
953	19	40	T41
954	19	41	T42
955	19	42	T43
956	19	43	T44
957	19	44	T45
958	19	45	T46
959	19	46	T47
960	19	47	T48
961	20	0	U1
962	20	1	U2
963	20	2	U3
964	20	3	U4
965	20	4	U5
966	20	5	U6
967	20	6	U7
968	20	7	U8
969	20	8	U9
970	20	9	U10
971	20	10	U11
972	20	11	U12
973	20	12	U13
974	20	13	U14
975	20	14	U15
976	20	15	U16
977	20	16	U17
978	20	17	U18
979	20	18	U19
980	20	19	U20
981	20	20	U21
982	20	21	U22
983	20	22	U23
984	20	23	U24
985	20	24	U25
986	20	25	U26
987	20	26	U27
988	20	27	U28
989	20	28	U29
990	20	29	U30
991	20	30	U31
992	20	31	U32
993	20	32	U33
994	20	33	U34
995	20	34	U35
996	20	35	U36
997	20	36	U37
998	20	37	U38
999	20	38	U39
1000	20	39	U40
1001	20	40	U41
1002	20	41	U42
1003	20	42	U43
1004	20	43	U44
1005	20	44	U45
1006	20	45	U46
1007	20	46	U47
1008	20	47	U48
1009	21	0	V1
1010	21	1	V2
1011	21	2	V3
1012	21	3	V4
1013	21	4	V5
1014	21	5	V6
1015	21	6	V7
1016	21	7	V8
1017	21	8	V9
1018	21	9	V10
1019	21	10	V11
1020	21	11	V12
1021	21	12	V13
1022	21	13	V14
1023	21	14	V15
1024	21	15	V16
1025	21	16	V17
1026	21	17	V18
1027	21	18	V19
1028	21	19	V20
1029	21	20	V21
1030	21	21	V22
1031	21	22	V23
1032	21	23	V24
1033	21	24	V25
1034	21	25	V26
1035	21	26	V27
1036	21	27	V28
1037	21	28	V29
1038	21	29	V30
1039	21	30	V31
1040	21	31	V32
1041	21	32	V33
1042	21	33	V34
1043	21	34	V35
1044	21	35	V36
1045	21	36	V37
1046	21	37	V38
1047	21	38	V39
1048	21	39	V40
1049	21	40	V41
1050	21	41	V42
1051	21	42	V43
1052	21	43	V44
1053	21	44	V45
1054	21	45	V46
1055	21	46	V47
1056	21	47	V48
1057	22	0	W1
1058	22	1	W2
1059	22	2	W3
1060	22	3	W4
1061	22	4	W5
1062	22	5	W6
1063	22	6	W7
1064	22	7	W8
1065	22	8	W9
1066	22	9	W10
1067	22	10	W11
1068	22	11	W12
1069	22	12	W13
1070	22	13	W14
1071	22	14	W15
1072	22	15	W16
1073	22	16	W17
1074	22	17	W18
1075	22	18	W19
1076	22	19	W20
1077	22	20	W21
1078	22	21	W22
1079	22	22	W23
1080	22	23	W24
1081	22	24	W25
1082	22	25	W26
1083	22	26	W27
1084	22	27	W28
1085	22	28	W29
1086	22	29	W30
1087	22	30	W31
1088	22	31	W32
1089	22	32	W33
1090	22	33	W34
1091	22	34	W35
1092	22	35	W36
1093	22	36	W37
1094	22	37	W38
1095	22	38	W39
1096	22	39	W40
1097	22	40	W41
1098	22	41	W42
1099	22	42	W43
1100	22	43	W44
1101	22	44	W45
1102	22	45	W46
1103	22	46	W47
1104	22	47	W48
1105	23	0	X1
1106	23	1	X2
1107	23	2	X3
1108	23	3	X4
1109	23	4	X5
1110	23	5	X6
1111	23	6	X7
1112	23	7	X8
1113	23	8	X9
1114	23	9	X10
1115	23	10	X11
1116	23	11	X12
1117	23	12	X13
1118	23	13	X14
1119	23	14	X15
1120	23	15	X16
1121	23	16	X17
1122	23	17	X18
1123	23	18	X19
1124	23	19	X20
1125	23	20	X21
1126	23	21	X22
1127	23	22	X23
1128	23	23	X24
1129	23	24	X25
1130	23	25	X26
1131	23	26	X27
1132	23	27	X28
1133	23	28	X29
1134	23	29	X30
1135	23	30	X31
1136	23	31	X32
1137	23	32	X33
1138	23	33	X34
1139	23	34	X35
1140	23	35	X36
1141	23	36	X37
1142	23	37	X38
1143	23	38	X39
1144	23	39	X40
1145	23	40	X41
1146	23	41	X42
1147	23	42	X43
1148	23	43	X44
1149	23	44	X45
1150	23	45	X46
1151	23	46	X47
1152	23	47	X48
1153	24	0	Y1
1154	24	1	Y2
1155	24	2	Y3
1156	24	3	Y4
1157	24	4	Y5
1158	24	5	Y6
1159	24	6	Y7
1160	24	7	Y8
1161	24	8	Y9
1162	24	9	Y10
1163	24	10	Y11
1164	24	11	Y12
1165	24	12	Y13
1166	24	13	Y14
1167	24	14	Y15
1168	24	15	Y16
1169	24	16	Y17
1170	24	17	Y18
1171	24	18	Y19
1172	24	19	Y20
1173	24	20	Y21
1174	24	21	Y22
1175	24	22	Y23
1176	24	23	Y24
1177	24	24	Y25
1178	24	25	Y26
1179	24	26	Y27
1180	24	27	Y28
1181	24	28	Y29
1182	24	29	Y30
1183	24	30	Y31
1184	24	31	Y32
1185	24	32	Y33
1186	24	33	Y34
1187	24	34	Y35
1188	24	35	Y36
1189	24	36	Y37
1190	24	37	Y38
1191	24	38	Y39
1192	24	39	Y40
1193	24	40	Y41
1194	24	41	Y42
1195	24	42	Y43
1196	24	43	Y44
1197	24	44	Y45
1198	24	45	Y46
1199	24	46	Y47
1200	24	47	Y48
1201	25	0	Z1
1202	25	1	Z2
1203	25	2	Z3
1204	25	3	Z4
1205	25	4	Z5
1206	25	5	Z6
1207	25	6	Z7
1208	25	7	Z8
1209	25	8	Z9
1210	25	9	Z10
1211	25	10	Z11
1212	25	11	Z12
1213	25	12	Z13
1214	25	13	Z14
1215	25	14	Z15
1216	25	15	Z16
1217	25	16	Z17
1218	25	17	Z18
1219	25	18	Z19
1220	25	19	Z20
1221	25	20	Z21
1222	25	21	Z22
1223	25	22	Z23
1224	25	23	Z24
1225	25	24	Z25
1226	25	25	Z26
1227	25	26	Z27
1228	25	27	Z28
1229	25	28	Z29
1230	25	29	Z30
1231	25	30	Z31
1232	25	31	Z32
1233	25	32	Z33
1234	25	33	Z34
1235	25	34	Z35
1236	25	35	Z36
1237	25	36	Z37
1238	25	37	Z38
1239	25	38	Z39
1240	25	39	Z40
1241	25	40	Z41
1242	25	41	Z42
1243	25	42	Z43
1244	25	43	Z44
1245	25	44	Z45
1246	25	45	Z46
1247	25	46	Z47
1248	25	47	Z48
1249	26	0	AA1
1250	26	1	AA2
1251	26	2	AA3
1252	26	3	AA4
1253	26	4	AA5
1254	26	5	AA6
1255	26	6	AA7
1256	26	7	AA8
1257	26	8	AA9
1258	26	9	AA10
1259	26	10	AA11
1260	26	11	AA12
1261	26	12	AA13
1262	26	13	AA14
1263	26	14	AA15
1264	26	15	AA16
1265	26	16	AA17
1266	26	17	AA18
1267	26	18	AA19
1268	26	19	AA20
1269	26	20	AA21
1270	26	21	AA22
1271	26	22	AA23
1272	26	23	AA24
1273	26	24	AA25
1274	26	25	AA26
1275	26	26	AA27
1276	26	27	AA28
1277	26	28	AA29
1278	26	29	AA30
1279	26	30	AA31
1280	26	31	AA32
1281	26	32	AA33
1282	26	33	AA34
1283	26	34	AA35
1284	26	35	AA36
1285	26	36	AA37
1286	26	37	AA38
1287	26	38	AA39
1288	26	39	AA40
1289	26	40	AA41
1290	26	41	AA42
1291	26	42	AA43
1292	26	43	AA44
1293	26	44	AA45
1294	26	45	AA46
1295	26	46	AA47
1296	26	47	AA48
1297	27	0	AB1
1298	27	1	AB2
1299	27	2	AB3
1300	27	3	AB4
1301	27	4	AB5
1302	27	5	AB6
1303	27	6	AB7
1304	27	7	AB8
1305	27	8	AB9
1306	27	9	AB10
1307	27	10	AB11
1308	27	11	AB12
1309	27	12	AB13
1310	27	13	AB14
1311	27	14	AB15
1312	27	15	AB16
1313	27	16	AB17
1314	27	17	AB18
1315	27	18	AB19
1316	27	19	AB20
1317	27	20	AB21
1318	27	21	AB22
1319	27	22	AB23
1320	27	23	AB24
1321	27	24	AB25
1322	27	25	AB26
1323	27	26	AB27
1324	27	27	AB28
1325	27	28	AB29
1326	27	29	AB30
1327	27	30	AB31
1328	27	31	AB32
1329	27	32	AB33
1330	27	33	AB34
1331	27	34	AB35
1332	27	35	AB36
1333	27	36	AB37
1334	27	37	AB38
1335	27	38	AB39
1336	27	39	AB40
1337	27	40	AB41
1338	27	41	AB42
1339	27	42	AB43
1340	27	43	AB44
1341	27	44	AB45
1342	27	45	AB46
1343	27	46	AB47
1344	27	47	AB48
1345	28	0	AC1
1346	28	1	AC2
1347	28	2	AC3
1348	28	3	AC4
1349	28	4	AC5
1350	28	5	AC6
1351	28	6	AC7
1352	28	7	AC8
1353	28	8	AC9
1354	28	9	AC10
1355	28	10	AC11
1356	28	11	AC12
1357	28	12	AC13
1358	28	13	AC14
1359	28	14	AC15
1360	28	15	AC16
1361	28	16	AC17
1362	28	17	AC18
1363	28	18	AC19
1364	28	19	AC20
1365	28	20	AC21
1366	28	21	AC22
1367	28	22	AC23
1368	28	23	AC24
1369	28	24	AC25
1370	28	25	AC26
1371	28	26	AC27
1372	28	27	AC28
1373	28	28	AC29
1374	28	29	AC30
1375	28	30	AC31
1376	28	31	AC32
1377	28	32	AC33
1378	28	33	AC34
1379	28	34	AC35
1380	28	35	AC36
1381	28	36	AC37
1382	28	37	AC38
1383	28	38	AC39
1384	28	39	AC40
1385	28	40	AC41
1386	28	41	AC42
1387	28	42	AC43
1388	28	43	AC44
1389	28	44	AC45
1390	28	45	AC46
1391	28	46	AC47
1392	28	47	AC48
1393	29	0	AD1
1394	29	1	AD2
1395	29	2	AD3
1396	29	3	AD4
1397	29	4	AD5
1398	29	5	AD6
1399	29	6	AD7
1400	29	7	AD8
1401	29	8	AD9
1402	29	9	AD10
1403	29	10	AD11
1404	29	11	AD12
1405	29	12	AD13
1406	29	13	AD14
1407	29	14	AD15
1408	29	15	AD16
1409	29	16	AD17
1410	29	17	AD18
1411	29	18	AD19
1412	29	19	AD20
1413	29	20	AD21
1414	29	21	AD22
1415	29	22	AD23
1416	29	23	AD24
1417	29	24	AD25
1418	29	25	AD26
1419	29	26	AD27
1420	29	27	AD28
1421	29	28	AD29
1422	29	29	AD30
1423	29	30	AD31
1424	29	31	AD32
1425	29	32	AD33
1426	29	33	AD34
1427	29	34	AD35
1428	29	35	AD36
1429	29	36	AD37
1430	29	37	AD38
1431	29	38	AD39
1432	29	39	AD40
1433	29	40	AD41
1434	29	41	AD42
1435	29	42	AD43
1436	29	43	AD44
1437	29	44	AD45
1438	29	45	AD46
1439	29	46	AD47
1440	29	47	AD48
1441	30	0	AE1
1442	30	1	AE2
1443	30	2	AE3
1444	30	3	AE4
1445	30	4	AE5
1446	30	5	AE6
1447	30	6	AE7
1448	30	7	AE8
1449	30	8	AE9
1450	30	9	AE10
1451	30	10	AE11
1452	30	11	AE12
1453	30	12	AE13
1454	30	13	AE14
1455	30	14	AE15
1456	30	15	AE16
1457	30	16	AE17
1458	30	17	AE18
1459	30	18	AE19
1460	30	19	AE20
1461	30	20	AE21
1462	30	21	AE22
1463	30	22	AE23
1464	30	23	AE24
1465	30	24	AE25
1466	30	25	AE26
1467	30	26	AE27
1468	30	27	AE28
1469	30	28	AE29
1470	30	29	AE30
1471	30	30	AE31
1472	30	31	AE32
1473	30	32	AE33
1474	30	33	AE34
1475	30	34	AE35
1476	30	35	AE36
1477	30	36	AE37
1478	30	37	AE38
1479	30	38	AE39
1480	30	39	AE40
1481	30	40	AE41
1482	30	41	AE42
1483	30	42	AE43
1484	30	43	AE44
1485	30	44	AE45
1486	30	45	AE46
1487	30	46	AE47
1488	30	47	AE48
1489	31	0	AF1
1490	31	1	AF2
1491	31	2	AF3
1492	31	3	AF4
1493	31	4	AF5
1494	31	5	AF6
1495	31	6	AF7
1496	31	7	AF8
1497	31	8	AF9
1498	31	9	AF10
1499	31	10	AF11
1500	31	11	AF12
1501	31	12	AF13
1502	31	13	AF14
1503	31	14	AF15
1504	31	15	AF16
1505	31	16	AF17
1506	31	17	AF18
1507	31	18	AF19
1508	31	19	AF20
1509	31	20	AF21
1510	31	21	AF22
1511	31	22	AF23
1512	31	23	AF24
1513	31	24	AF25
1514	31	25	AF26
1515	31	26	AF27
1516	31	27	AF28
1517	31	28	AF29
1518	31	29	AF30
1519	31	30	AF31
1520	31	31	AF32
1521	31	32	AF33
1522	31	33	AF34
1523	31	34	AF35
1524	31	35	AF36
1525	31	36	AF37
1526	31	37	AF38
1527	31	38	AF39
1528	31	39	AF40
1529	31	40	AF41
1530	31	41	AF42
1531	31	42	AF43
1532	31	43	AF44
1533	31	44	AF45
1534	31	45	AF46
1535	31	46	AF47
1536	31	47	AF48
\.


--
-- Data for Name: planned_sample_dilution; Type: TABLE DATA; Schema: public; Owner: gathmann
--

COPY planned_sample_dilution (planned_liquid_transfer_id, diluent_info, target_position_id) FROM stdin;
\.


--
-- Data for Name: planned_sample_transfer; Type: TABLE DATA; Schema: public; Owner: gathmann
--

COPY planned_sample_transfer (planned_liquid_transfer_id, source_position_id, target_position_id) FROM stdin;
\.


--
-- Data for Name: planned_worklist_member; Type: TABLE DATA; Schema: public; Owner: gathmann
--

COPY planned_worklist_member (planned_worklist_id, planned_liquid_transfer_id) FROM stdin;
\.


--
-- Name: planned_worklist_planned_worklist_id_seq; Type: SEQUENCE SET; Schema: public; Owner: thelma
--

SELECT pg_catalog.setval('planned_worklist_planned_worklist_id_seq', 1, false);


--
-- Data for Name: supplier_molecule_design; Type: TABLE DATA; Schema: public; Owner: postgres
--

COPY supplier_molecule_design (supplier_id, product_id, time_stamp, is_current, is_deleted, supplier_molecule_design_id) FROM stdin;
49	310050	2008-11-21 09:15:58.890514+01	t	f	4652
49	1500127	2008-11-21 09:15:58.890514+01	t	f	4692
49	1500566	2008-11-21 09:15:58.890514+01	t	f	4437
49	1500159	2008-11-21 09:15:58.890514+01	t	f	4725
49	330021	2008-11-21 09:15:58.890514+01	t	f	4721
49	1500296	2008-11-21 09:15:58.890514+01	t	f	4561
49	1500291	2008-11-21 09:15:58.890514+01	t	f	4565
49	1505712	2008-11-21 09:15:58.890514+01	t	f	4421
49	1500519	2008-11-21 09:15:58.890514+01	t	f	4385
49	1500517	2008-11-21 09:15:58.890514+01	t	f	4383
49	1500339	2008-11-21 09:15:58.890514+01	t	f	4605
49	1500335	2008-11-21 09:15:58.890514+01	t	f	4603
49	1500157	2008-11-21 09:15:58.890514+01	t	f	4723
49	1500135	2008-11-21 09:15:58.890514+01	t	f	4694
49	1400151	2008-11-21 09:15:58.890514+01	t	f	4656
49	1505726	2008-11-21 09:15:58.890514+01	t	f	4601
49	1500556	2008-11-21 09:15:58.890514+01	t	f	4423
49	1505802	2008-11-21 09:15:58.890514+01	t	f	4425
49	1500304	2008-11-21 09:15:58.890514+01	t	f	4567
49	1505604	2008-11-21 09:15:58.890514+01	t	f	4658
49	1500507	2008-11-21 09:15:58.890514+01	t	f	4381
49	1500350	2008-11-21 09:15:58.890514+01	t	f	4609
49	1500348	2008-11-21 09:15:58.890514+01	t	f	4607
49	1500774	2008-11-21 09:15:58.890514+01	t	f	4134
49	1500756	2008-11-21 09:15:58.890514+01	t	f	4138
35	1695-00511	2008-09-09 15:01:57.515973+02	t	f	161050
35	1695-00089	2008-09-09 15:01:57.515973+02	t	f	160912
49	1500682	2008-11-21 09:15:58.890514+01	t	f	4130
49	1500105	2008-11-21 09:15:58.890514+01	t	f	4664
49	1505665	2008-11-21 09:15:58.890514+01	t	f	4662
49	1500137	2008-11-21 09:15:58.890514+01	t	f	4696
49	1500131	2008-11-21 09:15:58.890514+01	t	f	4698
49	1500101	2008-11-21 09:15:58.890514+01	t	f	4666
49	1500103	2008-11-21 09:15:58.890514+01	t	f	4668
35	1695-00525	2008-09-09 15:01:57.515973+02	t	f	160848
49	1500355	2008-11-21 09:15:58.890514+01	t	f	4616
49	1505843	2008-11-21 09:15:58.890514+01	t	f	4614
35	1695-00298	2008-09-09 15:01:57.515973+02	t	f	161045
49	1500144	2008-11-21 09:15:58.890514+01	t	f	4704
49	1500133	2008-11-21 09:15:58.890514+01	t	f	4700
35	1695-00080	2008-09-09 15:01:57.515973+02	t	f	160906
35	1695-00512	2008-09-09 15:01:57.515973+02	t	f	160847
61	8273084	2010-02-08 10:28:22.125227+01	t	f	3405
62	134523-00-5	2012-10-08 18:44:12.371957+02	t	f	324067
61	877838	2010-02-08 10:28:22.125227+01	t	f	3432
61	1489151	2010-02-08 10:28:22.125227+01	t	f	3430
61	8276703	2010-02-08 10:28:22.125227+01	t	f	3401
61	2968614	2010-02-08 10:28:22.125227+01	t	f	3460
61	2980018	2010-02-08 10:28:22.125227+01	t	f	3462
35	1695-00001	2008-09-09 15:01:57.515973+02	t	f	161112
61	8290154	2010-02-08 10:28:22.125227+01	t	f	3403
61	2150040	2010-02-08 10:28:22.125227+01	t	f	3458
6	s21681	2008-11-21 13:12:46.267632+01	t	f	24160
6	s21682	2008-11-21 13:12:46.267632+01	t	f	6276
6	s21683	2008-11-21 13:12:46.267632+01	t	f	11006
6	s10471	2008-11-21 13:12:46.267632+01	t	f	8215
6	s10470	2008-11-21 13:12:46.267632+01	t	f	34551
6	s10469	2008-11-21 13:12:46.267632+01	t	f	11476
6	s16161	2008-11-21 13:12:46.267632+01	t	f	26540
6	s16160	2008-11-21 13:12:46.267632+01	t	f	18525
6	s16162	2008-11-21 13:12:46.267632+01	t	f	29123
6	s51041	2008-11-21 13:12:46.267632+01	t	f	11821
6	s51042	2008-11-21 13:12:46.267632+01	t	f	5432
6	s51043	2008-11-21 13:12:46.267632+01	t	f	34241
6	s7009	2008-11-21 13:12:46.267632+01	t	f	26982
6	s7008	2008-11-21 13:12:46.267632+01	t	f	32599
6	s223882	2008-11-21 13:12:46.267632+01	t	f	28189
6	s36714	2008-11-21 13:12:46.267632+01	t	f	10924
6	s36712	2008-11-21 13:12:46.267632+01	t	f	24251
6	s36713	2008-11-21 13:12:46.267632+01	t	f	6368
6	s42828	2008-11-21 13:12:46.267632+01	t	f	35729
6	s42827	2008-11-21 13:12:46.267632+01	t	f	5792
6	s42829	2008-11-21 13:12:46.267632+01	t	f	23511
6	s12983	2008-11-21 13:12:46.267632+01	t	f	7803
6	s12982	2008-11-21 13:12:46.267632+01	t	f	33231
6	s12984	2008-11-21 13:12:46.267632+01	t	f	9962
6	s20524	2008-11-21 13:12:46.267632+01	t	f	31214
6	s20525	2008-11-21 13:12:46.267632+01	t	f	9331
6	s20523	2008-11-21 13:12:46.267632+01	t	f	17490
6	s22401	2008-11-21 13:12:46.267632+01	t	f	16758
6	s22402	2008-11-21 13:12:46.267632+01	t	f	20628
6	s22400	2008-11-21 13:12:46.267632+01	t	f	13138
6	s31698	2008-11-21 13:12:46.267632+01	t	f	14949
6	s31699	2008-11-21 13:12:46.267632+01	t	f	22091
6	s31697	2008-11-21 13:12:46.267632+01	t	f	12266
6	s21632	2008-11-21 13:12:46.267632+01	t	f	11005
6	s21630	2008-11-21 13:12:46.267632+01	t	f	24159
6	s21631	2008-11-21 13:12:46.267632+01	t	f	6275
6	s32183	2008-11-21 13:12:46.267632+01	t	f	22525
6	s32181	2008-11-21 13:12:46.267632+01	t	f	12356
6	s32182	2008-11-21 13:12:46.267632+01	t	f	14866
6	s26152	2008-11-21 13:12:46.267632+01	t	f	16644
6	s26151	2008-11-21 13:12:46.267632+01	t	f	14233
6	s26153	2008-11-21 13:12:46.267632+01	t	f	21296
6	s26084	2008-11-21 13:12:46.267632+01	t	f	14219
6	s26086	2008-11-21 13:12:46.267632+01	t	f	21282
6	s26085	2008-11-21 13:12:46.267632+01	t	f	16630
6	s31733	2008-11-21 13:12:46.267632+01	t	f	32257
6	s31734	2008-11-21 13:12:46.267632+01	t	f	28551
6	s31735	2008-11-21 13:12:46.267632+01	t	f	19892
6	s15382	2008-11-21 13:12:46.267632+01	t	f	10841
6	s15383	2008-11-21 13:12:46.267632+01	t	f	23996
6	s15384	2008-11-21 13:12:46.267632+01	t	f	6460
6	s32223	2008-11-21 13:12:46.267632+01	t	f	33673
6	s32225	2008-11-21 13:12:46.267632+01	t	f	9366
6	s32224	2008-11-21 13:12:46.267632+01	t	f	6874
6	s16630	2008-11-21 13:12:46.267632+01	t	f	24444
6	s16631	2008-11-21 13:12:46.267632+01	t	f	7165
6	s16632	2008-11-21 13:12:46.267632+01	t	f	11118
6	s768	2008-11-21 13:12:46.267632+01	t	f	31685
6	s769	2008-11-21 13:12:46.267632+01	t	f	24070
6	s224748	2008-11-21 13:12:46.267632+01	t	f	10742
6	s16424	2008-11-21 13:12:46.267632+01	t	f	26582
6	s16423	2008-11-21 13:12:46.267632+01	t	f	19567
6	s16425	2008-11-21 13:12:46.267632+01	t	f	31510
6	s582	2008-11-21 13:12:46.267632+01	t	f	7900
6	s224860	2008-11-21 13:12:46.267632+01	t	f	34412
6	s583	2008-11-21 13:12:46.267632+01	t	f	11679
6	s34346	2008-11-21 13:12:46.267632+01	t	f	32156
6	s34347	2008-11-21 13:12:46.267632+01	t	f	28626
6	s34348	2008-11-21 13:12:46.267632+01	t	f	19791
6	s37563	2008-09-09 15:01:57.515973+02	t	f	755
6	s37564	2008-11-21 13:12:46.267632+01	t	f	22723
6	s37562	2008-09-09 15:01:57.515973+02	t	f	279
6	s10928	2008-11-21 13:12:46.267632+01	t	f	7375
6	s10929	2008-11-21 13:12:46.267632+01	t	f	10397
6	s10927	2008-11-21 13:12:46.267632+01	t	f	35156
6	s223270	2008-11-21 13:12:46.267632+01	t	f	23496
6	s42629	2008-11-21 13:12:46.267632+01	t	f	5777
6	s42630	2008-11-21 13:12:46.267632+01	t	f	35714
6	s224886	2008-11-21 13:12:46.267632+01	t	f	15091
6	s37748	2008-11-21 13:12:46.267632+01	t	f	35230
6	s37750	2008-11-21 13:12:46.267632+01	t	f	22750
6	s33980	2008-11-21 13:12:46.267632+01	t	f	14712
6	s33981	2008-11-21 13:12:46.267632+01	t	f	22371
6	s33979	2008-11-21 13:12:46.267632+01	t	f	12896
6	s42069	2008-11-21 13:12:46.267632+01	t	f	35839
6	s42070	2008-11-21 13:12:46.267632+01	t	f	23188
6	s42068	2008-11-21 13:12:46.267632+01	t	f	5731
6	s35776	2008-11-21 13:12:46.267632+01	t	f	13110
6	s35778	2008-11-21 13:12:46.267632+01	t	f	22931
6	s224818	2008-11-21 13:12:46.267632+01	t	f	15273
6	s40184	2008-11-21 13:12:46.267632+01	t	f	35656
6	s40182	2008-11-21 13:12:46.267632+01	t	f	14473
6	s40183	2008-11-21 13:12:46.267632+01	t	f	23349
6	s15638	2008-11-21 13:12:46.267632+01	t	f	32804
6	s15640	2008-11-21 13:12:46.267632+01	t	f	20175
6	s15639	2008-11-21 13:12:46.267632+01	t	f	27275
6	s16536	2008-11-21 13:12:46.267632+01	t	f	20206
6	s225020	2008-11-21 13:12:46.267632+01	t	f	32835
6	s16535	2008-11-21 13:12:46.267632+01	t	f	27306
6	s12772	2008-11-21 13:12:46.267632+01	t	f	7751
6	s12774	2008-11-21 13:12:46.267632+01	t	f	9911
6	s12773	2008-11-21 13:12:46.267632+01	t	f	33180
6	s14076	2008-11-21 13:12:46.267632+01	t	f	10021
6	s14075	2008-11-21 13:12:46.267632+01	t	f	33291
6	s14074	2008-11-21 13:12:46.267632+01	t	f	7689
6	s10407	2008-11-21 13:12:46.267632+01	t	f	8198
6	s10408	2008-11-21 13:12:46.267632+01	t	f	11459
6	s10406	2008-11-21 13:12:46.267632+01	t	f	34534
6	s12850	2008-11-21 13:12:46.267632+01	t	f	9927
6	s12851	2008-11-21 13:12:46.267632+01	t	f	7767
6	s12852	2008-11-21 13:12:46.267632+01	t	f	33196
6	s10428	2008-11-21 13:12:46.267632+01	t	f	11458
6	s10429	2008-11-21 13:12:46.267632+01	t	f	34533
6	s10427	2008-11-21 13:12:46.267632+01	t	f	8197
6	s4409	2008-11-21 13:12:46.267632+01	t	f	25452
6	s4410	2008-11-21 13:12:46.267632+01	t	f	29944
6	s4408	2008-11-21 13:12:46.267632+01	t	f	17871
6	s30440	2008-11-21 13:12:46.267632+01	t	f	12833
6	s30438	2008-11-21 13:12:46.267632+01	t	f	15855
6	s30439	2008-11-21 13:12:46.267632+01	t	f	22308
6	s19030	2008-11-21 13:12:46.267632+01	t	f	17068
6	s19031	2008-11-21 13:12:46.267632+01	t	f	8731
6	s19029	2008-11-21 13:12:46.267632+01	t	f	30525
6	s47100	2008-11-21 13:12:46.267632+01	t	f	6045
6	s47102	2008-11-21 13:12:46.267632+01	t	f	33966
6	s47101	2008-11-21 13:12:46.267632+01	t	f	12121
6	s3894	2008-11-21 13:12:46.267632+01	t	f	18112
6	s3893	2008-11-21 13:12:46.267632+01	t	f	25692
6	s3895	2008-11-21 13:12:46.267632+01	t	f	29227
6	s27764	2008-11-21 13:12:46.267632+01	t	f	12533
6	s27765	2008-11-21 13:12:46.267632+01	t	f	15391
6	s27766	2008-11-21 13:12:46.267632+01	t	f	21665
6	s6105	2008-11-21 13:12:46.267632+01	t	f	17679
6	s6104	2008-11-21 13:12:46.267632+01	t	f	29754
6	s6106	2008-11-21 13:12:46.267632+01	t	f	25435
6	s18198	2008-11-21 13:12:46.267632+01	t	f	8632
6	s225150	2008-11-21 13:12:46.267632+01	t	f	17139
6	s18197	2008-11-21 13:12:46.267632+01	t	f	30600
6	s23897	2008-11-21 13:12:46.267632+01	t	f	21169
6	s23895	2008-11-21 13:12:46.267632+01	t	f	16266
6	s223603	2008-11-21 13:12:46.267632+01	t	f	13330
6	s224835	2008-11-21 13:12:46.267632+01	t	f	35285
6	s36427	2008-11-21 13:12:46.267632+01	t	f	15146
6	s36426	2008-11-21 13:12:46.267632+01	t	f	22979
6	s36207	2008-11-21 13:12:46.267632+01	t	f	15136
6	s36209	2008-11-21 13:12:46.267632+01	t	f	35275
6	s36208	2008-11-21 13:12:46.267632+01	t	f	22969
6	s3841	2008-11-21 13:12:46.267632+01	t	f	25666
6	s3840	2008-11-21 13:12:46.267632+01	t	f	29201
6	s3842	2008-11-21 13:12:46.267632+01	t	f	18086
6	s3923	2008-11-21 13:12:46.267632+01	t	f	25688
6	s3924	2008-11-21 13:12:46.267632+01	t	f	18108
6	s3925	2008-11-21 13:12:46.267632+01	t	f	29223
6	s20713	2008-11-21 13:12:46.267632+01	t	f	13558
6	s20715	2008-11-21 13:12:46.267632+01	t	f	20701
6	s20714	2008-11-21 13:12:46.267632+01	t	f	17349
6	s42146	2008-11-21 13:12:46.267632+01	t	f	35843
6	s42145	2008-11-21 13:12:46.267632+01	t	f	23192
6	s42147	2008-11-21 13:12:46.267632+01	t	f	5735
6	s11717	2008-11-21 13:12:46.267632+01	t	f	33095
6	s194736	2008-11-21 13:12:46.267632+01	t	f	10171
6	s224513	2008-11-21 13:12:46.267632+01	t	f	7494
6	s6911	2008-11-21 13:12:46.267632+01	t	f	34706
6	s6913	2008-11-21 13:12:46.267632+01	t	f	10600
6	s6912	2008-11-21 13:12:46.267632+01	t	f	8365
6	s13510	2008-11-21 13:12:46.267632+01	t	f	6566
6	s13512	2008-11-21 13:12:46.267632+01	t	f	33368
6	s13511	2008-11-21 13:12:46.267632+01	t	f	9751
6	s32524	2008-11-21 13:12:46.267632+01	t	f	12384
6	s32522	2008-11-21 13:12:46.267632+01	t	f	14893
6	s32523	2008-11-21 13:12:46.267632+01	t	f	22553
6	s36077	2008-11-21 13:12:46.267632+01	t	f	15116
6	s36076	2008-11-21 13:12:46.267632+01	t	f	35255
6	s36078	2008-11-21 13:12:46.267632+01	t	f	22949
6	s8650	2008-11-21 13:12:46.267632+01	t	f	24873
6	s194612	2008-11-21 13:12:46.267632+01	t	f	30929
6	s8651	2008-11-21 13:12:46.267632+01	t	f	8960
6	s13380	2008-11-21 13:12:46.267632+01	t	f	9723
6	s13379	2008-11-21 13:12:46.267632+01	t	f	6539
6	s13378	2008-11-21 13:12:46.267632+01	t	f	33340
6	s50250	2008-11-21 13:12:46.267632+01	t	f	10475
6	s50248	2008-11-21 13:12:46.267632+01	t	f	34899
6	s50249	2008-11-21 13:12:46.267632+01	t	f	7288
6	s24552	2008-11-21 13:12:46.267632+01	t	f	16207
6	s24551	2008-11-21 13:12:46.267632+01	t	f	13444
6	s24553	2008-11-21 13:12:46.267632+01	t	f	20934
6	s37899	2008-11-21 13:12:46.267632+01	t	f	35427
6	s37900	2008-11-21 13:12:46.267632+01	t	f	14594
6	s37898	2008-11-21 13:12:46.267632+01	t	f	22772
6	s224957	2008-11-21 13:12:46.267632+01	t	f	14546
6	s39286	2008-11-21 13:12:46.267632+01	t	f	35379
6	s39284	2008-11-21 13:12:46.267632+01	t	f	23248
6	s40829	2008-11-21 13:12:46.267632+01	t	f	23055
6	s40830	2008-11-21 13:12:46.267632+01	t	f	35536
6	s40831	2008-11-21 13:12:46.267632+01	t	f	5598
6	s15058	2008-11-21 13:12:46.267632+01	t	f	23857
6	s15059	2008-11-21 13:12:46.267632+01	t	f	31640
6	s15057	2008-11-21 13:12:46.267632+01	t	f	10697
6	s16353	2008-11-21 13:12:46.267632+01	t	f	18554
6	s16352	2008-11-21 13:12:46.267632+01	t	f	26568
6	s16351	2008-11-21 13:12:46.267632+01	t	f	29152
6	s16105	2008-11-21 13:12:46.267632+01	t	f	18519
6	s16106	2008-11-21 13:12:46.267632+01	t	f	26534
6	s16107	2008-11-21 13:12:46.267632+01	t	f	29117
6	s16262	2008-11-21 13:12:46.267632+01	t	f	29148
6	s16260	2008-11-21 13:12:46.267632+01	t	f	18550
6	s16261	2008-09-09 15:01:57.515973+02	t	f	676
6	s6206	2008-11-21 13:12:46.267632+01	t	f	34700
6	s6208	2008-11-21 13:12:46.267632+01	t	f	10594
6	s6207	2008-11-21 13:12:46.267632+01	t	f	8359
6	s32333	2008-11-21 13:12:46.267632+01	t	f	12374
6	s32332	2008-11-21 13:12:46.267632+01	t	f	14884
6	s32331	2008-11-21 13:12:46.267632+01	t	f	22543
6	s10278	2008-11-21 13:12:46.267632+01	t	f	11434
6	s10276	2008-11-21 13:12:46.267632+01	t	f	34510
6	s224237	2008-11-21 13:12:46.267632+01	t	f	8174
6	s11697	2008-11-21 13:12:46.267632+01	t	f	10164
6	s224511	2008-11-21 13:12:46.267632+01	t	f	7487
6	s11698	2008-11-21 13:12:46.267632+01	t	f	33087
6	s11684	2008-11-21 13:12:46.267632+01	t	f	33092
6	s11685	2008-09-09 15:01:57.515973+02	t	f	649
6	s11686	2008-09-09 15:01:57.515973+02	t	f	841
6	s224482	2008-11-21 13:12:46.267632+01	t	f	10304
6	s11502	2008-11-21 13:12:46.267632+01	t	f	35061
6	s11500	2008-11-21 13:12:46.267632+01	t	f	7453
6	s8842	2008-11-21 13:12:46.267632+01	t	f	6765
6	s8841	2008-11-21 13:12:46.267632+01	t	f	33567
6	s8843	2008-11-21 13:12:46.267632+01	t	f	9607
6	s46581	2008-11-21 13:12:46.267632+01	t	f	23459
6	s46582	2008-11-21 13:12:46.267632+01	t	f	35934
6	s46583	2008-11-21 13:12:46.267632+01	t	f	5998
6	s29765	2008-11-21 13:12:46.267632+01	t	f	28502
6	s29764	2008-11-21 13:12:46.267632+01	t	f	32208
6	s29766	2008-11-21 13:12:46.267632+01	t	f	19843
6	s13559	2008-11-21 13:12:46.267632+01	t	f	9771
6	s13558	2008-11-21 13:12:46.267632+01	t	f	33389
6	s224700	2008-11-21 13:12:46.267632+01	t	f	6586
6	s6391	2008-11-21 13:12:46.267632+01	t	f	7052
6	s6392	2008-11-21 13:12:46.267632+01	t	f	11177
6	s6390	2008-11-21 13:12:46.267632+01	t	f	24331
6	s17939	2008-11-21 13:12:46.267632+01	t	f	23999
6	s17938	2008-11-21 13:12:46.267632+01	t	f	6464
6	s17937	2008-11-21 13:12:46.267632+01	t	f	10845
6	s195484	2008-11-21 13:12:46.267632+01	t	f	35405
6	s39391	2008-11-21 13:12:46.267632+01	t	f	14572
6	s195483	2008-11-21 13:12:46.267632+01	t	f	23273
6	s224804	2008-11-21 13:12:46.267632+01	t	f	6465
6	s15351	2008-11-21 13:12:46.267632+01	t	f	24000
6	s15350	2008-11-21 13:12:46.267632+01	t	f	10846
6	s54000	2008-11-21 13:12:46.267632+01	t	f	34212
6	s54001	2008-11-21 13:12:46.267632+01	t	f	5545
6	s53999	2008-11-21 13:12:46.267632+01	t	f	11791
6	s5660	2008-11-21 13:12:46.267632+01	t	f	33253
6	s5662	2008-11-21 13:12:46.267632+01	t	f	9985
6	s5661	2008-11-21 13:12:46.267632+01	t	f	7651
6	s28335	2008-11-21 13:12:46.267632+01	t	f	15969
6	s28336	2008-11-21 13:12:46.267632+01	t	f	21731
6	s28337	2008-11-21 13:12:46.267632+01	t	f	12599
6	s15700	2008-11-21 13:12:46.267632+01	t	f	10900
6	s15699	2008-11-21 13:12:46.267632+01	t	f	6519
6	s15698	2008-11-21 13:12:46.267632+01	t	f	24054
6	s7843	2008-11-21 13:12:46.267632+01	t	f	25059
6	s7845	2008-11-21 13:12:46.267632+01	t	f	18258
6	s7844	2008-11-21 13:12:46.267632+01	t	f	30765
6	s1023	2008-11-21 13:12:46.267632+01	t	f	19345
6	s1022	2008-09-09 15:01:57.515973+02	t	f	871
6	s1024	2008-09-09 15:01:57.515973+02	t	f	681
6	s21206	2008-11-21 13:12:46.267632+01	t	f	20016
6	s21204	2008-11-21 13:12:46.267632+01	t	f	27468
6	s21205	2008-11-21 13:12:46.267632+01	t	f	27116
6	s23817	2008-11-21 13:12:46.267632+01	t	f	16256
6	s23819	2008-11-21 13:12:46.267632+01	t	f	13320
6	s23818	2008-11-21 13:12:46.267632+01	t	f	21159
6	s6376	2008-11-21 13:12:46.267632+01	t	f	29618
6	s6375	2008-11-21 13:12:46.267632+01	t	f	25128
6	s6377	2008-11-21 13:12:46.267632+01	t	f	17542
6	s4474	2008-11-21 13:12:46.267632+01	t	f	17884
6	s4476	2008-11-21 13:12:46.267632+01	t	f	25465
6	s4475	2008-11-21 13:12:46.267632+01	t	f	29957
6	s50551	2008-11-21 13:12:46.267632+01	t	f	28982
6	s50552	2008-11-21 13:12:46.267632+01	t	f	18960
6	s50550	2008-11-21 13:12:46.267632+01	t	f	28039
6	s33847	2008-11-21 13:12:46.267632+01	t	f	28610
6	s33846	2008-11-21 13:12:46.267632+01	t	f	32140
6	s33848	2008-11-21 13:12:46.267632+01	t	f	19775
6	s23788	2008-11-21 13:12:46.267632+01	t	f	16250
6	s23789	2008-11-21 13:12:46.267632+01	t	f	21153
6	s23787	2008-11-21 13:12:46.267632+01	t	f	13314
6	s28914	2008-11-21 13:12:46.267632+01	t	f	12691
6	s6906	2008-11-21 13:12:46.267632+01	t	f	26972
6	s12373	2008-11-21 13:12:46.267632+01	t	f	7610
6	s21413	2008-11-21 13:12:46.267632+01	t	f	13478
6	s42189	2008-11-21 13:12:46.267632+01	t	f	5741
6	s27176	2008-11-21 13:12:46.267632+01	t	f	14021
6	s22220	2008-11-21 13:12:46.267632+01	t	f	13719
6	s6631	2008-11-21 13:12:46.267632+01	t	f	26969
6	s13704	2008-11-21 13:12:46.267632+01	t	f	6606
6	s21918	2008-11-21 13:12:46.267632+01	t	f	20027
6	s5065	2008-11-21 13:12:46.267632+01	t	f	17836
6	s10884	2008-11-21 13:12:46.267632+01	t	f	7657
6	s4683	2008-11-21 13:12:46.267632+01	t	f	17937
6	s4080	2008-11-21 13:12:46.267632+01	t	f	17976
6	s27241	2008-11-21 13:12:46.267632+01	t	f	14026
6	s50693	2008-11-21 13:12:46.267632+01	t	f	6253
6	s22011	2008-11-21 13:12:46.267632+01	t	f	13683
6	s24047	2008-11-21 13:12:46.267632+01	t	f	13362
6	s29030	2008-11-21 13:12:46.267632+01	t	f	12705
6	s224272	2008-11-21 13:12:46.267632+01	t	f	7319
6	s16682	2008-11-21 13:12:46.267632+01	t	f	7164
6	s50042	2008-11-21 13:12:46.267632+01	t	f	6208
6	s35863	2008-09-09 15:01:57.515973+02	t	f	754
6	s38339	2008-11-21 13:12:46.267632+01	t	f	14641
6	s29549	2008-11-21 13:12:46.267632+01	t	f	12772
6	s27670	2008-11-21 13:12:46.267632+01	t	f	12526
6	s4846	2008-11-21 13:12:46.267632+01	t	f	17796
6	s21453	2008-11-21 13:12:46.267632+01	t	f	13484
6	s6471	2008-11-21 13:12:46.267632+01	t	f	17562
6	s20792	2008-11-21 13:12:46.267632+01	t	f	20170
6	s223147	2008-11-21 13:12:46.267632+01	t	f	20168
6	s4096	2008-11-21 13:12:46.267632+01	t	f	17983
6	s12523	2008-11-21 13:12:46.267632+01	t	f	6780
6	s5182	2008-11-21 13:12:46.267632+01	t	f	17856
6	s2557	2008-11-21 13:12:46.267632+01	t	f	18975
6	s19709	2008-11-21 13:12:46.267632+01	t	f	14410
6	s49848	2008-09-09 15:01:57.515973+02	t	f	296
6	s35767	2008-11-21 13:12:46.267632+01	t	f	13099
6	s29272	2008-11-21 13:12:46.267632+01	t	f	12734
6	s5025	2008-09-09 15:01:57.515973+02	t	f	698
6	s24949	2008-11-21 13:12:46.267632+01	t	f	14075
6	s200450	2008-11-21 13:12:46.267632+01	t	f	7469
6	s8750	2008-11-21 13:12:46.267632+01	t	f	8985
6	s10896	2008-11-21 13:12:46.267632+01	t	f	7376
6	s30470	2008-11-21 13:12:46.267632+01	t	f	12845
6	s31970	2008-11-21 13:12:46.267632+01	t	f	12319
6	s1226	2008-11-21 13:12:46.267632+01	t	f	19381
6	s30401	2008-11-21 13:12:46.267632+01	t	f	12836
6	s22534	2008-11-21 13:12:46.267632+01	t	f	13145
6	s25812	2008-11-21 13:12:46.267632+01	t	f	19933
6	s6798	2008-11-21 13:12:46.267632+01	t	f	18411
6	s223780	2008-11-21 13:12:46.267632+01	t	f	6197
6	s223502	2008-11-21 13:12:46.267632+01	t	f	17795
6	s5811	2008-11-21 13:12:46.267632+01	t	f	17623
6	s12836	2008-11-21 13:12:46.267632+01	t	f	7756
6	s14718	2008-11-21 13:12:46.267632+01	t	f	26820
6	s23009	2008-11-21 13:12:46.267632+01	t	f	20056
6	s44065	2008-11-21 13:12:46.267632+01	t	f	5873
6	s3600	2008-11-21 13:12:46.267632+01	t	f	18047
6	s10563	2008-11-21 13:12:46.267632+01	t	f	8227
6	s30648	2008-11-21 13:12:46.267632+01	t	f	12170
6	s3492	2008-11-21 13:12:46.267632+01	t	f	18196
6	s19637	2008-11-21 13:12:46.267632+01	t	f	8824
6	s1705	2008-11-21 13:12:46.267632+01	t	f	19177
6	s37391	2008-11-21 13:12:46.267632+01	t	f	19675
6	s3391	2008-11-21 13:12:46.267632+01	t	f	18175
6	s2798	2008-11-21 13:12:46.267632+01	t	f	19024
6	s255	2008-11-21 13:12:46.267632+01	t	f	13670
6	s49199	2008-11-21 13:12:46.267632+01	t	f	6182
6	s1176	2008-11-21 13:12:46.267632+01	t	f	19375
6	s28391	2008-11-21 13:12:46.267632+01	t	f	12615
6	s31469	2008-11-21 13:12:46.267632+01	t	f	19875
6	s27686	2008-11-21 13:12:46.267632+01	t	f	8084
6	s14874	2008-11-21 13:12:46.267632+01	t	f	10676
6	s15259	2008-11-21 13:12:46.267632+01	t	f	10711
6	s15120	2008-11-21 13:12:46.267632+01	t	f	10707
6	s4082	2008-11-21 13:12:46.267632+01	t	f	25728
6	s194735	2008-11-21 13:12:46.267632+01	t	f	10145
6	s24950	2008-11-21 13:12:46.267632+01	t	f	16062
6	s6472	2008-11-21 13:12:46.267632+01	t	f	25147
6	s224194	2008-11-21 13:12:46.267632+01	t	f	15384
6	s31971	2008-11-21 13:12:46.267632+01	t	f	15002
6	120630	2008-09-09 15:01:57.515973+02	t	f	216425
6	44697	2008-09-09 15:01:57.515973+02	t	f	228407
6	103548	2008-09-09 15:01:57.515973+02	t	f	204788
6	s27479	2008-11-21 13:12:46.267632+01	t	f	14053
6	s6816_c911	2014-05-02 15:38:38.317807+02	t	f	408198
6	272146	2008-09-09 15:01:57.515973+02	t	f	252585
6	272147	2008-09-09 15:01:57.515973+02	t	f	252586
6	272148	2008-09-09 15:01:57.515973+02	t	f	252587
6	122910	2008-09-09 15:01:57.515973+02	t	f	234386
6	122911	2008-09-09 15:01:57.515973+02	t	f	234387
6	24341	2008-09-09 15:01:57.515973+02	t	f	234385
6	127955	2008-09-09 15:01:57.515973+02	t	f	242490
6	127954	2008-09-09 15:01:57.515973+02	t	f	242489
6	127956	2008-09-09 15:01:57.515973+02	t	f	242491
6	21331	2008-09-09 15:01:57.515973+02	t	f	232972
6	21235	2008-09-09 15:01:57.515973+02	t	f	232971
6	46225	2008-09-09 15:01:57.515973+02	t	f	232973
6	218676	2008-09-09 15:01:57.515973+02	t	f	246002
6	218675	2008-09-09 15:01:57.515973+02	t	f	246001
6	218677	2008-09-09 15:01:57.515973+02	t	f	246003
6	125687	2008-09-09 15:01:57.515973+02	t	f	240858
6	125686	2008-09-09 15:01:57.515973+02	t	f	240857
6	125685	2008-09-09 15:01:57.515973+02	t	f	240856
6	123146	2008-09-09 15:01:57.515973+02	t	f	236699
6	123144	2008-09-09 15:01:57.515973+02	t	f	236697
6	123145	2008-09-09 15:01:57.515973+02	t	f	236698
6	122124	2008-09-09 15:01:57.515973+02	t	f	225046
6	122122	2008-09-09 15:01:57.515973+02	t	f	225045
6	5394	2008-09-09 15:01:57.515973+02	t	f	225044
6	29130	2008-09-09 15:01:57.515973+02	t	f	237730
6	75773	2008-09-09 15:01:57.515973+02	t	f	237731
6	29216	2008-09-09 15:01:57.515973+02	f	f	237732
6	133369	2008-09-09 15:01:57.515973+02	t	f	237733
6	45679	2008-09-09 15:01:57.515973+02	t	f	245519
6	45589	2008-09-09 15:01:57.515973+02	t	f	245518
6	44505	2008-09-09 15:01:57.515973+02	t	f	245517
6	129239	2008-09-09 15:01:57.515973+02	t	f	244124
6	129237	2008-09-09 15:01:57.515973+02	t	f	244122
6	129238	2008-09-09 15:01:57.515973+02	t	f	244123
6	124318	2008-09-09 15:01:57.515973+02	t	f	244083
6	217249	2008-09-09 15:01:57.515973+02	t	f	244085
6	217248	2008-09-09 15:01:57.515973+02	t	f	244084
6	260644	2008-09-09 15:01:57.515973+02	t	f	246101
6	260643	2008-09-09 15:01:57.515973+02	t	f	246100
6	260642	2008-09-09 15:01:57.515973+02	t	f	246099
6	147335	2008-09-09 15:01:57.515973+02	t	f	225149
6	147337	2008-09-09 15:01:57.515973+02	t	f	225151
6	147336	2008-09-09 15:01:57.515973+02	t	f	225150
6	148584	2008-09-09 15:01:57.515973+02	t	f	232463
6	148585	2008-09-09 15:01:57.515973+02	t	f	232464
6	148583	2008-09-09 15:01:57.515973+02	t	f	232462
6	14623	2008-09-09 15:01:57.515973+02	t	f	225708
6	146463	2008-09-09 15:01:57.515973+02	t	f	225710
6	44991	2008-09-09 15:01:57.515973+02	t	f	225709
6	126179	2008-09-09 15:01:57.515973+02	t	f	246970
6	126180	2008-09-09 15:01:57.515973+02	t	f	246971
6	126181	2008-09-09 15:01:57.515973+02	t	f	246972
6	130980	2008-09-09 15:01:57.515973+02	t	f	240272
6	130981	2008-09-09 15:01:57.515973+02	t	f	240273
6	130979	2008-09-09 15:01:57.515973+02	t	f	240271
6	241859	2008-09-09 15:01:57.515973+02	t	f	240059
6	148926	2008-09-09 15:01:57.515973+02	t	f	240057
6	241858	2008-09-09 15:01:57.515973+02	t	f	240058
6	17976	2008-09-09 15:01:57.515973+02	t	f	227292
6	142973	2008-09-09 15:01:57.515973+02	t	f	227294
6	18069	2008-09-09 15:01:57.515973+02	t	f	227293
6	135010	2008-09-09 15:01:57.515973+02	t	f	234543
6	135011	2008-09-09 15:01:57.515973+02	t	f	234544
6	135012	2008-09-09 15:01:57.515973+02	t	f	234545
6	25637	2008-09-09 15:01:57.515973+02	t	f	252362
6	25543	2008-09-09 15:01:57.515973+02	t	f	252361
6	25447	2008-09-09 15:01:57.515973+02	t	f	252360
6	41223	2008-09-09 15:01:57.515973+02	t	f	248940
6	41132	2008-09-09 15:01:57.515973+02	t	f	248939
6	148205	2008-09-09 15:01:57.515973+02	t	f	248941
6	149565	2008-09-09 15:01:57.515973+02	t	f	250245
6	149566	2008-09-09 15:01:57.515973+02	t	f	250246
6	149567	2008-09-09 15:01:57.515973+02	t	f	250247
6	137781	2008-09-09 15:01:57.515973+02	t	f	229311
6	137779	2008-09-09 15:01:57.515973+02	t	f	229309
6	137780	2008-09-09 15:01:57.515973+02	t	f	229310
6	147799	2008-09-09 15:01:57.515973+02	t	f	237709
6	147800	2008-09-09 15:01:57.515973+02	t	f	237710
6	147798	2008-09-09 15:01:57.515973+02	t	f	237708
6	127569	2008-09-09 15:01:57.515973+02	t	f	240419
6	127571	2008-09-09 15:01:57.515973+02	t	f	240421
6	127570	2008-09-09 15:01:57.515973+02	t	f	240420
6	35327	2008-09-09 15:01:57.515973+02	t	f	238171
6	216984	2008-09-09 15:01:57.515973+02	t	f	238173
6	109854	2008-09-09 15:01:57.515973+02	t	f	238172
6	17115	2008-09-09 15:01:57.515973+02	t	f	226774
6	17209	2008-09-09 15:01:57.515973+02	t	f	226775
6	215104	2008-09-09 15:01:57.515973+02	t	f	226776
6	127307	2008-09-09 15:01:57.515973+02	t	f	238015
6	29675	2008-09-09 15:01:57.515973+02	t	f	238014
6	127308	2008-09-09 15:01:57.515973+02	t	f	238016
6	127278	2008-09-09 15:01:57.515973+02	t	f	237645
6	127280	2008-09-09 15:01:57.515973+02	t	f	237647
6	127279	2008-09-09 15:01:57.515973+02	t	f	237646
6	128904	2008-09-09 15:01:57.515973+02	t	f	243104
6	128903	2008-09-09 15:01:57.515973+02	t	f	243103
6	128905	2008-09-09 15:01:57.515973+02	t	f	243105
6	23187	2008-09-09 15:01:57.515973+02	t	f	232536
6	22997	2008-09-09 15:01:57.515973+02	t	f	232534
6	23093	2008-09-09 15:01:57.515973+02	t	f	232535
6	123156	2008-09-09 15:01:57.515973+02	t	f	234696
6	123157	2008-09-09 15:01:57.515973+02	t	f	234697
6	123158	2008-09-09 15:01:57.515973+02	t	f	234698
6	138165	2008-09-09 15:01:57.515973+02	t	f	229324
6	138167	2008-09-09 15:01:57.515973+02	t	f	229326
6	138166	2008-09-09 15:01:57.515973+02	t	f	229325
6	219455	2008-09-09 15:01:57.515973+02	t	f	231351
6	219457	2008-09-09 15:01:57.515973+02	t	f	231353
6	219456	2008-09-09 15:01:57.515973+02	t	f	231352
6	129610	2008-09-09 15:01:57.515973+02	t	f	243325
6	129609	2008-09-09 15:01:57.515973+02	t	f	243324
6	42947	2008-09-09 15:01:57.515973+02	t	f	243323
6	217274	2008-09-09 15:01:57.515973+02	t	f	249829
6	141942	2008-09-09 15:01:57.515973+02	t	f	249828
6	217275	2008-09-09 15:01:57.515973+02	t	f	249830
6	144303	2008-09-09 15:01:57.515973+02	t	f	226803
6	20549	2008-09-09 15:01:57.515973+02	t	f	226802
6	20458	2008-09-09 15:01:57.515973+02	t	f	226801
6	148182	2008-09-09 15:01:57.515973+02	t	f	225052
6	148180	2008-09-09 15:01:57.515973+02	t	f	225050
6	148181	2008-09-09 15:01:57.515973+02	t	f	225051
6	131971	2008-09-09 15:01:57.515973+02	t	f	235010
6	131970	2008-09-09 15:01:57.515973+02	t	f	235009
6	131972	2008-09-09 15:01:57.515973+02	t	f	235011
6	141010	2008-09-09 15:01:57.515973+02	t	f	240492
6	141009	2008-09-09 15:01:57.515973+02	t	f	240491
6	141011	2008-09-09 15:01:57.515973+02	t	f	240493
6	34631	2008-09-09 15:01:57.515973+02	t	f	241549
6	131481	2008-09-09 15:01:57.515973+02	t	f	241551
6	34720	2008-09-09 15:01:57.515973+02	t	f	241550
6	129068	2008-09-09 15:01:57.515973+02	t	f	245962
6	129070	2008-09-09 15:01:57.515973+02	t	f	245964
6	129069	2008-09-09 15:01:57.515973+02	t	f	245963
6	123363	2008-09-09 15:01:57.515973+02	t	f	238514
6	123364	2008-09-09 15:01:57.515973+02	t	f	238515
6	123365	2008-09-09 15:01:57.515973+02	t	f	238516
6	44512	2008-09-09 15:01:57.515973+02	t	f	242342
6	131784	2008-09-09 15:01:57.515973+02	t	f	242343
6	131785	2008-09-09 15:01:57.515973+02	t	f	242344
6	127399	2008-09-09 15:01:57.515973+02	t	f	239010
6	127398	2008-09-09 15:01:57.515973+02	t	f	239009
6	127400	2008-09-09 15:01:57.515973+02	t	f	239011
6	263511	2008-09-09 15:01:57.515973+02	t	f	252539
6	263510	2008-09-09 15:01:57.515973+02	t	f	252538
6	263509	2008-09-09 15:01:57.515973+02	t	f	252537
6	138336	2008-09-09 15:01:57.515973+02	t	f	229522
6	138335	2008-09-09 15:01:57.515973+02	t	f	229521
6	138337	2008-09-09 15:01:57.515973+02	t	f	229523
6	264779	2008-09-09 15:01:57.515973+02	t	f	252250
6	264778	2008-09-09 15:01:57.515973+02	t	f	252249
6	264780	2008-09-09 15:01:57.515973+02	t	f	252251
6	133104	2008-09-09 15:01:57.515973+02	t	f	237153
6	133103	2008-09-09 15:01:57.515973+02	t	f	237152
6	28292	2008-09-09 15:01:57.515973+02	t	f	237151
6	123297	2008-09-09 15:01:57.515973+02	t	f	237836
6	29474	2008-09-09 15:01:57.515973+02	t	f	237835
6	29382	2008-09-09 15:01:57.515973+02	t	f	237834
6	23793	2008-09-09 15:01:57.515973+02	t	f	234549
6	134811	2008-09-09 15:01:57.515973+02	t	f	234550
6	134812	2008-09-09 15:01:57.515973+02	t	f	234551
6	108570	2008-09-09 15:01:57.515973+02	t	f	226871
6	108569	2008-09-09 15:01:57.515973+02	t	f	226870
6	108571	2008-09-09 15:01:57.515973+02	t	f	226872
6	140356	2008-09-09 15:01:57.515973+02	t	f	234599
6	140354	2008-09-09 15:01:57.515973+02	t	f	234597
6	140355	2008-09-09 15:01:57.515973+02	t	f	234598
6	130119	2008-09-09 15:01:57.515973+02	t	f	244853
6	130121	2008-09-09 15:01:57.515973+02	t	f	244855
6	130120	2008-09-09 15:01:57.515973+02	t	f	244854
6	145227	2008-09-09 15:01:57.515973+02	t	f	226142
6	145228	2008-09-09 15:01:57.515973+02	t	f	226143
6	16202	2008-09-09 15:01:57.515973+02	t	f	226141
6	129461	2008-09-09 15:01:57.515973+02	t	f	245805
6	129460	2008-09-09 15:01:57.515973+02	t	f	245804
6	129459	2008-09-09 15:01:57.515973+02	t	f	245803
6	135156	2008-09-09 15:01:57.515973+02	t	f	234641
6	24672	2008-09-09 15:01:57.515973+02	t	f	234639
6	24764	2008-09-09 15:01:57.515973+02	t	f	234640
6	108929	2008-09-09 15:01:57.515973+02	t	f	232761
6	108930	2008-09-09 15:01:57.515973+02	t	f	232762
6	135186	2008-09-09 15:01:57.515973+02	t	f	232763
6	122582	2008-09-09 15:01:57.515973+02	t	f	230009
6	122580	2008-09-09 15:01:57.515973+02	t	f	230007
6	122581	2008-09-09 15:01:57.515973+02	t	f	230008
6	5907	2008-09-09 15:01:57.515973+02	t	f	226707
6	116247	2008-09-09 15:01:57.515973+02	t	f	226709
6	6002	2008-09-09 15:01:57.515973+02	t	f	226708
6	149012	2008-09-09 15:01:57.515973+02	t	f	241563
6	149011	2008-09-09 15:01:57.515973+02	t	f	241562
6	149010	2008-09-09 15:01:57.515973+02	t	f	241561
6	272047	2008-09-09 15:01:57.515973+02	t	f	252474
6	272049	2008-09-09 15:01:57.515973+02	t	f	252476
6	272048	2008-09-09 15:01:57.515973+02	t	f	252475
6	134795	2008-09-09 15:01:57.515973+02	t	f	233809
6	23959	2008-09-09 15:01:57.515973+02	t	f	233808
6	23866	2008-09-09 15:01:57.515973+02	t	f	233807
6	126964	2008-09-09 15:01:57.515973+02	t	f	235030
6	126966	2008-09-09 15:01:57.515973+02	t	f	235032
6	126965	2008-09-09 15:01:57.515973+02	t	f	235031
6	127184	2008-09-09 15:01:57.515973+02	t	f	236148
6	127185	2008-09-09 15:01:57.515973+02	t	f	236149
6	127186	2008-09-09 15:01:57.515973+02	t	f	236150
6	219495	2008-09-09 15:01:57.515973+02	t	f	236084
6	219496	2008-09-09 15:01:57.515973+02	t	f	236085
6	219497	2008-09-09 15:01:57.515973+02	t	f	236086
6	128731	2008-09-09 15:01:57.515973+02	t	f	242913
6	128732	2008-09-09 15:01:57.515973+02	t	f	242914
6	26072	2008-09-09 15:01:57.515973+02	t	f	242912
6	258986	2008-09-09 15:01:57.515973+02	t	f	250049
6	258985	2008-09-09 15:01:57.515973+02	t	f	250048
6	258984	2008-09-09 15:01:57.515973+02	t	f	250047
6	39151	2008-09-09 15:01:57.515973+02	t	f	245956
6	128011	2008-09-09 15:01:57.515973+02	t	f	245957
6	128012	2008-09-09 15:01:57.515973+02	t	f	245958
6	141328	2008-09-09 15:01:57.515973+02	t	f	243727
6	37278	2008-09-09 15:01:57.515973+02	t	f	243725
6	37371	2008-09-09 15:01:57.515973+02	t	f	243726
6	125041	2008-09-09 15:01:57.515973+02	t	f	235269
6	25464	2008-09-09 15:01:57.515973+02	t	f	235267
6	125040	2008-09-09 15:01:57.515973+02	t	f	235268
6	106595	2008-09-09 15:01:57.515973+02	t	f	225411
6	10621	2008-09-09 15:01:57.515973+02	t	f	225410
6	10527	2008-09-09 15:01:57.515973+02	t	f	225409
6	128696	2008-09-09 15:01:57.515973+02	t	f	248176
6	128694	2008-09-09 15:01:57.515973+02	t	f	248174
6	128695	2008-09-09 15:01:57.515973+02	t	f	248175
6	146812	2008-09-09 15:01:57.515973+02	t	f	225254
6	146813	2008-09-09 15:01:57.515973+02	t	f	225255
6	146811	2008-09-09 15:01:57.515973+02	t	f	225253
6	129603	2008-09-09 15:01:57.515973+02	t	f	247432
6	129604	2008-09-09 15:01:57.515973+02	t	f	247433
6	129605	2008-09-09 15:01:57.515973+02	t	f	247434
6	128355	2008-09-09 15:01:57.515973+02	t	f	248876
6	128357	2008-09-09 15:01:57.515973+02	t	f	248878
6	128356	2008-09-09 15:01:57.515973+02	t	f	248877
6	148892	2008-09-09 15:01:57.515973+02	t	f	239504
6	148891	2008-09-09 15:01:57.515973+02	t	f	239503
6	148890	2008-09-09 15:01:57.515973+02	t	f	239502
6	271954	2008-09-09 15:01:57.515973+02	t	f	252387
6	271956	2008-09-09 15:01:57.515973+02	t	f	252389
6	271955	2008-09-09 15:01:57.515973+02	t	f	252388
6	235637	2008-09-09 15:01:57.515973+02	t	f	236163
6	261202	2008-09-09 15:01:57.515973+02	t	f	236164
6	284793	2008-09-09 15:01:57.515973+02	t	f	236165
6	24380	2008-09-09 15:01:57.515973+02	t	f	234094
6	135043	2008-09-09 15:01:57.515973+02	t	f	234096
6	135042	2008-09-09 15:01:57.515973+02	t	f	234095
6	145464	2008-09-09 15:01:57.515973+02	t	f	226445
6	145463	2008-09-09 15:01:57.515973+02	t	f	226444
6	145462	2008-09-09 15:01:57.515973+02	t	f	226443
6	129512	2008-09-09 15:01:57.515973+02	t	f	246903
6	129511	2008-09-09 15:01:57.515973+02	t	f	246902
6	39433	2008-09-09 15:01:57.515973+02	t	f	246901
6	138682	2008-09-09 15:01:57.515973+02	t	f	229224
6	138681	2008-09-09 15:01:57.515973+02	t	f	229223
6	138680	2008-09-09 15:01:57.515973+02	t	f	229222
6	215916	2008-09-09 15:01:57.515973+02	t	f	227419
6	9184	2008-09-09 15:01:57.515973+02	t	f	227417
6	9276	2008-09-09 15:01:57.515973+02	t	f	227418
6	265824	2008-09-09 15:01:57.515973+02	t	f	255050
6	265822	2008-09-09 15:01:57.515973+02	t	f	255048
6	265823	2008-09-09 15:01:57.515973+02	t	f	255049
6	149019	2008-09-09 15:01:57.515973+02	t	f	241633
6	149021	2008-09-09 15:01:57.515973+02	t	f	241635
6	149020	2008-09-09 15:01:57.515973+02	t	f	241634
6	121870	2008-09-09 15:01:57.515973+02	t	f	237458
6	121871	2008-09-09 15:01:57.515973+02	t	f	237459
6	121872	2008-09-09 15:01:57.515973+02	t	f	237460
6	127637	2008-09-09 15:01:57.515973+02	t	f	240962
6	127639	2008-09-09 15:01:57.515973+02	t	f	240964
6	127638	2008-09-09 15:01:57.515973+02	t	f	240963
6	133971	2008-09-09 15:01:57.515973+02	t	f	232756
6	133972	2008-09-09 15:01:57.515973+02	t	f	232757
6	133970	2008-09-09 15:01:57.515973+02	t	f	232755
6	125166	2008-09-09 15:01:57.515973+02	t	f	235974
6	26622	2008-09-09 15:01:57.515973+02	f	f	235973
6	88452	2008-09-09 15:01:57.515973+02	t	f	235972
6	125167	2008-09-09 15:01:57.515973+02	t	f	235975
6	140470	2008-09-09 15:01:57.515973+02	t	f	235482
6	140471	2008-09-09 15:01:57.515973+02	t	f	235483
6	25763	2008-09-09 15:01:57.515973+02	t	f	235481
6	148812	2008-09-09 15:01:57.515973+02	t	f	237778
6	29333	2008-09-09 15:01:57.515973+02	t	f	237776
6	29428	2008-09-09 15:01:57.515973+02	t	f	237777
6	146829	2008-09-09 15:01:57.515973+02	t	f	225492
6	146830	2008-09-09 15:01:57.515973+02	t	f	225493
6	146828	2008-09-09 15:01:57.515973+02	t	f	225491
6	132445	2008-09-09 15:01:57.515973+02	t	f	237572
6	132447	2008-09-09 15:01:57.515973+02	t	f	237574
6	132446	2008-09-09 15:01:57.515973+02	t	f	237573
6	s24879	2008-11-21 13:12:46.267632+01	t	f	14074
6	s196191	2008-11-21 13:12:46.267632+01	t	f	5489
6	s223804	2008-11-21 13:12:46.267632+01	t	f	8360
6	s8688	2008-11-21 13:12:46.267632+01	t	f	8967
6	s8692	2008-11-21 13:12:46.267632+01	t	f	7064
6	s8695	2008-11-21 13:12:46.267632+01	t	f	7073
6	s5444	2008-11-21 13:12:46.267632+01	t	f	7941
6	s9465	2008-11-21 13:12:46.267632+01	t	f	9142
6	s9526	2008-11-21 13:12:46.267632+01	t	f	27050
6	s7018	2008-11-21 13:12:46.267632+01	t	f	18457
6	s6974	2008-11-21 13:12:46.267632+01	t	f	26978
6	s9198	2008-11-21 13:12:46.267632+01	t	f	9069
6	s8373	2008-11-21 13:12:46.267632+01	t	f	8914
6	s7128	2008-11-21 13:12:46.267632+01	t	f	18307
6	s9928	2008-11-21 13:12:46.267632+01	t	f	8543
6	s194651	2008-11-21 13:12:46.267632+01	t	f	27049
6	s52860	2008-11-21 13:12:46.267632+01	t	f	5510
6	s194539	2008-11-21 13:12:46.267632+01	t	f	26984
6	s8395	2008-11-21 13:12:46.267632+01	t	f	27010
6	s8824	2008-11-21 13:12:46.267632+01	t	f	27037
6	s1722	2008-11-21 13:12:46.267632+01	t	f	6617
6	s5708	2008-11-21 13:12:46.267632+01	t	f	17607
6	s50619	2008-11-21 13:12:46.267632+01	t	f	6240
6	s50281	2008-11-21 13:12:46.267632+01	t	f	6226
6	s10103	2008-11-21 13:12:46.267632+01	t	f	8576
6	s8345	2008-11-21 13:12:46.267632+01	t	f	8907
6	s5407	2008-11-21 13:12:46.267632+01	t	f	17733
6	s24526	2008-11-21 13:12:46.267632+01	t	f	13434
6	s9586	2008-11-21 13:12:46.267632+01	t	f	8394
6	s5953	2008-11-21 13:12:46.267632+01	t	f	17659
6	s6103	2008-11-21 13:12:46.267632+01	t	f	17677
6	s1590	2008-11-21 13:12:46.267632+01	t	f	19141
6	s26883	2008-11-21 13:12:46.267632+01	t	f	14323
6	s224193	2008-11-21 13:12:46.267632+01	t	f	19981
6	s26126	2008-11-21 13:12:46.267632+01	t	f	14220
6	s1369	2008-11-21 13:12:46.267632+01	t	f	19250
6	s223688	2008-11-21 13:12:46.267632+01	t	f	26934
6	s8765	2008-11-21 13:12:46.267632+01	t	f	8983
6	s224016	2008-11-21 13:12:46.267632+01	t	f	27016
6	s195182	2008-11-21 13:12:46.267632+01	t	f	19966
6	s27001	2008-09-09 15:01:57.515973+02	t	f	918
6	s6079	2008-11-21 13:12:46.267632+01	t	f	8352
6	s223800	2008-11-21 13:12:46.267632+01	t	f	8350
6	s9819	2008-11-21 13:12:46.267632+01	t	f	7951
6	s48729	2008-11-21 13:12:46.267632+01	t	f	18918
6	s25938	2008-11-21 13:12:46.267632+01	t	f	14195
6	s25431	2008-11-21 13:12:46.267632+01	t	f	8078
6	s26976	2008-11-21 13:12:46.267632+01	t	f	6310
6	s9735	2008-11-21 13:12:46.267632+01	t	f	7958
6	s49543	2008-11-21 13:12:46.267632+01	t	f	18926
6	s25015	2008-11-21 13:12:46.267632+01	t	f	8075
6	s24556	2008-11-21 13:12:46.267632+01	t	f	19912
6	s49690	2008-11-21 13:12:46.267632+01	t	f	6192
6	s196126	2008-11-21 13:12:46.267632+01	t	f	5459
6	s5706	2008-11-21 13:12:46.267632+01	t	f	26939
6	s7492	2008-11-21 13:12:46.267632+01	t	f	18367
6	s9929	2008-11-21 13:12:46.267632+01	t	f	24542
6	s1723	2008-11-21 13:12:46.267632+01	t	f	9632
6	s8232	2008-11-21 13:12:46.267632+01	t	f	28223
6	s5774	2008-11-21 13:12:46.267632+01	t	f	28145
6	s6080	2008-11-21 13:12:46.267632+01	t	f	10587
6	s223805	2008-11-21 13:12:46.267632+01	t	f	10595
6	s8112	2008-11-21 13:12:46.267632+01	t	f	8850
6	s25016	2008-11-21 13:12:46.267632+01	t	f	11509
6	s9197	2008-11-21 13:12:46.267632+01	t	f	24632
6	s9260	2008-11-21 13:12:46.267632+01	t	f	24648
6	s5709	2008-11-21 13:12:46.267632+01	t	f	25364
6	s8825	2008-11-21 13:12:46.267632+01	t	f	28244
6	s24555	2008-11-21 13:12:46.267632+01	t	f	27188
6	s224111	2008-11-21 13:12:46.267632+01	t	f	24704
6	s51371	2008-11-21 13:12:46.267632+01	t	f	5463
6	s6101	2008-11-21 13:12:46.267632+01	t	f	25433
6	s26125	2008-11-21 13:12:46.267632+01	t	f	16631
6	s8767	2008-11-21 13:12:46.267632+01	t	f	24896
6	s49692	2008-11-21 13:12:46.267632+01	t	f	11922
6	s8344	2008-11-21 13:12:46.267632+01	t	f	24820
6	s25937	2008-11-21 13:12:46.267632+01	t	f	16605
6	s24877	2008-11-21 13:12:46.267632+01	t	f	16061
6	s9820	2008-11-21 13:12:46.267632+01	t	f	11730
6	s6071	2008-11-21 13:12:46.267632+01	t	f	10585
6	s25149	2008-11-21 13:12:46.267632+01	t	f	14105
6	s576	2008-09-09 15:01:57.515973+02	t	f	304
6	s17611	2008-11-21 13:12:46.267632+01	t	f	14376
6	s882	2008-11-21 13:12:46.267632+01	t	f	15672
\.


--
-- Data for Name: pooled_supplier_molecule_design; Type: TABLE DATA; Schema: public; Owner: gathmann
--

COPY pooled_supplier_molecule_design (supplier_molecule_design_id, molecule_design_set_id) FROM stdin;
\.


--
-- Name: primer_pair_primer_pair_id_seq; Type: SEQUENCE SET; Schema: public; Owner: postgres
--

SELECT pg_catalog.setval('primer_pair_primer_pair_id_seq', 1, false);


--
-- Data for Name: primer_validation; Type: TABLE DATA; Schema: public; Owner: postgres
--

COPY primer_validation (primer_pair_id, cell_line_id, result, db_user_id, project_id) FROM stdin;
\.


--
-- Data for Name: printer; Type: TABLE DATA; Schema: public; Owner: postgres
--

COPY printer (device_id, queue_name) FROM stdin;
\.


--
-- Name: project_project_id_seq; Type: SEQUENCE SET; Schema: public; Owner: postgres
--

SELECT pg_catalog.setval('project_project_id_seq', 1, false);


--
-- Data for Name: rack_barcoded_location; Type: TABLE DATA; Schema: public; Owner: postgres
--

COPY rack_barcoded_location (rack_id, barcoded_location_id, checkin_date) FROM stdin;
\.


--
-- Data for Name: rack_barcoded_location_log; Type: TABLE DATA; Schema: public; Owner: postgres
--

COPY rack_barcoded_location_log (rack_id, barcoded_location_id, date) FROM stdin;
\.


--
-- Name: rack_layout_rack_layout_id_seq; Type: SEQUENCE SET; Schema: public; Owner: thelma
--

SELECT pg_catalog.setval('rack_layout_rack_layout_id_seq', 1, false);


--
-- Data for Name: rack_mask; Type: TABLE DATA; Schema: public; Owner: postgres
--

COPY rack_mask (number_rows, number_columns, name, label, description, rack_mask_id) FROM stdin;
\.


--
-- Data for Name: rack_mask_position; Type: TABLE DATA; Schema: public; Owner: postgres
--

COPY rack_mask_position (rack_mask_id, col, "row") FROM stdin;
\.


--
-- Name: rack_mask_rack_mask_id_seq; Type: SEQUENCE SET; Schema: public; Owner: postgres
--

SELECT pg_catalog.setval('rack_mask_rack_mask_id_seq', 1, false);


--
-- Data for Name: rack_position_block; Type: TABLE DATA; Schema: public; Owner: postgres
--

COPY rack_position_block (rack_position_block_id, row_begin, row_end, column_begin, column_end) FROM stdin;
\.


--
-- Name: rack_position_block_rack_position_block_id_seq; Type: SEQUENCE SET; Schema: public; Owner: postgres
--

SELECT pg_catalog.setval('rack_position_block_rack_position_block_id_seq', 1, false);


--
-- Name: rack_position_rack_position_id_seq; Type: SEQUENCE SET; Schema: public; Owner: berger
--

SELECT pg_catalog.setval('rack_position_rack_position_id_seq', 1, false);


--
-- Data for Name: rack_position_set; Type: TABLE DATA; Schema: public; Owner: thelma
--

COPY rack_position_set (rack_position_set_id, hash_value) FROM stdin;
\.


--
-- Data for Name: rack_position_set_member; Type: TABLE DATA; Schema: public; Owner: thelma
--

COPY rack_position_set_member (rack_position_set_id, rack_position_id) FROM stdin;
\.


--
-- Name: rack_position_set_rack_position_set_id_seq; Type: SEQUENCE SET; Schema: public; Owner: thelma
--

SELECT pg_catalog.setval('rack_position_set_rack_position_set_id_seq', 1, false);


--
-- Name: rack_rack_id_seq; Type: SEQUENCE SET; Schema: public; Owner: postgres
--

SELECT pg_catalog.setval('rack_rack_id_seq', 1, false);


--
-- Data for Name: rack_specs_container_specs; Type: TABLE DATA; Schema: public; Owner: postgres
--

COPY rack_specs_container_specs (rack_specs_id, container_specs_id) FROM stdin;
26	25
29	26
1	1
4	6
4	7
4	8
8	7
8	8
5	8
10	10
9	9
9	10
13	13
14	14
12	12
11	11
17	17
7	5
6	4
24	23
2	2
16	16
15	15
20	19
21	20
22	21
23	22
3	3
30	27
31	28
\.


--
-- Name: rack_specs_rack_specs_id_seq; Type: SEQUENCE SET; Schema: public; Owner: postgres
--

SELECT pg_catalog.setval('rack_specs_rack_specs_id_seq', 1, false);


--
-- Data for Name: readout_type; Type: TABLE DATA; Schema: public; Owner: postgres
--

COPY readout_type (readout_type_id, name, label) FROM stdin;
\.


--
-- Name: readout_type_readout_type_id_seq; Type: SEQUENCE SET; Schema: public; Owner: postgres
--

SELECT pg_catalog.setval('readout_type_readout_type_id_seq', 1, false);


--
-- Data for Name: rearrayed_containers; Type: TABLE DATA; Schema: public; Owner: postgres
--

COPY rearrayed_containers (source_container_id, destination_container_id, destination_sample_set_id, transfer_volume) FROM stdin;
\.


--
-- Data for Name: refseq_gene; Type: TABLE DATA; Schema: public; Owner: berger
--

COPY refseq_gene (gene_id, accession, locus_name, species_id) FROM stdin;
58241	10868	USP20	1
40735	10845	CLPX	1
37108	23621	BACE1	1
38371	10013	HDAC6	1
58283	27294	DHDH	1
67388	10692	RRH	1
42853	10501	SEMA6B	1
35361	27239	GPR162	1
36464	9563	H6PD	1
55760	9588	PRDX6	1
42776	81035	COLEC12	1
67222	51377	UCHL5	1
44953	65125	WNK1	1
65527	51755	CDK12	1
58987	51231	VRK3	1
65079	51232	CRIM1	1
113073	57522	SRGAP1	1
67965	57396	CLK4	1
41471	1280	COL2A1	1
37640	468	ATF4	1
41161	351	APP	1
38885	2081	ERN1	1
32139	3485	IGFBP2	1
34100	2247	FGF2	1
37254	394	ARHGAP5	1
40057	1796	DOK1	1
69305	3099	HK2	1
61111	47	ACLY	1
49686	3911	LAMA5	1
51057	2857	GPR34	1
52918	2744	GLS	1
63435	2339	FNTA	1
60852	2634	GBP2	1
66363	54963	UCKL1	1
42104	51384	WNT16	1
44096	56164	STK31	1
38684	10746	MAP3K2	1
1125942	101930123	LOC101930123	1
53790	29904	EEF2K	1
36642	1880	GPR183	1
41127	2798	GNRHR	1
37411	285	ANGPT2	1
61127	31	ACACA	1
37914	8823	FGF16	1
40158	2886	GRB7	1
37950	2261	FGFR3	1
61105	5879	RAC1	1
51415	3352	HTR1D	1
61805	3685	ITGAV	1
65112	9641	IKBKE	1
48499	2194	FASN	1
36423	9472	AKAP6	1
35542	999	CDH1	1
53832	5747	PTK2	1
55066	57147	SCYL3	1
52519	7345	UCHL1	1
38798	1018	CDK3	1
38915	10475	TRIM38	1
43473	1019	CDK4	1
36763	3381	IBSP	1
62812	8858	PROZ	1
56335	5315	PKM	1
51354	51719	CAB39	1
36207	3576	CXCL8	1
40592	6375	XCL1	1
43514	6129	RPL7	1
47728	115701	ALPK2	1
48779	1520	CTSS	1
39664	5163	PDK1	1
63925	3428	IFI16	1
44069	23521	RPL13A	1
39662	5128	CDK17	1
64609	5054	SERPINE1	1
57048	283629	TSSK4	1
43565	23370	ARHGEF18	1
62271	2869	GRK5	1
66635	28985	MCTS1	1
62938	5260	PHKG1	1
38422	6865	TACR2	1
39436	6280	S100A9	1
35988	3832	KIF11	1
51899	65977	PLEKHA3	1
67941	4792	NFKBIA	1
33728	10360	NPM3	1
57311	10114	HIPK3	1
37764	2645	GCK	1
64442	3458	IFNG	1
49010	11012	KLK11	1
56552	5269	SERPINB6	1
91053	20719	Serpinb6a	3
71565	20708	Serpinb6b	3
38185	8506	CNTNAP1	1
206997	344022	NOTO	1
40703	3337	DNAJB1	1
122166	79956	ERMP1	1
54575	124935	SLC43A2	1
109512	29464	Slc6a6	5
64008	6533	SLC6A6	1
94776	21366	Slc6a6	3
67551	10479	SLC9A6	1
83304	236794	Slc9a6	3
65941	22797	TFEC	1
43160	55869	HDAC8	1
56575	10988	METAP2	1
104823	64370	Metap2	5
229655	498869	RGD1560341	5
57835	56605	ERO1LB	1
188909	27324	TOX3	1
205763	291908	Tox3	5
83531	244579	Tox3	3
35371	27288	RBMXL2	1
65359	55893	ZNF395	1
65040	7827	NPHS2	1
42239	56659	KCNK13	1
37992	8728	ADAM19	1
40346	7169	TPM2	1
38132	8633	UNC5C	1
111657	362049	Unc5c	5
98256	22253	Unc5c	3
44760	8073	PTP4A2	1
103043	85237	Ptp4a2	5
87937	19244	Ptp4a2	3
247699	622019	Gm11780	3
47839	63976	PRDM16	1
47565	81490	PTDSS2	1
89537	27388	Ptdss2	3
63990	5498	PPOX	1
113170	71599	Senp8	3
63501	123228	SENP8	1
182284	315723	Senp8	5
41985	81631	MAP1LC3B	1
308110	643246	MAP1LC3B2	1
48659	59285	CACNG6	1
48311	116844	LRG1	1
41181	79412	KREMEN2	1
68077	89884	LHX4	1
71244	16872	Lhx4	3
60338	8120	AP3B2	1
197375	308777	Ap3b2	5
64250	8677	STX10	1
34006	6445	SGCG	1
64500	7047	TGM4	1
51718	5236	PGM1	1
67557	6484	ST3GAL4	1
34910	5250	SLC25A3	1
35747	1870	E2F2	1
67190	55207	ARL8B	1
185305	500282	Arl8b	5
88549	67166	Arl8b	3
46664	9837	GINS1	1
57710	197358	NLRC3	1
95818	13131	Dab1	3
108120	266729	Dab1	5
59734	1600	DAB1	1
68684	51251	NT5C3A	1
33990	2877	GPX2	1
108971	29326	Gpx2	5
36431	9493	KIF23	1
53129	23474	ETHE1	1
45121	79829	NAA40	1
208575	361718	Naa40	5
51688	79731	NARS2	1
36599	1572	CYP2F1	1
34216	1610	DAO	1
50233	10559	SLC35A1	1
43386	117246	FTSJ3	1
61445	5881	RAC3	1
34044	3274	HRH2	1
63543	6760	SS18	1
67854	56980	PRDM10	1
101661	382066	Prdm10	3
232846	500964	Prdm10	5
48131	79676	OGFOD2	1
40667	4207	MEF2BNB-MEF2B	1
1048590	100271849	MEF2B	1
52501	6697	SPR	1
57062	319100	TAAR6	1
50203	25821	MTO1	1
46568	83416	FCRL5	1
48055	84667	HES7	1
198175	287423	Hes7	5
75850	84653	Hes7	3
57939	91977	MYOZ3	1
65383	7572	ZNF24	1
38116	8600	TNFSF11	1
38220	8480	RAE1	1
40540	8544	PIR	1
121594	363465	Pir	5
118001	69656	Pir	3
34760	2916	GRM6	1
83729	108072	Grm6	3
107742	170919	Agpat4	5
77649	68262	Agpat4	3
67812	56895	AGPAT4	1
35261	5172	SLC26A4	1
51017	5874	RAB27B	1
61361	5870	RAB6A	1
230197	84379	Rab6a	5
88785	19346	Rab6a	3
58859	5764	PTN	1
39787	4308	TRPM1	1
50215	165545	DQX1	1
59048	54925	ZSCAN32	1
51755	6785	ELOVL4	1
33950	3003	GZMK	1
110978	54398	Ppt2	5
43325	9374	PPT2	1
47666	84733	CBX2	1
198510	303730	Cbx2	5
87761	12416	Cbx2	3
52483	7791	ZYX	1
121849	440068	CARD17	1
43536	2649	NR6A1	1
42326	51564	HDAC7	1
56439	8202	NCOA3	1
51636	3801	KIFC3	1
35440	109	ADCY3	1
111707	10794	ZNF460	1
60344	23431	AP4E1	1
33128	2998	GYS2	1
35792	1912	PHC2	1
95210	54383	Phc2	3
203298	313038	Phc2	5
57604	339500	ZNF678	1
52103	58491	ZNF71	1
65977	23417	MLYCD	1
66901	54221	SNTG2	1
33900	3270	HRC	1
60562	6249	CLIP1	1
38688	10898	CPSF4	1
59553	118424	UBE2J2	1
1147704	102725271	LOC102725271	1
60295	50863	NTM	1
203564	298340	Slc6a14	5
89649	56774	Slc6a14	3
65367	11254	SLC6A14	1
43227	3135	HLA-G	1
39381	6862	T	1
65483	11117	EMILIN1	1
50094	2208	FCER2	1
70269	19015	Ppard	3
110840	25682	Ppard	5
39064	5467	PPARD	1
34154	2026	ENO2	1
103487	24312	Dhfr	5
36145	1719	DHFR	1
66275	51015	ISOC1	1
63818	340273	ABCB5	1
36079	11159	RABL2A	1
33738	11158	RABL2B	1
67033	23543	RBFOX2	1
50226	54469	ZFAND6	1
105553	25096	Pld1	5
63477	5337	PLD1	1
111942	18805	Pld1	3
42426	8751	ADAM15	1
56902	285848	PNPLA1	1
56542	79586	CHPF	1
101983	213391	Rassf4	3
53303	83937	RASSF4	1
66596	54836	BSPRY	1
50303	51202	DDX47	1
35820	2110	ETFDH	1
47473	10913	EDAR	1
63196	3052	HCCS	1
43957	10590	SCGN	1
62963	10669	CGREF1	1
68939	1730	DIAPH2	1
33684	6329	SCN4A	1
35914	2267	FGL1	1
62961	912	CD1D	1
58951	10128	LRPPRC	1
68318	285203	EOGT	1
44859	79370	BCL2L14	1
117977	54625	PARP14	1
59838	2192	FBLN1	1
62551	26020	LRP10	1
33736	5831	PYCR1	1
62251	4255	MGMT	1
49742	5471	PPAT	1
67045	55218	EXD2	1
43009	56134	PCDHAC2	1
39771	212	ALAS2	1
57718	55193	PBRM1	1
61798	22865	SLITRK3	1
78863	102162	Taf5l	3
34842	27097	TAF5L	1
201032	307927	Taf5l	5
41749	3214	HOXB4	1
56842	284427	SLC25A41	1
34158	2109	ETFB	1
66025	2734	GLG1	1
33052	6477	SIAH1	1
65260	7391	USF1	1
43740	23090	ZNF423	1
52896	137902	PXDNL	1
48797	1438	CSF2RA	1
35294	5310	PKD1	1
49982	55288	RHOT1	1
34246	1386	ATF2	1
37202	10095	ARPC1B	1
64886	471	ATIC	1
58533	80778	ZNF34	1
35606	1337	COX6A1	1
43844	1009	CDH11	1
58257	11143	KAT7	1
57451	283349	RASSF3	1
34366	182	JAG1	1
58351	51602	NOP58	1
52932	55769	ZNF83	1
50307	51207	DUSP13	1
43943	7475	WNT6	1
67517	7745	ZKSCAN8	1
54749	7627	ZNF75A	1
41937	58480	RHOU	1
43229	8174	MADCAM1	1
91349	18817	Plk1	3
52930	5347	PLK1	1
65549	51118	UTP11L	1
217393	80853	KDM7A	1
359220	684297	Jhdm1d	5
66391	51503	CWC15	1
68425	92421	CHMP4C	1
65116	27018	NGFRAP1	1
120805	155435	RBM33	1
51059	84173	ELMOD3	1
45789	55917	CTTNBP2NL	1
35683	317	APAF1	1
51010	58529	MYOZ1	1
91893	59011	Myoz1	3
228957	498440	Myoz1	5
51041	149428	BNIPL	1
71908	67231	Tbc1d20	3
50038	128637	TBC1D20	1
57506	128338	DRAM2	1
184873	158358	KIAA2026	1
35486	663	BNIP2	1
112256	26005	C2CD3	1
193334	277939	C2cd3	3
35745	1856	DVL2	1
55012	201627	DENND6A	1
200019	306229	Fam116a	5
79289	211922	Dennd6a	3
58541	81565	NDEL1	1
107848	170845	Ndel1	5
113256	80725	SRCIN1	1
38622	5968	REG1B	1
42225	51654	CDK5RAP1	1
32977	54906	FAM208B	1
32649	285704	RGMB	1
112671	388325	SCIMP	1
36439	9522	SCAMP1	1
60310	58504	ARHGAP22	1
58551	81887	LAS1L	1
195823	296865	Las1l	5
82577	76130	Las1l	3
47233	64478	CSMD1	1
62718	4665	NAB2	1
68631	64102	TNMD	1
106020	64104	Tnmd	5
91927	64103	Tnmd	3
68518	57805	CCAR2	1
112052	219158	Ccar2	3
199921	306007	Ccar2	5
43577	115825	WDFY2	1
65132	26083	TBC1D29	1
51286	54206	ERRFI1	1
63390	9537	TP53I11	1
120893	23005	MAPKBP1	1
33458	118738	ZNF488	1
61918	359845	FAM101B	1
36086	4689	NCF4	1
55519	323	APBB2	1
49128	54765	TRIM44	1
45343	83538	TTC25	1
33354	84898	PLXDC2	1
46786	154796	AMOT	1
33298	65979	PHACTR4	1
47235	91662	NLRP12	1
47343	79628	SH3TC2	1
113114	64283	ARHGEF28	1
66278	9710	KIAA0355	1
188917	23363	OBSL1	1
61008	57110	HRASLS	1
50724	60626	RIC8A	1
65138	51660	MPC1	1
66273	4848	CNOT2	1
77566	72068	Cnot2	3
181688	299805	Cnot2	5
51903	51747	LUC7L3	1
60049	140730	RIMS4	1
60950	3021	H3F3B	1
54857	152404	IGSF11	1
51280	53358	SHC3	1
42989	26280	IL1RAPL2	1
49490	10100	TSPAN2	1
104133	64521	Tspan2	5
64832	4335	MNT	1
46413	84904	ARHGEF39	1
83421	241134	Nyap2	3
188833	57624	NYAP2	1
65825	51024	FIS1	1
33232	54790	TET2	1
45063	55529	TMEM55A	1
88703	72519	Tmem55a	3
185756	362490	Tmem55a	5
122071	55362	TMEM63B	1
210173	363197	Tmem63b	5
94670	224807	Tmem63b	3
65665	114327	EFHC1	1
299387	645836	USP17L3	1
112586	377630	USP17L2	1
117216	401447	USP17L1P	1
216046	392188	USP17L8	1
1125061	101930650	LOC101930650	1
216048	392197	USP17L7	1
1066527	100287327	USP17L17	1
1066439	100287238	USP17L13	1
308954	645402	USP17L4	1
1066406	100287205	USP17L12	1
1066379	100287178	USP17L11	1
1066345	100287144	USP17L10	1
312837	728419	USP17L30	1
312823	728405	USP17L29	1
312818	728400	USP17L28	1
312811	728393	USP17L27	1
312804	728386	USP17L5	1
312797	728379	USP17L26	1
312791	728373	USP17L25	1
312787	728369	USP17L24	1
1066564	100287364	USP17L18	1
1066604	100287404	USP17L19	1
1066641	100287441	USP17L20	1
1066678	100287478	USP17L21	1
1066713	100287513	USP17L22	1
1067707	100288520	USP17L15	1
32551	154743	C7orf60	1
51947	124790	HEXIM2	1
66757	54923	LIME1	1
34416	1122	CHML	1
43700	261734	NPHP4	1
35308	800	CALD1	1
55084	221178	SPATA13	1
32727	285464	CRIPAK	1
47295	79893	GGNBP2	1
189173	56252	YLPM1	1
244619	55559	HAUS7	1
51859	51247	PAIP2	1
184035	361309	Paip2	5
74905	67869	Paip2	3
60759	3638	INSIG1	1
68182	200958	MUC20	1
36343	9381	OTOF	1
43713	6160	RPL31	1
217092	342184	FMN1	1
70815	14260	Fmn1	3
45927	84945	ABHD13	1
42668	57580	PREX1	1
47787	84249	PSD2	1
86693	74002	Psd2	3
200742	307500	Psd2	5
65060	26277	TINF2	1
67126	55296	TBC1D19	1
194462	289657	Tbc1d19	5
92623	67249	Tbc1d19	3
50550	55028	C17orf80	1
47341	60370	AVPI1	1
41805	1302	COL11A2	1
51310	57698	KIAA1598	1
49120	25984	KRT23	1
121651	387264	KRTAP5-1	1
62451	2867	FFAR2	1
38405	4223	MEOX2	1
61993	4224	MEP1A	1
64260	4225	MEP1B	1
37918	2538	G6PC	1
111294	29410	Neurog1	5
61040	4762	NEUROG1	1
49211	4799	NFX1	1
68600	3344	FOXN2	1
46566	3306	HSPA2	1
37055	4640	MYO1A	1
34731	4074	M6PR	1
34594	3423	IDS	1
96807	15931	Ids	3
236847	363513	Ids	5
44851	5013	OTX1	1
52993	4793	NFKBIB	1
117152	390792	KRT39	1
40955	3316	HSPB2	1
40665	4086	SMAD1	1
62570	4299	AFF1	1
64186	477	ATP1A2	1
34030	2673	GFPT1	1
112520	339896	GADL1	1
112511	337876	CHSY3	1
63921	5096	PCCB	1
40631	4063	LY9	1
63707	2524	FUT2	1
38036	25806	VAX2	1
34870	4829	NMBR	1
63656	2804	GOLGB1	1
62235	2875	GPT	1
196178	299012	Arhgap5	5
95720	11855	Arhgap5	3
67736	30001	ERO1L	1
50896	51162	EGFL7	1
87080	207181	Rbms3	3
35412	27303	RBMS3	1
37377	288	ANK3	1
34022	2623	GATA1	1
33716	4261	CIITA	1
37015	4005	LMO2	1
66820	29950	SERTAD1	1
65751	50487	PLA2G3	1
57771	2865	FFAR3	1
64422	2862	MLNR	1
35134	4952	OCRL	1
54333	256051	ZNF549	1
55479	27164	SALL3	1
33938	26469	PTPN18	1
42975	43849	KLK12	1
64932	4907	NT5E	1
36995	284217	LAMA1	1
60172	26051	PPP1R16B	1
84090	228852	Ppp1r16b	3
52684	25822	DNAJB5	1
57580	284525	SLC9C2	1
108693	311169	Rtn4rl2	5
101105	269295	Rtn4rl2	3
57638	349667	RTN4RL2	1
64226	2672	GFI1	1
34434	3655	ITGA6	1
58049	2705	GJB1	1
61033	3934	LCN2	1
44728	4670	HNRNPM	1
62022	348932	SLC6A18	1
211215	364910	Sall3	5
111991	20689	Sall3	3
65377	26137	ZBTB20	1
40480	369	ARAF	1
40256	9212	AURKB	1
187158	107476	Acaca	3
\.


--
-- Data for Name: refseq_update_species; Type: TABLE DATA; Schema: public; Owner: postgres
--

COPY refseq_update_species (species_id) FROM stdin;
\.


--
-- Data for Name: release_gene; Type: TABLE DATA; Schema: public; Owner: walsh
--

COPY release_gene (release_gene_id, db_release_id, gene_id) FROM stdin;
\.


--
-- Name: release_gene2annotation_release_gene2annotation_id_seq; Type: SEQUENCE SET; Schema: public; Owner: postgres
--

SELECT pg_catalog.setval('release_gene2annotation_release_gene2annotation_id_seq', 1, false);


--
-- Name: release_gene_release_gene_id_seq; Type: SEQUENCE SET; Schema: public; Owner: walsh
--

SELECT pg_catalog.setval('release_gene_release_gene_id_seq', 1, false);


--
-- Data for Name: release_gene_transcript; Type: TABLE DATA; Schema: public; Owner: postgres
--

COPY release_gene_transcript (gene_id, transcript_id, db_release_id, species_id) FROM stdin;
\.


--
-- Name: release_sirna_transcript_target_release_sirna_transcript_target; Type: SEQUENCE SET; Schema: public; Owner: postgres
--

SELECT pg_catalog.setval('release_sirna_transcript_target_release_sirna_transcript_target', 1, false);


--
-- Data for Name: release_versioned_transcript; Type: TABLE DATA; Schema: public; Owner: postgres
--

COPY release_versioned_transcript (db_release_id, versioned_transcript_id) FROM stdin;
\.


--
-- Data for Name: replaced_gene; Type: TABLE DATA; Schema: public; Owner: postgres
--

COPY replaced_gene (replaced_gene_id, replacement_gene_id, db_release_id) FROM stdin;
\.


--
-- Data for Name: replaced_transcript; Type: TABLE DATA; Schema: public; Owner: postgres
--

COPY replaced_transcript (replaced_transcript_id, replacement_transcript_id, db_release_id) FROM stdin;
\.


--
-- Name: reservoir_specs_reservoir_specs_id_seq; Type: SEQUENCE SET; Schema: public; Owner: thelma
--

SELECT pg_catalog.setval('reservoir_specs_reservoir_specs_id_seq', 1, false);


--
-- Data for Name: rnai_experiment; Type: TABLE DATA; Schema: public; Owner: postgres
--

COPY rnai_experiment (job_id, number_replicates) FROM stdin;
\.


--
-- Name: rnai_experiment_job_id_seq; Type: SEQUENCE SET; Schema: public; Owner: postgres
--

SELECT pg_catalog.setval('rnai_experiment_job_id_seq', 1, false);


--
-- Name: rnai_experiment_rnai_experiment_id_seq; Type: SEQUENCE SET; Schema: public; Owner: postgres
--

SELECT pg_catalog.setval('rnai_experiment_rnai_experiment_id_seq', 307, false);


--
-- Data for Name: sample; Type: TABLE DATA; Schema: public; Owner: postgres
--

COPY sample (sample_id, container_id, volume, sample_type) FROM stdin;
1098350	1951037	0.000230000000000000007	STOCK
1098390	1951077	0.000230000000000000007	STOCK
1098135	1950822	0.000230000000000000007	STOCK
1098423	1951110	0.000230000000000000007	STOCK
1098419	1951106	0.000230000000000000007	STOCK
1098259	1950946	0.000230000000000000007	STOCK
1098263	1950950	0.000230000000000000007	STOCK
1098119	1950806	0.000230000000000000007	STOCK
1098083	1950770	0.000230000000000000007	STOCK
1098081	1950768	0.000230000000000000007	STOCK
1098303	1950990	0.000230000000000000007	STOCK
1098301	1950988	0.000230000000000000007	STOCK
1098421	1951108	0.000230000000000000007	STOCK
1098392	1951079	0.000230000000000000007	STOCK
1098354	1951041	0.000230000000000000007	STOCK
1098299	1950986	0.000230000000000000007	STOCK
1098121	1950808	0.000230000000000000007	STOCK
1098123	1950810	0.000230000000000000007	STOCK
1098265	1950952	0.000230000000000000007	STOCK
1098356	1951043	0.000230000000000000007	STOCK
1098079	1950766	0.000230000000000000007	STOCK
1098307	1950994	0.000230000000000000007	STOCK
1098305	1950992	0.000230000000000000007	STOCK
1097832	1950519	0.000230000000000000007	STOCK
1097836	1950523	0.000230000000000000007	STOCK
705417	1256025	0.000178999999999999987	STOCK
608227	919282	0.000270000000000000003	STOCK
1097828	1950515	0.000230000000000000007	STOCK
1098362	1951049	0.000230000000000000007	STOCK
1098360	1951047	0.000230000000000000007	STOCK
1098394	1951081	0.000230000000000000007	STOCK
1098396	1951083	0.000230000000000000007	STOCK
1098364	1951051	0.000230000000000000007	STOCK
1098366	1951053	0.000230000000000000007	STOCK
705426	1256034	0.000178999999999999987	STOCK
1098314	1951001	0.000230000000000000007	STOCK
1098312	1950999	0.000230000000000000007	STOCK
705447	1256055	0.000199000000000000012	STOCK
1098402	1951089	0.000230000000000000007	STOCK
1098398	1951085	0.000230000000000000007	STOCK
608184	919239	0.000270000000000000003	STOCK
705423	1256031	0.000178999999999999987	STOCK
1418283	2495902	0.000339360234071000026	STOCK
3430167	5847981	0.000100000000000000005	STOCK
3430171	5847985	4.83999999999999974e-05	STOCK
3430173	5847987	0.000100000000000000005	STOCK
1418310	2495929	0.000340378057924999988	STOCK
1418308	2495927	0.000359893618595000003	STOCK
3430174	5847988	0.000100000000000000005	STOCK
3430170	5847984	0.000100000000000000005	STOCK
3430169	5847983	0.000100000000000000005	STOCK
3430168	5847982	0.000100000000000000005	STOCK
3430172	5847986	6.49999999999999943e-05	STOCK
1418279	2495898	0.000330766409868999984	STOCK
1418339	2495958	0.000250098317164000009	STOCK
1418341	2495960	0.000245440238478999984	STOCK
1523642	2762610	6.00000000000000015e-06	STOCK
1418281	2495900	0.000311275678628000004	STOCK
1418337	2495956	0.000297292354873999977	STOCK
3349591	5667323	0.000195999999999999994	STOCK
3349404	5667135	0.000195999999999999994	STOCK
3349414	5667145	0.000195999999999999994	STOCK
3349447	5667178	0.000195999999999999994	STOCK
3349453	5667184	0.000195999999999999994	STOCK
3349468	5667200	0.000195999999999999994	STOCK
3349495	5667227	0.000195999999999999994	STOCK
3349434	5667165	0.000195999999999999994	STOCK
3349435	5667166	0.000195999999999999994	STOCK
3349511	5667243	0.000195999999999999994	STOCK
3349440	5667171	0.000195999999999999994	STOCK
3349578	5667310	0.000195999999999999994	STOCK
3349586	5667318	0.000195999999999999994	STOCK
3349415	5667146	0.00019000000000000001	STOCK
3349580	5667312	0.000195999999999999994	STOCK
3349381	5667112	0.00019000000000000001	STOCK
3349576	5667308	0.000195999999999999994	STOCK
3349368	5667099	0.000195999999999999994	STOCK
3349428	5667159	0.000195999999999999994	STOCK
3349402	5667133	0.000195999999999999994	STOCK
3349425	5667156	0.000195999999999999994	STOCK
3349371	5667102	0.000195999999999999994	STOCK
3349461	5667193	0.000195999999999999994	STOCK
3349443	5667174	0.000195999999999999994	STOCK
3349437	5667168	0.000195999999999999994	STOCK
3349382	5667113	0.000195999999999999994	STOCK
3349487	5667219	0.000195999999999999994	STOCK
3349400	5667131	0.000195999999999999994	STOCK
3349480	5667212	0.000195999999999999994	STOCK
3349375	5667106	0.000193000000000000002	STOCK
3349421	5667152	0.000195999999999999994	STOCK
3349420	5667151	0.000195999999999999994	STOCK
3349397	5667128	0.000195999999999999994	STOCK
3349590	5667322	0.00019000000000000001	STOCK
3349553	5667285	0.00019000000000000001	STOCK
3349549	5667281	0.00019000000000000001	STOCK
3349481	5667213	0.00019000000000000001	STOCK
3349430	5667161	0.00019000000000000001	STOCK
3349446	5667177	0.000191000000000000008	STOCK
3349457	5667188	0.000195999999999999994	STOCK
3349389	5667120	0.000191000000000000008	STOCK
3349376	5667107	0.000191000000000000008	STOCK
3349431	5667162	0.000195999999999999994	STOCK
3349399	5667130	0.000191000000000000008	STOCK
3349372	5667103	0.000195999999999999994	STOCK
3091075	5162216	4.75000000000000026e-05	STOCK
3349523	5667255	0.000195999999999999994	STOCK
3091082	5162223	6.34999999999999985e-05	STOCK
2971921	5006591	0.000189499999999999998	STOCK
1361657	2402864	0.000192000000000000005	STOCK
3349436	5667167	0.000191000000000000008	STOCK
3091057	5162198	7.89999999999999958e-05	STOCK
3093536	5168911	3.49999999999999969e-05	STOCK
3347286	5655657	0.00019000000000000001	STOCK
3349571	5667303	0.000197999999999999988	STOCK
1094473	1946829	0.000101000000000000002	STOCK
3196587	5374268	0.000189000000000000013	STOCK
3347384	5655755	0.000174000000000000001	STOCK
3237653	5453635	0.00020000000000000001	STOCK
3349467	5667199	0.000189000000000000013	STOCK
1087600	1931531	1.50000000000000004e-05	STOCK
3347371	5655742	0.000192000000000000005	STOCK
3318111	5587882	5.00000000000000024e-05	STOCK
2625865	4470560	9.45000000000000066e-05	STOCK
3258022	5484620	5.59999999999999992e-05	STOCK
3349377	5667108	0.000186999999999999992	STOCK
3349405	5667136	0.000189000000000000013	STOCK
3349492	5667224	0.000189000000000000013	STOCK
3318101	5587872	5.00000000000000024e-05	STOCK
3318104	5587875	5.00000000000000024e-05	STOCK
3318107	5587878	5.00000000000000024e-05	STOCK
3091081	5162222	7.25000000000000004e-05	STOCK
3091086	5162227	4.6e-05	STOCK
3091085	5162226	4.6e-05	STOCK
3318096	5587867	5.00000000000000024e-05	STOCK
3318097	5587868	5.00000000000000024e-05	STOCK
3347348	5655719	0.000175999999999999995	STOCK
3318098	5587869	5.00000000000000024e-05	STOCK
3318109	5587880	5.00000000000000024e-05	STOCK
3237668	5453650	0.00020000000000000001	STOCK
3349584	5667316	0.000197999999999999988	STOCK
3347223	5655594	0.000171000000000000009	STOCK
3349366	5667097	0.000189000000000000013	STOCK
1087555	1931486	3.39999999999999997e-05	STOCK
2625817	4470512	1.29999999999999992e-05	STOCK
3347309	5655680	0.000185999999999999995	STOCK
3349556	5667288	0.000197999999999999988	STOCK
2140039	3800933	9.45000000000000066e-05	STOCK
1320698	2334657	6.89999999999999967e-05	STOCK
3434924	5870168	0.000196999999999999991	STOCK
3347331	5655702	0.000193000000000000002	STOCK
3434907	5870151	0.000196999999999999991	STOCK
3347375	5655746	0.000182000000000000006	STOCK
937671	1677089	6.29999999999999999e-05	STOCK
1365498	2414491	0.000162000000000000007	STOCK
3566557	5914452	3.94999999999999979e-05	STOCK
3566558	5914453	3.94999999999999979e-05	STOCK
3566559	5914454	3.94999999999999979e-05	STOCK
3566560	5914455	3.94999999999999979e-05	STOCK
3566563	5914458	3.94999999999999979e-05	STOCK
3566564	5914459	3.94999999999999979e-05	STOCK
3566565	5914460	3.94999999999999979e-05	STOCK
3566566	5914461	3.94999999999999979e-05	STOCK
3566567	5914462	3.94999999999999979e-05	STOCK
3566568	5914463	3.94999999999999979e-05	STOCK
3566569	5914464	3.94999999999999979e-05	STOCK
3566570	5914465	3.94999999999999979e-05	STOCK
3566572	5914467	3.94999999999999979e-05	STOCK
3566573	5914468	3.94999999999999979e-05	STOCK
3566574	5914469	3.94999999999999979e-05	STOCK
3566576	5914471	3.94999999999999979e-05	STOCK
3566577	5914472	3.94999999999999979e-05	STOCK
3566578	5914473	3.94999999999999979e-05	STOCK
3566579	5914474	3.94999999999999979e-05	STOCK
3566580	5914475	3.94999999999999979e-05	STOCK
3566581	5914476	3.94999999999999979e-05	STOCK
3566582	5914477	3.94999999999999979e-05	STOCK
3566583	5914478	3.94999999999999979e-05	STOCK
3566584	5914479	3.94999999999999979e-05	STOCK
3566585	5914480	3.94999999999999979e-05	STOCK
3566586	5914481	3.94999999999999979e-05	STOCK
3566587	5914482	3.94999999999999979e-05	STOCK
3566588	5914483	3.94999999999999979e-05	STOCK
3566589	5914484	3.94999999999999979e-05	STOCK
3566590	5914485	3.94999999999999979e-05	STOCK
3566591	5914486	3.94999999999999979e-05	STOCK
3566592	5914487	3.94999999999999979e-05	STOCK
3566593	5914488	3.94999999999999979e-05	STOCK
3566594	5914489	3.94999999999999979e-05	STOCK
3566595	5914490	3.94999999999999979e-05	STOCK
3566596	5914491	3.94999999999999979e-05	STOCK
3566597	5914492	3.94999999999999979e-05	STOCK
3566598	5914493	3.94999999999999979e-05	STOCK
3566600	5914495	3.94999999999999979e-05	STOCK
3566601	5914496	3.94999999999999979e-05	STOCK
3566603	5914498	3.94999999999999979e-05	STOCK
3566604	5914499	3.94999999999999979e-05	STOCK
3566605	5914500	3.94999999999999979e-05	STOCK
3566606	5914501	3.94999999999999979e-05	STOCK
3566607	5914502	3.94999999999999979e-05	STOCK
3566608	5914503	3.94999999999999979e-05	STOCK
3566609	5914504	3.94999999999999979e-05	STOCK
3566610	5914505	3.94999999999999979e-05	STOCK
3566611	5914506	3.94999999999999979e-05	STOCK
3566612	5914507	3.94999999999999979e-05	STOCK
3566614	5914509	3.94999999999999979e-05	STOCK
3566616	5914511	3.94999999999999979e-05	STOCK
3566617	5914512	3.94999999999999979e-05	STOCK
3566618	5914513	3.94999999999999979e-05	STOCK
3566619	5914514	3.94999999999999979e-05	STOCK
3566621	5914516	3.94999999999999979e-05	STOCK
3566622	5914517	3.94999999999999979e-05	STOCK
3566623	5914518	3.94999999999999979e-05	STOCK
3566624	5914519	3.94999999999999979e-05	STOCK
3566625	5914520	3.94999999999999979e-05	STOCK
3566626	5914521	3.94999999999999979e-05	STOCK
3566628	5914523	3.94999999999999979e-05	STOCK
3566629	5914524	3.94999999999999979e-05	STOCK
3566752	5914647	3.94999999999999979e-05	STOCK
3566746	5914641	3.94999999999999979e-05	STOCK
3566703	5914598	3.94999999999999979e-05	STOCK
3566704	5914599	3.94999999999999979e-05	STOCK
3566706	5914601	3.94999999999999979e-05	STOCK
3566705	5914600	3.94999999999999979e-05	STOCK
3566701	5914596	3.94999999999999979e-05	STOCK
3566715	5914610	3.94999999999999979e-05	STOCK
3566695	5914590	3.94999999999999979e-05	STOCK
3566698	5914593	3.94999999999999979e-05	STOCK
3566697	5914592	3.94999999999999979e-05	STOCK
3566702	5914597	3.94999999999999979e-05	STOCK
3566699	5914594	3.94999999999999979e-05	STOCK
3566722	5914617	3.94999999999999979e-05	STOCK
3566708	5914603	3.94999999999999979e-05	STOCK
3566717	5914612	3.94999999999999979e-05	STOCK
3566733	5914628	3.94999999999999979e-05	STOCK
3566748	5914643	3.94999999999999979e-05	STOCK
3566753	5914648	3.94999999999999979e-05	STOCK
3566745	5914640	3.94999999999999979e-05	STOCK
3566742	5914637	3.94999999999999979e-05	STOCK
3566744	5914639	3.94999999999999979e-05	STOCK
3566741	5914636	3.94999999999999979e-05	STOCK
3566726	5914621	3.94999999999999979e-05	STOCK
3566740	5914635	3.94999999999999979e-05	STOCK
3566737	5914632	3.94999999999999979e-05	STOCK
3566728	5914623	3.94999999999999979e-05	STOCK
3566736	5914631	3.94999999999999979e-05	STOCK
3566731	5914626	3.94999999999999979e-05	STOCK
3566730	5914625	3.94999999999999979e-05	STOCK
3566734	5914629	3.94999999999999979e-05	STOCK
3566700	5914595	3.94999999999999979e-05	STOCK
3566735	5914630	3.94999999999999979e-05	STOCK
1137512	1990255	5.3999999999999998e-05	STOCK
1152143	2004886	5.3999999999999998e-05	STOCK
1132320	1985063	5.3999999999999998e-05	STOCK
1138312	1991055	5.3999999999999998e-05	STOCK
1130408	1983151	5.09999999999999996e-05	STOCK
1138870	1991613	5.30000000000000008e-05	STOCK
1138557	1991300	5.3999999999999998e-05	STOCK
1152140	2004883	5.3999999999999998e-05	STOCK
1131289	1984032	5.3999999999999998e-05	STOCK
1145082	1997825	5.3999999999999998e-05	STOCK
1142755	1995498	5.3999999999999998e-05	STOCK
3740430	6169746	1.69999999999999999e-05	STOCK
1142857	1995600	5.00000000000000024e-05	STOCK
3740418	6169734	1.69999999999999999e-05	STOCK
1138876	1991619	5.19999999999999968e-05	STOCK
1130932	1983675	5.3999999999999998e-05	STOCK
1138520	1991263	5.19999999999999968e-05	STOCK
1138195	1990938	5.30000000000000008e-05	STOCK
1137526	1990269	5.19999999999999968e-05	STOCK
1132023	1984766	5.19999999999999968e-05	STOCK
3740428	6169744	1.69999999999999999e-05	STOCK
1130886	1983629	5.3999999999999998e-05	STOCK
1140145	1992888	5.3999999999999998e-05	STOCK
1139498	1992241	5.09999999999999996e-05	STOCK
1137596	1990339	5.3999999999999998e-05	STOCK
1137348	1990091	5.3999999999999998e-05	STOCK
1142715	1995458	5.3999999999999998e-05	STOCK
1138318	1991061	5.3999999999999998e-05	STOCK
1142481	1995224	5.09999999999999996e-05	STOCK
1145225	1997968	5.3999999999999998e-05	STOCK
1145223	1997966	5.3999999999999998e-05	STOCK
1142904	1995647	4.30000000000000017e-05	STOCK
1131468	1984211	5.3999999999999998e-05	STOCK
1142776	1995519	5.3999999999999998e-05	STOCK
1144010	1996753	5.30000000000000008e-05	STOCK
1139265	1992008	5.09999999999999996e-05	STOCK
1159281	2012024	5.3999999999999998e-05	STOCK
1137928	1990671	5.3999999999999998e-05	STOCK
1137556	1990299	5.3999999999999998e-05	STOCK
1150732	2003475	5.30000000000000008e-05	STOCK
1138925	1991668	5.19999999999999968e-05	STOCK
1132176	1984919	5.3999999999999998e-05	STOCK
1133726	1986469	3.69999999999999981e-05	STOCK
1132081	1984824	5.30000000000000008e-05	STOCK
1137669	1990412	5.19999999999999968e-05	STOCK
1137138	1989881	5.19999999999999968e-05	STOCK
1144433	1997176	5.30000000000000008e-05	STOCK
1137660	1990403	5.30000000000000008e-05	STOCK
1137974	1990717	5.3999999999999998e-05	STOCK
1144988	1997731	5.3999999999999998e-05	STOCK
1143340	1996083	5.3999999999999998e-05	STOCK
1130874	1983617	5.3999999999999998e-05	STOCK
1142714	1995457	5.19999999999999968e-05	STOCK
1142542	1995285	5.30000000000000008e-05	STOCK
1132469	1985212	5.09999999999999996e-05	STOCK
1151991	2004734	5.3999999999999998e-05	STOCK
1145111	1997854	5.3999999999999998e-05	STOCK
1130544	1983287	5.3999999999999998e-05	STOCK
1142970	1995713	5.30000000000000008e-05	STOCK
1132946	1985689	5.19999999999999968e-05	STOCK
1136986	1989729	5.30000000000000008e-05	STOCK
1143121	1995864	5.30000000000000008e-05	STOCK
1133564	1986307	5.00999999999999981e-05	STOCK
1144217	1996960	5.19999999999999968e-05	STOCK
1144730	1997473	5.30000000000000008e-05	STOCK
1143098	1995841	5.30000000000000008e-05	STOCK
1144061	1996804	5.30000000000000008e-05	STOCK
1138507	1991250	5.30000000000000008e-05	STOCK
1130858	1983601	5.30000000000000008e-05	STOCK
1144427	1997170	5.00000000000000024e-05	STOCK
1137439	1990182	5.30000000000000008e-05	STOCK
1144930	1997673	5.3999999999999998e-05	STOCK
1132802	1985545	5.30000000000000008e-05	STOCK
1135461	1988204	5.30000000000000008e-05	STOCK
1135496	1988239	5.3999999999999998e-05	STOCK
1135492	1988235	5.3999999999999998e-05	STOCK
3740423	6169739	1.69999999999999999e-05	STOCK
1134904	1987647	5.3999999999999998e-05	STOCK
1140949	1993692	5.30000000000000008e-05	STOCK
1150288	2003031	5.19999999999999968e-05	STOCK
1140252	1992995	5.3999999999999998e-05	STOCK
1139866	1992609	5.19999999999999968e-05	STOCK
592875	833791	3.19999999999999986e-05	STOCK
596705	837621	4.00000000000000033e-05	STOCK
1365313	2414072	0.000196999999999999991	STOCK
1138903	1991646	5.19999999999999968e-05	STOCK
4239211	7272434	1.50000000000000004e-05	STOCK
4019875	6670284	1.34000000000000005e-05	STOCK
4019867	6670292	1.34000000000000005e-05	STOCK
4019862	6670297	1.34000000000000005e-05	STOCK
4019841	6670318	1.34000000000000005e-05	STOCK
4020103	6670440	1.34000000000000005e-05	STOCK
4020101	6670442	1.34000000000000005e-05	STOCK
4020099	6670444	1.34000000000000005e-05	STOCK
4019920	6670239	1.34000000000000005e-05	STOCK
4019919	6670240	1.34000000000000005e-05	STOCK
4020009	6670630	1.34000000000000005e-05	STOCK
4020064	6670479	1.34000000000000005e-05	STOCK
4020079	6670464	1.34000000000000005e-05	STOCK
4020037	6670506	1.34000000000000005e-05	STOCK
4019857	6670302	1.34000000000000005e-05	STOCK
4019893	6670266	1.34000000000000005e-05	STOCK
4020067	6670476	1.34000000000000005e-05	STOCK
4020073	6670470	1.34000000000000005e-05	STOCK
4020090	6670453	1.34000000000000005e-05	STOCK
4020089	6670454	1.34000000000000005e-05	STOCK
4020040	6670503	1.34000000000000005e-05	STOCK
4019908	6670251	1.34000000000000005e-05	STOCK
4019907	6670252	1.34000000000000005e-05	STOCK
4020050	6670493	1.34000000000000005e-05	STOCK
4020057	6670486	1.34000000000000005e-05	STOCK
4019926	6670233	1.34000000000000005e-05	STOCK
4019943	6670696	1.34000000000000005e-05	STOCK
4020118	6670425	1.34000000000000005e-05	STOCK
4019941	6670698	1.34000000000000005e-05	STOCK
4019948	6670691	1.34000000000000005e-05	STOCK
4019966	6670673	1.34000000000000005e-05	STOCK
4019967	6670672	1.34000000000000005e-05	STOCK
4020116	6670427	1.34000000000000005e-05	STOCK
4020027	6670516	1.34000000000000005e-05	STOCK
4020028	6670515	1.34000000000000005e-05	STOCK
4020030	6670513	1.34000000000000005e-05	STOCK
4020035	6670508	1.34000000000000005e-05	STOCK
4020008	6670631	1.34000000000000005e-05	STOCK
4020003	6670636	1.34000000000000005e-05	STOCK
4019969	6670670	1.34000000000000005e-05	STOCK
4019938	6670701	1.34000000000000005e-05	STOCK
4020108	6670435	1.34000000000000005e-05	STOCK
4020054	6670489	1.34000000000000005e-05	STOCK
4019872	6670287	1.34000000000000005e-05	STOCK
4020000	6670639	1.34000000000000005e-05	STOCK
4019978	6670661	1.34000000000000005e-05	STOCK
4019962	6670677	1.34000000000000005e-05	STOCK
4020083	6670460	1.34000000000000005e-05	STOCK
4020085	6670458	1.34000000000000005e-05	STOCK
4020113	6670430	1.34000000000000005e-05	STOCK
4020074	6670469	1.34000000000000005e-05	STOCK
4019845	6670314	1.34000000000000005e-05	STOCK
4019844	6670315	1.34000000000000005e-05	STOCK
4019848	6670311	1.34000000000000005e-05	STOCK
4019900	6670259	1.34000000000000005e-05	STOCK
4019899	6670260	1.34000000000000005e-05	STOCK
4019924	6670235	1.34000000000000005e-05	STOCK
4019949	6670690	1.34000000000000005e-05	STOCK
4019880	6670279	1.34000000000000005e-05	STOCK
4020049	6670494	1.34000000000000005e-05	STOCK
4019937	6670702	1.34000000000000005e-05	STOCK
4020070	6670473	1.34000000000000005e-05	STOCK
4019897	6670262	1.34000000000000005e-05	STOCK
4019885	6670274	1.34000000000000005e-05	STOCK
4019884	6670275	1.34000000000000005e-05	STOCK
4019883	6670276	1.34000000000000005e-05	STOCK
4019851	6670308	1.34000000000000005e-05	STOCK
4019825	6670142	1.34000000000000005e-05	STOCK
4019778	6670189	1.34000000000000005e-05	STOCK
4020087	6670456	1.34000000000000005e-05	STOCK
4020052	6670491	1.34000000000000005e-05	STOCK
4020051	6670492	1.34000000000000005e-05	STOCK
4020015	6670624	1.34000000000000005e-05	STOCK
4019913	6670246	1.34000000000000005e-05	STOCK
4020119	6670424	1.34000000000000005e-05	STOCK
4019981	6670658	1.34000000000000005e-05	STOCK
4019624	6670727	1.34000000000000005e-05	STOCK
4019574	6670777	1.34000000000000005e-05	STOCK
4020111	6670432	1.34000000000000005e-05	STOCK
4020082	6670461	1.34000000000000005e-05	STOCK
4019849	6670310	1.34000000000000005e-05	STOCK
4019760	6670207	1.34000000000000005e-05	STOCK
4019652	6670411	1.34000000000000005e-05	STOCK
4019856	6670303	1.34000000000000005e-05	STOCK
4020096	6670447	1.34000000000000005e-05	STOCK
4020004	6670635	1.34000000000000005e-05	STOCK
4019946	6670693	1.34000000000000005e-05	STOCK
4019977	6670662	1.34000000000000005e-05	STOCK
4019904	6670255	1.34000000000000005e-05	STOCK
4019672	6670391	1.34000000000000005e-05	STOCK
4019638	6670713	1.34000000000000005e-05	STOCK
4019898	6670261	1.34000000000000005e-05	STOCK
4019733	6670330	1.34000000000000005e-05	STOCK
4019713	6670350	1.34000000000000005e-05	STOCK
4019912	6670247	1.34000000000000005e-05	STOCK
4020025	6670614	1.34000000000000005e-05	STOCK
4019606	6670745	1.34000000000000005e-05	STOCK
1138924	1991667	5.30000000000000008e-05	STOCK
1130153	1982896	5.3999999999999998e-05	STOCK
1133087	1985830	5.3999999999999998e-05	STOCK
1133708	1986451	5.3999999999999998e-05	STOCK
1131758	1984501	5.3999999999999998e-05	STOCK
1131767	1984510	5.30000000000000008e-05	STOCK
1132655	1985398	5.19999999999999968e-05	STOCK
1133884	1986627	5.3999999999999998e-05	STOCK
1152221	2004964	5.06999999999999991e-05	STOCK
1143386	1996129	5.3999999999999998e-05	STOCK
1152149	2004892	5.30000000000000008e-05	STOCK
1133810	1986553	5.30000000000000008e-05	STOCK
1133655	1986398	5.09999999999999996e-05	STOCK
1143233	1995976	4.83999999999999974e-05	STOCK
1133280	1986023	5.3999999999999998e-05	STOCK
1152220	2004963	4.89999999999999984e-05	STOCK
1130174	1982917	5.3999999999999998e-05	STOCK
1152155	2004898	5.3999999999999998e-05	STOCK
1152181	2004924	4.89999999999999984e-05	STOCK
1152208	2004951	5.3999999999999998e-05	STOCK
1131302	1984045	5.30000000000000008e-05	STOCK
1142526	1995269	4.99e-05	STOCK
1130919	1983662	5.3999999999999998e-05	STOCK
1130905	1983648	5.3999999999999998e-05	STOCK
1133314	1986057	5.19999999999999968e-05	STOCK
1133648	1986391	5.19999999999999968e-05	STOCK
1142651	1995394	5.3999999999999998e-05	STOCK
1138268	1991011	5.3999999999999998e-05	STOCK
1133123	1985866	5.3999999999999998e-05	STOCK
1142578	1995321	5.09999999999999996e-05	STOCK
1142596	1995339	5.30000000000000008e-05	STOCK
1144181	1996924	5.09999999999999996e-05	STOCK
1139175	1991918	3.80000000000000021e-05	STOCK
1145036	1997779	4.89999999999999984e-05	STOCK
1139071	1991814	5.3999999999999998e-05	STOCK
1144292	1997035	5.19999999999999968e-05	STOCK
1152105	2004848	4.39999999999999989e-05	STOCK
1133724	1986467	4.89999999999999984e-05	STOCK
1152187	2004930	5.19999999999999968e-05	STOCK
1145021	1997764	5.3999999999999998e-05	STOCK
886304	1576345	1.80000000000000005e-05	STOCK
1133078	1985821	5.19999999999999968e-05	STOCK
1133076	1985819	5.30000000000000008e-05	STOCK
1132665	1985408	5.19999999999999968e-05	STOCK
1143953	1996696	5.3999999999999998e-05	STOCK
1139045	1991788	5.3999999999999998e-05	STOCK
1132796	1985539	5.19999999999999968e-05	STOCK
1130989	1983732	5.30000000000000008e-05	STOCK
1132671	1985414	5.30000000000000008e-05	STOCK
1143961	1996704	5.3999999999999998e-05	STOCK
1132793	1985536	5.30000000000000008e-05	STOCK
1144967	1997710	5.19999999999999968e-05	STOCK
1130869	1983612	5.3999999999999998e-05	STOCK
1130123	1982866	5.19999999999999968e-05	STOCK
1152110	2004853	5.3999999999999998e-05	STOCK
1143296	1996039	5.30000000000000008e-05	STOCK
1149679	2002422	5.3999999999999998e-05	STOCK
1134382	1987125	5.30000000000000008e-05	STOCK
1153394	2006137	5.19999999999999968e-05	STOCK
1153316	2006059	5.30000000000000008e-05	STOCK
1135366	1988109	5.19999999999999968e-05	STOCK
1135375	1988118	5.3999999999999998e-05	STOCK
1133591	1986334	5.30000000000000008e-05	STOCK
1136313	1989056	5.30000000000000008e-05	STOCK
1149769	2002512	5.30000000000000008e-05	STOCK
1149785	2002528	5.3999999999999998e-05	STOCK
1150509	2003252	4.99e-05	STOCK
1153415	2006158	5.3999999999999998e-05	STOCK
1152359	2005102	5.09999999999999996e-05	STOCK
1149843	2002586	5.3999999999999998e-05	STOCK
1130127	1982870	5.09999999999999996e-05	STOCK
1150579	2003322	5.30000000000000008e-05	STOCK
1141535	1994278	5.3999999999999998e-05	STOCK
1150035	2002778	5.00000000000000024e-05	STOCK
1136733	1989476	5.30000000000000008e-05	STOCK
1149959	2002702	5.19999999999999968e-05	STOCK
1141509	1994252	5.3999999999999998e-05	STOCK
1140948	1993691	5.30000000000000008e-05	STOCK
1136537	1989280	5.19999999999999968e-05	STOCK
1135364	1988107	5.19999999999999968e-05	STOCK
1138955	1991698	5.09999999999999996e-05	STOCK
886236	1576277	1.16999999999999998e-05	STOCK
4239307	7272530	6.19999999999999993e-06	STOCK
1144367	1997110	5.09999999999999996e-05	STOCK
3349303	5666965	6.4999999999999996e-06	STOCK
\.


--
-- Data for Name: sample_cells; Type: TABLE DATA; Schema: public; Owner: postgres
--

COPY sample_cells (sample_id, cell_line_id) FROM stdin;
\.


--
-- Data for Name: sample_molecule; Type: TABLE DATA; Schema: public; Owner: postgres
--

COPY sample_molecule (sample_id, molecule_id, concentration, freeze_thaw_cycles, checkout_date) FROM stdin;
1098350	450469	0.0100000000000000002	10	\N
1098390	450509	0.0100000000000000002	10	\N
1098135	450254	0.0100000000000000002	10	\N
1098423	450542	0.0100000000000000002	10	\N
1098419	450538	0.0100000000000000002	10	\N
1098259	450378	0.0100000000000000002	10	\N
1098263	450382	0.0100000000000000002	10	\N
1098119	450238	0.0100000000000000002	10	\N
1098083	450202	0.0100000000000000002	10	\N
1098081	450200	0.0100000000000000002	10	\N
1098303	450422	0.0100000000000000002	10	\N
1098301	450420	0.0100000000000000002	10	\N
1098421	450540	0.0100000000000000002	10	\N
1098392	450511	0.0100000000000000002	10	\N
1098354	450473	0.0100000000000000002	10	\N
1098299	450418	0.0100000000000000002	10	\N
1098121	450240	0.0100000000000000002	10	\N
1098123	450242	0.0100000000000000002	10	\N
1098265	450384	0.0100000000000000002	10	\N
1098356	450475	0.0100000000000000002	10	\N
1098079	450198	0.0100000000000000002	10	\N
1098307	450426	0.0100000000000000002	10	\N
1098305	450424	0.0100000000000000002	10	\N
1097832	449951	0.0100000000000000002	10	\N
1097836	449955	0.0100000000000000002	10	\N
705417	405687	0.0079376418853500004	\N	\N
608227	401325	0.0135303350111000004	\N	\N
1097828	449947	0.0100000000000000002	10	\N
1098362	450481	0.0100000000000000002	10	\N
1098360	450479	0.0100000000000000002	10	\N
1098394	450513	0.0100000000000000002	10	\N
1098396	450515	0.0100000000000000002	10	\N
1098364	450483	0.0100000000000000002	10	\N
1098366	450485	0.0100000000000000002	10	\N
705426	405696	0.00959149809608999919	\N	\N
1098314	450433	0.0100000000000000002	10	\N
1098312	450431	0.0100000000000000002	10	\N
705447	405717	0.00902095568004000065	\N	\N
1098402	450521	0.0100000000000000002	10	\N
1098398	450517	0.0100000000000000002	10	\N
608184	401282	0.0135319828413999997	\N	\N
705423	405693	0.00882885269059	\N	\N
1418283	538112	0.0100000000000000002	3	\N
3430167	557732	0.0050000000000000001	3	\N
3430171	557736	0.0050000000000000001	3	\N
3430173	557738	0.0050000000000000001	3	\N
1418310	538139	0.0100000000000000002	3	\N
1418308	538137	0.0100000000000000002	3	\N
3430174	557739	0.0050000000000000001	3	\N
3430170	557735	0.0050000000000000001	3	\N
3430169	557734	0.0050000000000000001	3	\N
3430168	557733	0.0050000000000000001	3	\N
3430172	557737	0.0050000000000000001	3	\N
1418279	538108	0.0100000000000000002	3	\N
1418339	538168	0.0100000000000000002	3	\N
1418341	538170	0.0100000000000000002	3	\N
1523642	538281	0.0100000000000000002	3	\N
1418281	538110	0.0100000000000000002	3	\N
1418337	538166	0.0100000000000000002	3	\N
3349591	557286	5.00000000000000024e-05	15	\N
3349591	557287	5.00000000000000024e-05	15	\N
3349404	556912	5.00000000000000024e-05	16	\N
3349404	556913	5.00000000000000024e-05	16	\N
3349414	556932	5.00000000000000024e-05	16	\N
3349414	556933	5.00000000000000024e-05	16	\N
3349447	556998	5.00000000000000024e-05	16	\N
3349447	556999	5.00000000000000024e-05	16	\N
3349453	557010	5.00000000000000024e-05	16	\N
3349453	557011	5.00000000000000024e-05	16	\N
3349468	557040	5.00000000000000024e-05	15	\N
3349468	557041	5.00000000000000024e-05	15	\N
3349495	557095	5.00000000000000024e-05	15	\N
3349495	557094	5.00000000000000024e-05	15	\N
3349434	556973	5.00000000000000024e-05	16	\N
3349434	556972	5.00000000000000024e-05	16	\N
3349435	556974	5.00000000000000024e-05	16	\N
3349435	556975	5.00000000000000024e-05	16	\N
3349511	557127	5.00000000000000024e-05	15	\N
3349511	557126	5.00000000000000024e-05	15	\N
3349440	556985	5.00000000000000024e-05	16	\N
3349440	556984	5.00000000000000024e-05	16	\N
3349578	557261	5.00000000000000024e-05	19	\N
3349578	557260	5.00000000000000024e-05	19	\N
3349586	557277	5.00000000000000024e-05	15	\N
3349586	557276	5.00000000000000024e-05	15	\N
3349415	556935	5.00000000000000024e-05	15	\N
3349415	556934	5.00000000000000024e-05	15	\N
3349580	557265	5.00000000000000024e-05	15	\N
3349580	557264	5.00000000000000024e-05	15	\N
3349381	556866	5.00000000000000024e-05	16	\N
3349381	556867	5.00000000000000024e-05	16	\N
3349576	557257	5.00000000000000024e-05	20	\N
3349576	557256	5.00000000000000024e-05	20	\N
3349368	556841	5.00000000000000024e-05	16	\N
3349368	556840	5.00000000000000024e-05	16	\N
3349428	556960	5.00000000000000024e-05	17	\N
3349428	556961	5.00000000000000024e-05	17	\N
3349402	556909	5.00000000000000024e-05	17	\N
3349402	556908	5.00000000000000024e-05	17	\N
3349425	556955	5.00000000000000024e-05	17	\N
3349425	556954	5.00000000000000024e-05	17	\N
3349371	556847	5.00000000000000024e-05	17	\N
3349371	556846	5.00000000000000024e-05	17	\N
3349461	557027	5.00000000000000024e-05	16	\N
3349461	557026	5.00000000000000024e-05	16	\N
3349443	556990	5.00000000000000024e-05	17	\N
3349443	556991	5.00000000000000024e-05	17	\N
3349437	556978	5.00000000000000024e-05	17	\N
3349437	556979	5.00000000000000024e-05	17	\N
3349382	556869	5.00000000000000024e-05	17	\N
3349382	556868	5.00000000000000024e-05	17	\N
3349487	557079	5.00000000000000024e-05	16	\N
3349487	557078	5.00000000000000024e-05	16	\N
3349400	556905	5.00000000000000024e-05	17	\N
3349400	556904	5.00000000000000024e-05	17	\N
3349480	557065	5.00000000000000024e-05	16	\N
3349480	557064	5.00000000000000024e-05	16	\N
3349375	556855	5.00000000000000024e-05	17	\N
3349375	556854	5.00000000000000024e-05	17	\N
3349421	556946	5.00000000000000024e-05	17	\N
3349421	556947	5.00000000000000024e-05	17	\N
3349420	556944	5.00000000000000024e-05	17	\N
3349420	556945	5.00000000000000024e-05	17	\N
3349397	556898	5.00000000000000024e-05	17	\N
3349397	556899	5.00000000000000024e-05	17	\N
3349590	557284	5.00000000000000024e-05	19	\N
3349590	557285	5.00000000000000024e-05	19	\N
3349553	557210	5.00000000000000024e-05	15	\N
3349553	557211	5.00000000000000024e-05	15	\N
3349549	557203	5.00000000000000024e-05	15	\N
3349549	557202	5.00000000000000024e-05	15	\N
3349481	557066	5.00000000000000024e-05	15	\N
3349481	557067	5.00000000000000024e-05	15	\N
3349430	556965	5.00000000000000024e-05	16	\N
3349430	556964	5.00000000000000024e-05	16	\N
3349446	556996	5.00000000000000024e-05	17	\N
3349446	556997	5.00000000000000024e-05	17	\N
3349457	557019	5.00000000000000024e-05	17	\N
3349457	557018	5.00000000000000024e-05	17	\N
3349389	556883	5.00000000000000024e-05	17	\N
3349389	556882	5.00000000000000024e-05	17	\N
3349376	556857	5.00000000000000024e-05	17	\N
3349376	556856	5.00000000000000024e-05	17	\N
3349431	556966	5.00000000000000024e-05	18	\N
3349431	556967	5.00000000000000024e-05	18	\N
3349399	556902	5.00000000000000024e-05	17	\N
3349399	556903	5.00000000000000024e-05	17	\N
3349372	556848	5.00000000000000024e-05	17	\N
3349372	556849	5.00000000000000024e-05	17	\N
3091075	550221	5.00000000000000024e-05	23	\N
3091075	550222	5.00000000000000024e-05	23	\N
3349523	557151	5.00000000000000024e-05	16	\N
3349523	557150	5.00000000000000024e-05	16	\N
3091082	550236	5.00000000000000024e-05	26	\N
3091082	550235	5.00000000000000024e-05	26	\N
2971921	543774	5.00000000000000024e-05	32	\N
2971921	543773	5.00000000000000024e-05	32	\N
1361657	519301	5.00000000000000024e-05	35	\N
1361657	519302	5.00000000000000024e-05	35	\N
3349436	556976	5.00000000000000024e-05	16	\N
3349436	556977	5.00000000000000024e-05	16	\N
3091057	550186	5.00000000000000024e-05	24	\N
3091057	550185	5.00000000000000024e-05	24	\N
3093536	519308	5.00000000000000024e-05	35	\N
3093536	519307	5.00000000000000024e-05	35	\N
3347286	556276	5.00000000000000024e-05	18	\N
3347286	556275	5.00000000000000024e-05	18	\N
3349571	557246	5.00000000000000024e-05	19	\N
3349571	557247	5.00000000000000024e-05	19	\N
1094473	446703	5.00000000000000024e-05	44	\N
1094473	446704	5.00000000000000024e-05	44	\N
3196587	553561	5.00000000000000024e-05	24	\N
3196587	553560	5.00000000000000024e-05	24	\N
3347384	556471	5.00000000000000024e-05	20	\N
3347384	556472	5.00000000000000024e-05	20	\N
3237653	554425	5.00000000000000024e-05	22	\N
3237653	554424	5.00000000000000024e-05	22	\N
3349467	557038	5.00000000000000024e-05	13	\N
3349467	557039	5.00000000000000024e-05	13	\N
1087600	443735	5.00000000000000024e-05	\N	\N
1087600	443736	5.00000000000000024e-05	\N	\N
3347371	556445	5.00000000000000024e-05	20	\N
3347371	556446	5.00000000000000024e-05	20	\N
3318111	555920	5.00000000000000024e-05	21	\N
3318111	555919	5.00000000000000024e-05	21	\N
2625865	543616	5.00000000000000024e-05	30	\N
2625865	543615	5.00000000000000024e-05	30	\N
3258022	554650	5.00000000000000024e-05	22	\N
3258022	554651	5.00000000000000024e-05	22	\N
3349377	556859	5.00000000000000024e-05	13	\N
3349377	556858	5.00000000000000024e-05	13	\N
3349405	556915	5.00000000000000024e-05	14	\N
3349405	556914	5.00000000000000024e-05	14	\N
3349492	557089	5.00000000000000024e-05	13	\N
3349492	557088	5.00000000000000024e-05	13	\N
3318101	555900	5.00000000000000024e-05	21	\N
3318101	555899	5.00000000000000024e-05	21	\N
3318104	555905	5.00000000000000024e-05	21	\N
3318104	555906	5.00000000000000024e-05	21	\N
3318107	555912	5.00000000000000024e-05	21	\N
3318107	555911	5.00000000000000024e-05	21	\N
3091081	550233	5.00000000000000024e-05	28	\N
3091081	550234	5.00000000000000024e-05	28	\N
3091086	550243	5.00000000000000024e-05	29	\N
3091086	550244	5.00000000000000024e-05	29	\N
3091085	550242	5.00000000000000024e-05	29	\N
3091085	550241	5.00000000000000024e-05	29	\N
3318096	555889	5.00000000000000024e-05	21	\N
3318096	555890	5.00000000000000024e-05	21	\N
3318097	555891	5.00000000000000024e-05	21	\N
3318097	555892	5.00000000000000024e-05	21	\N
3347348	556399	5.00000000000000024e-05	21	\N
3347348	556400	5.00000000000000024e-05	21	\N
3318098	555894	5.00000000000000024e-05	21	\N
3318098	555893	5.00000000000000024e-05	21	\N
3318109	555915	5.00000000000000024e-05	21	\N
3318109	555916	5.00000000000000024e-05	21	\N
3237668	554455	5.00000000000000024e-05	23	\N
3237668	554454	5.00000000000000024e-05	23	\N
3349584	557272	5.00000000000000024e-05	19	\N
3349584	557273	5.00000000000000024e-05	19	\N
3347223	556149	5.00000000000000024e-05	18	\N
3347223	556150	5.00000000000000024e-05	18	\N
3349366	556836	5.00000000000000024e-05	14	\N
3349366	556837	5.00000000000000024e-05	14	\N
1087555	443646	5.00000000000000024e-05	\N	\N
1087555	443645	5.00000000000000024e-05	\N	\N
2625817	543519	5.00000000000000024e-05	27	\N
2625817	543520	5.00000000000000024e-05	27	\N
3347309	556322	5.00000000000000024e-05	17	\N
3347309	556321	5.00000000000000024e-05	17	\N
3349556	557216	5.00000000000000024e-05	20	\N
3349556	557217	5.00000000000000024e-05	20	\N
2140039	542381	5.00000000000000024e-05	30	\N
2140039	542382	5.00000000000000024e-05	30	\N
1320698	517428	5.00000000000000024e-05	53	\N
1320698	517429	5.00000000000000024e-05	53	\N
3434924	557858	5.00000000000000024e-05	8	\N
3434924	557859	5.00000000000000024e-05	8	\N
3347331	556366	5.00000000000000024e-05	18	\N
3347331	556365	5.00000000000000024e-05	18	\N
3434907	557825	5.00000000000000024e-05	8	\N
3434907	557824	5.00000000000000024e-05	8	\N
3347375	556454	5.00000000000000024e-05	17	\N
3347375	556453	5.00000000000000024e-05	17	\N
937671	409691	5.00000000000000024e-05	\N	\N
937671	409690	5.00000000000000024e-05	\N	\N
1365498	519816	5.00000000000000024e-05	21	\N
1365498	519815	5.00000000000000024e-05	21	\N
3566557	487874	3.3333299999999999e-06	0	\N
3566557	501369	3.3333299999999999e-06	0	\N
3566557	483034	3.3333299999999999e-06	0	\N
3566558	488357	3.3333299999999999e-06	0	\N
3566558	511890	3.3333299999999999e-06	0	\N
3566558	485013	3.3333299999999999e-06	0	\N
3566559	506375	3.3333299999999999e-06	0	\N
3566559	503785	3.3333299999999999e-06	0	\N
3566559	495538	3.3333299999999999e-06	0	\N
3566560	511571	3.3333299999999999e-06	0	\N
3566560	488710	3.3333299999999999e-06	0	\N
3566560	482174	3.3333299999999999e-06	0	\N
3566563	504232	3.3333299999999999e-06	0	\N
3566563	509902	3.3333299999999999e-06	0	\N
3566563	505439	3.3333299999999999e-06	0	\N
3566564	487790	3.3333299999999999e-06	0	\N
3566564	501461	3.3333299999999999e-06	0	\N
3566564	483126	3.3333299999999999e-06	0	\N
3566565	513112	3.3333299999999999e-06	0	\N
3566565	482539	3.3333299999999999e-06	0	\N
3566565	500698	3.3333299999999999e-06	0	\N
3566566	484595	3.3333299999999999e-06	0	\N
3566566	486795	3.3333299999999999e-06	0	\N
3566566	510536	3.3333299999999999e-06	0	\N
3566567	508491	3.3333299999999999e-06	0	\N
3566567	494486	3.3333299999999999e-06	0	\N
3566567	486158	3.3333299999999999e-06	0	\N
3566568	490046	3.3333299999999999e-06	0	\N
3566568	497765	3.3333299999999999e-06	0	\N
3566568	517041	3.3333299999999999e-06	0	\N
3566569	491892	3.3333299999999999e-06	0	\N
3566569	499259	3.3333299999999999e-06	0	\N
3566569	489164	3.3333299999999999e-06	0	\N
3566570	487873	3.3333299999999999e-06	0	\N
3566570	501368	3.3333299999999999e-06	0	\N
3566570	483033	3.3333299999999999e-06	0	\N
3566572	491806	3.3333299999999999e-06	0	\N
3566572	499701	3.3333299999999999e-06	0	\N
3566572	489254	3.3333299999999999e-06	0	\N
3566573	493627	3.3333299999999999e-06	0	\N
3566573	498442	3.3333299999999999e-06	0	\N
3566573	491163	3.3333299999999999e-06	0	\N
3566574	493613	3.3333299999999999e-06	0	\N
3566574	498428	3.3333299999999999e-06	0	\N
3566574	491149	3.3333299999999999e-06	0	\N
3566576	497026	3.3333299999999999e-06	0	\N
3566576	509560	3.3333299999999999e-06	0	\N
3566576	505801	3.3333299999999999e-06	0	\N
3566577	501202	3.3333299999999999e-06	0	\N
3566577	487707	3.3333299999999999e-06	0	\N
3566577	483219	3.3333299999999999e-06	0	\N
3566578	483642	3.3333299999999999e-06	0	\N
3566578	510991	3.3333299999999999e-06	0	\N
3566578	486194	3.3333299999999999e-06	0	\N
3566579	487988	3.3333299999999999e-06	0	\N
3566579	501659	3.3333299999999999e-06	0	\N
3566579	483940	3.3333299999999999e-06	0	\N
3566580	501277	3.3333299999999999e-06	0	\N
3566580	508971	3.3333299999999999e-06	0	\N
3566580	487606	3.3333299999999999e-06	0	\N
3566581	503828	3.3333299999999999e-06	0	\N
3566581	508794	3.3333299999999999e-06	0	\N
3566581	496700	3.3333299999999999e-06	0	\N
3566582	488564	3.3333299999999999e-06	0	\N
3566582	511745	3.3333299999999999e-06	0	\N
3566582	484692	3.3333299999999999e-06	0	\N
3566583	505876	3.3333299999999999e-06	0	\N
3566583	509459	3.3333299999999999e-06	0	\N
3566583	496925	3.3333299999999999e-06	0	\N
3566584	492008	3.3333299999999999e-06	0	\N
3566584	499903	3.3333299999999999e-06	0	\N
3566584	512581	3.3333299999999999e-06	0	\N
3566585	512532	3.3333299999999999e-06	0	\N
3566585	487239	3.3333299999999999e-06	0	\N
3566585	484159	3.3333299999999999e-06	0	\N
3566586	513097	3.3333299999999999e-06	0	\N
3566586	500683	3.3333299999999999e-06	0	\N
3566586	482524	3.3333299999999999e-06	0	\N
3566587	492035	3.3333299999999999e-06	0	\N
3566587	512608	3.3333299999999999e-06	0	\N
3566587	499930	3.3333299999999999e-06	0	\N
3566588	491649	3.3333299999999999e-06	0	\N
3566588	499544	3.3333299999999999e-06	0	\N
3566588	489801	3.3333299999999999e-06	0	\N
3566589	500372	3.3333299999999999e-06	0	\N
3566589	513226	3.3333299999999999e-06	0	\N
3566589	482477	3.3333299999999999e-06	0	\N
3566590	492218	3.3333299999999999e-06	0	\N
3566590	500113	3.3333299999999999e-06	0	\N
3566590	490018	3.3333299999999999e-06	0	\N
3566591	513036	3.3333299999999999e-06	0	\N
3566591	500534	3.3333299999999999e-06	0	\N
3566591	491407	3.3333299999999999e-06	0	\N
3566592	510107	3.3333299999999999e-06	0	\N
3566592	504525	3.3333299999999999e-06	0	\N
3566592	497309	3.3333299999999999e-06	0	\N
3566593	504556	3.3333299999999999e-06	0	\N
3566593	497340	3.3333299999999999e-06	0	\N
3566593	510138	3.3333299999999999e-06	0	\N
3566594	510484	3.3333299999999999e-06	0	\N
3566594	484543	3.3333299999999999e-06	0	\N
3566594	486743	3.3333299999999999e-06	0	\N
3566595	510598	3.3333299999999999e-06	0	\N
3566595	484481	3.3333299999999999e-06	0	\N
3566595	486857	3.3333299999999999e-06	0	\N
3566596	484996	3.3333299999999999e-06	0	\N
3566596	488340	3.3333299999999999e-06	0	\N
3566596	511873	3.3333299999999999e-06	0	\N
3566597	510500	3.3333299999999999e-06	0	\N
3566597	484559	3.3333299999999999e-06	0	\N
3566597	486759	3.3333299999999999e-06	0	\N
3566598	488339	3.3333299999999999e-06	0	\N
3566598	484995	3.3333299999999999e-06	0	\N
3566598	511872	3.3333299999999999e-06	0	\N
3566600	502677	3.3333299999999999e-06	0	\N
3566600	494870	3.3333299999999999e-06	0	\N
3566600	507203	3.3333299999999999e-06	0	\N
3566601	492816	3.3333299999999999e-06	0	\N
3566601	489736	3.3333299999999999e-06	0	\N
3566601	499479	3.3333299999999999e-06	0	\N
3566603	485551	3.3333299999999999e-06	0	\N
3566603	507796	3.3333299999999999e-06	0	\N
3566603	494055	3.3333299999999999e-06	0	\N
3566604	482799	3.3333299999999999e-06	0	\N
3566604	511292	3.3333299999999999e-06	0	\N
3566604	489015	3.3333299999999999e-06	0	\N
3566605	506479	3.3333299999999999e-06	0	\N
3566605	495114	3.3333299999999999e-06	0	\N
3566605	502921	3.3333299999999999e-06	0	\N
3566606	498825	3.3333299999999999e-06	0	\N
3566606	489434	3.3333299999999999e-06	0	\N
3566606	492338	3.3333299999999999e-06	0	\N
3566607	507010	3.3333299999999999e-06	0	\N
3566607	494677	3.3333299999999999e-06	0	\N
3566607	502660	3.3333299999999999e-06	0	\N
3566608	507870	3.3333299999999999e-06	0	\N
3566608	485449	3.3333299999999999e-06	0	\N
3566608	494129	3.3333299999999999e-06	0	\N
3566609	498312	3.3333299999999999e-06	0	\N
3566609	490241	3.3333299999999999e-06	0	\N
3566609	493233	3.3333299999999999e-06	0	\N
3566610	492090	3.3333299999999999e-06	0	\N
3566610	512663	3.3333299999999999e-06	0	\N
3566610	500161	3.3333299999999999e-06	0	\N
3566611	512653	3.3333299999999999e-06	0	\N
3566611	492080	3.3333299999999999e-06	0	\N
3566611	500151	3.3333299999999999e-06	0	\N
3566612	502895	3.3333299999999999e-06	0	\N
3566612	506453	3.3333299999999999e-06	0	\N
3566612	495088	3.3333299999999999e-06	0	\N
3566614	506475	3.3333299999999999e-06	0	\N
3566614	502917	3.3333299999999999e-06	0	\N
3566614	495110	3.3333299999999999e-06	0	\N
3566616	497838	3.3333299999999999e-06	0	\N
3566616	494343	3.3333299999999999e-06	0	\N
3566616	490471	3.3333299999999999e-06	0	\N
3566617	500376	3.3333299999999999e-06	0	\N
3566617	482481	3.3333299999999999e-06	0	\N
3566617	513230	3.3333299999999999e-06	0	\N
3566618	487010	3.3333299999999999e-06	0	\N
3566618	484282	3.3333299999999999e-06	0	\N
3566618	510399	3.3333299999999999e-06	0	\N
3566619	485171	3.3333299999999999e-06	0	\N
3566619	487459	3.3333299999999999e-06	0	\N
3566619	512048	3.3333299999999999e-06	0	\N
3566621	510677	3.3333299999999999e-06	0	\N
3566621	483328	3.3333299999999999e-06	0	\N
3566621	486584	3.3333299999999999e-06	0	\N
3566622	491834	3.3333299999999999e-06	0	\N
3566622	499729	3.3333299999999999e-06	0	\N
3566622	489282	3.3333299999999999e-06	0	\N
3566623	512633	3.3333299999999999e-06	0	\N
3566623	500131	3.3333299999999999e-06	0	\N
3566623	492060	3.3333299999999999e-06	0	\N
3566624	508201	3.3333299999999999e-06	0	\N
3566624	502091	3.3333299999999999e-06	0	\N
3566624	485780	3.3333299999999999e-06	0	\N
3566625	483299	3.3333299999999999e-06	0	\N
3566625	510648	3.3333299999999999e-06	0	\N
3566625	486555	3.3333299999999999e-06	0	\N
3566626	487326	3.3333299999999999e-06	0	\N
3566626	484070	3.3333299999999999e-06	0	\N
3566626	512267	3.3333299999999999e-06	0	\N
3566628	498076	3.3333299999999999e-06	0	\N
3566628	493173	3.3333299999999999e-06	0	\N
3566628	490357	3.3333299999999999e-06	0	\N
3566629	512806	3.3333299999999999e-06	0	\N
3566629	491529	3.3333299999999999e-06	0	\N
3566629	499952	3.3333299999999999e-06	0	\N
3566752	512758	3.3333299999999999e-06	0	\N
3566752	491481	3.3333299999999999e-06	0	\N
3566752	500432	3.3333299999999999e-06	0	\N
3566746	500237	3.3333299999999999e-06	0	\N
3566746	512915	3.3333299999999999e-06	0	\N
3566746	482342	3.3333299999999999e-06	0	\N
3566703	508926	3.3333299999999999e-06	0	\N
3566703	487561	3.3333299999999999e-06	0	\N
3566703	501056	3.3333299999999999e-06	0	\N
3566704	506404	3.3333299999999999e-06	0	\N
3566704	495567	3.3333299999999999e-06	0	\N
3566704	503814	3.3333299999999999e-06	0	\N
3566706	506369	3.3333299999999999e-06	0	\N
3566706	495532	3.3333299999999999e-06	0	\N
3566706	503779	3.3333299999999999e-06	0	\N
3566705	495563	3.3333299999999999e-06	0	\N
3566705	503810	3.3333299999999999e-06	0	\N
3566705	506400	3.3333299999999999e-06	0	\N
3566701	512042	3.3333299999999999e-06	0	\N
3566701	487453	3.3333299999999999e-06	0	\N
3566701	485165	3.3333299999999999e-06	0	\N
3566715	491824	3.3333299999999999e-06	0	\N
3566715	489272	3.3333299999999999e-06	0	\N
3566715	499719	3.3333299999999999e-06	0	\N
3566695	511848	3.3333299999999999e-06	0	\N
3566695	484971	3.3333299999999999e-06	0	\N
3566695	488315	3.3333299999999999e-06	0	\N
3566698	487002	3.3333299999999999e-06	0	\N
3566698	484274	3.3333299999999999e-06	0	\N
3566698	510391	3.3333299999999999e-06	0	\N
3566697	484279	3.3333299999999999e-06	0	\N
3566697	510396	3.3333299999999999e-06	0	\N
3566697	487007	3.3333299999999999e-06	0	\N
3566702	484239	3.3333299999999999e-06	0	\N
3566702	487143	3.3333299999999999e-06	0	\N
3566702	512436	3.3333299999999999e-06	0	\N
3566699	483532	3.3333299999999999e-06	0	\N
3566699	486436	3.3333299999999999e-06	0	\N
3566699	510881	3.3333299999999999e-06	0	\N
3566722	482751	3.3333299999999999e-06	0	\N
3566722	500646	3.3333299999999999e-06	0	\N
3566722	513324	3.3333299999999999e-06	0	\N
3566708	505752	3.3333299999999999e-06	0	\N
3566708	496977	3.3333299999999999e-06	0	\N
3566708	509511	3.3333299999999999e-06	0	\N
3566717	510697	3.3333299999999999e-06	0	\N
3566717	483348	3.3333299999999999e-06	0	\N
3566717	486604	3.3333299999999999e-06	0	\N
3566733	483825	3.3333299999999999e-06	0	\N
3566733	501544	3.3333299999999999e-06	0	\N
3566733	488049	3.3333299999999999e-06	0	\N
3566748	501206	3.3333299999999999e-06	0	\N
3566748	483223	3.3333299999999999e-06	0	\N
3566748	487711	3.3333299999999999e-06	0	\N
3566753	500458	3.3333299999999999e-06	0	\N
3566753	512784	3.3333299999999999e-06	0	\N
3566753	491507	3.3333299999999999e-06	0	\N
3566745	501207	3.3333299999999999e-06	0	\N
3566745	487712	3.3333299999999999e-06	0	\N
3566745	483224	3.3333299999999999e-06	0	\N
3566742	482289	3.3333299999999999e-06	0	\N
3566742	488681	3.3333299999999999e-06	0	\N
3566742	511542	3.3333299999999999e-06	0	\N
3566744	484442	3.3333299999999999e-06	0	\N
3566744	486818	3.3333299999999999e-06	0	\N
3566744	510559	3.3333299999999999e-06	0	\N
3566741	489502	3.3333299999999999e-06	0	\N
3566741	492934	3.3333299999999999e-06	0	\N
3566741	498893	3.3333299999999999e-06	0	\N
3566726	501261	3.3333299999999999e-06	0	\N
3566726	487766	3.3333299999999999e-06	0	\N
3566726	483278	3.3333299999999999e-06	0	\N
3566740	508036	3.3333299999999999e-06	0	\N
3566740	502278	3.3333299999999999e-06	0	\N
3566740	495263	3.3333299999999999e-06	0	\N
3566737	509274	3.3333299999999999e-06	0	\N
3566737	496476	3.3333299999999999e-06	0	\N
3566737	503428	3.3333299999999999e-06	0	\N
3566728	504366	3.3333299999999999e-06	0	\N
3566728	504718	3.3333299999999999e-06	0	\N
3566728	497150	3.3333299999999999e-06	0	\N
3566736	490231	3.3333299999999999e-06	0	\N
3566736	493223	3.3333299999999999e-06	0	\N
3566736	498302	3.3333299999999999e-06	0	\N
3566731	506873	3.3333299999999999e-06	0	\N
3566731	502347	3.3333299999999999e-06	0	\N
3566731	494540	3.3333299999999999e-06	0	\N
3566730	494883	3.3333299999999999e-06	0	\N
3566730	507216	3.3333299999999999e-06	0	\N
3566730	502690	3.3333299999999999e-06	0	\N
3566734	506232	3.3333299999999999e-06	0	\N
3566734	496074	3.3333299999999999e-06	0	\N
3566734	505289	3.3333299999999999e-06	0	\N
3566700	509443	3.3333299999999999e-06	0	\N
3566700	496909	3.3333299999999999e-06	0	\N
3566700	505860	3.3333299999999999e-06	0	\N
3566735	493217	3.3333299999999999e-06	0	\N
3566735	498296	3.3333299999999999e-06	0	\N
3566735	490225	3.3333299999999999e-06	0	\N
1137512	489591	5.00000000000000024e-05	56	\N
1152143	504222	5.00000000000000024e-05	64	\N
1132320	484399	5.00000000000000024e-05	68	\N
1138312	490391	5.00000000000000024e-05	63	\N
1130408	482487	5.00000000000000024e-05	52	\N
1138870	490949	5.00000000000000024e-05	62	\N
1138557	490636	5.00000000000000024e-05	55	\N
1152140	504219	5.00000000000000024e-05	58	\N
1131289	483368	5.00000000000000024e-05	67	\N
1145082	497161	5.00000000000000024e-05	70	\N
1142755	494834	5.00000000000000024e-05	58	\N
3740430	559891	5.00000000000000024e-05	8	\N
1142857	494936	5.00000000000000024e-05	77	\N
3740418	559879	5.00000000000000024e-05	8	\N
1138876	490955	5.00000000000000024e-05	61	\N
1130932	483011	5.00000000000000024e-05	64	\N
1138520	490599	5.00000000000000024e-05	72	\N
1138195	490274	5.00000000000000024e-05	37	\N
1137526	489605	5.00000000000000024e-05	48	\N
1132023	484102	5.00000000000000024e-05	59	\N
3740428	559889	5.00000000000000024e-05	8	\N
1130886	482965	5.00000000000000024e-05	49	\N
1140145	492224	5.00000000000000024e-05	40	\N
1139498	491577	5.00000000000000024e-05	64	\N
1137596	489675	5.00000000000000024e-05	59	\N
1137348	489427	5.00000000000000024e-05	35	\N
1142715	494794	5.00000000000000024e-05	38	\N
1138318	490397	5.00000000000000024e-05	58	\N
1142481	494560	5.00000000000000024e-05	70	\N
1145225	497304	5.00000000000000024e-05	64	\N
1145223	497302	5.00000000000000024e-05	53	\N
1142904	494983	5.00000000000000024e-05	60	\N
1131468	483547	5.00000000000000024e-05	61	\N
1142776	494855	5.00000000000000024e-05	38	\N
1144010	496089	5.00000000000000024e-05	41	\N
1139265	491344	5.00000000000000024e-05	68	\N
1159281	511360	5.00000000000000024e-05	58	\N
1137928	490007	5.00000000000000024e-05	62	\N
1137556	489635	5.00000000000000024e-05	46	\N
1150732	502811	5.00000000000000024e-05	59	\N
1138925	491004	5.00000000000000024e-05	64	\N
1132176	484255	5.00000000000000024e-05	67	\N
1133726	485805	5.00000000000000024e-05	81	\N
1132081	484160	5.00000000000000024e-05	65	\N
1137669	489748	5.00000000000000024e-05	56	\N
1137138	489217	5.00000000000000024e-05	69	\N
1144433	496512	5.00000000000000024e-05	66	\N
1137660	489739	5.00000000000000024e-05	64	\N
1137974	490053	5.00000000000000024e-05	61	\N
1144988	497067	5.00000000000000024e-05	42	\N
1143340	495419	5.00000000000000024e-05	42	\N
1130874	482953	5.00000000000000024e-05	57	\N
1142714	494793	5.00000000000000024e-05	57	\N
1142542	494621	5.00000000000000024e-05	57	\N
1132469	484548	5.00000000000000024e-05	57	\N
1151991	504070	5.00000000000000024e-05	68	\N
1145111	497190	5.00000000000000024e-05	63	\N
1130544	482623	5.00000000000000024e-05	65	\N
1142970	495049	5.00000000000000024e-05	72	\N
1132946	485025	5.00000000000000024e-05	54	\N
1136986	489065	5.00000000000000024e-05	51	\N
1143121	495200	5.00000000000000024e-05	52	\N
1133564	485643	5.00000000000000024e-05	66	\N
1144217	496296	5.00000000000000024e-05	57	\N
1144730	496809	5.00000000000000024e-05	56	\N
1143098	495177	5.00000000000000024e-05	55	\N
1144061	496140	5.00000000000000024e-05	66	\N
1138507	490586	5.00000000000000024e-05	59	\N
1130858	482937	5.00000000000000024e-05	66	\N
1144427	496506	5.00000000000000024e-05	50	\N
1137439	489518	5.00000000000000024e-05	63	\N
1144930	497009	5.00000000000000024e-05	57	\N
1132802	484881	5.00000000000000024e-05	56	\N
1135461	487540	5.00000000000000024e-05	57	\N
1135496	487575	5.00000000000000024e-05	63	\N
1135492	487571	5.00000000000000024e-05	63	\N
3740423	559884	5.00000000000000024e-05	8	\N
1134904	486983	5.00000000000000024e-05	48	\N
1140949	493028	5.00000000000000024e-05	37	\N
1150288	502367	5.00000000000000024e-05	47	\N
1140252	492331	5.00000000000000024e-05	57	\N
1139866	491945	5.00000000000000024e-05	64	\N
592875	394427	5.00000000000000024e-05	\N	\N
596705	398257	5.00000000000000024e-05	\N	\N
1365313	519638	5.00000000000000024e-05	58	\N
1138903	490982	5.00000000000000024e-05	58	\N
4239211	561327	5.00000000000000024e-05	4	\N
4019875	385952	3.3333299999999999e-06	2	\N
4019875	371346	3.3333299999999999e-06	2	\N
4019875	370820	3.3333299999999999e-06	2	\N
4019867	357196	3.3333299999999999e-06	2	\N
4019867	393519	3.3333299999999999e-06	2	\N
4019867	393255	3.3333299999999999e-06	2	\N
4019862	350690	3.3333299999999999e-06	2	\N
4019862	351834	3.3333299999999999e-06	2	\N
4019862	384695	3.3333299999999999e-06	2	\N
4019841	392921	3.3333299999999999e-06	2	\N
4019841	366719	3.3333299999999999e-06	2	\N
4019841	384755	3.3333299999999999e-06	2	\N
4020103	383938	3.3333299999999999e-06	2	\N
4020103	383762	3.3333299999999999e-06	2	\N
4020103	376460	3.3333299999999999e-06	2	\N
4020101	375047	3.3333299999999999e-06	2	\N
4020101	397067	3.3333299999999999e-06	2	\N
4020101	348608	3.3333299999999999e-06	2	\N
4020099	354342	3.3333299999999999e-06	2	\N
4020099	339606	3.3333299999999999e-06	2	\N
4020099	392513	3.3333299999999999e-06	2	\N
4019920	373111	3.3333299999999999e-06	2	\N
4019920	397331	3.3333299999999999e-06	2	\N
4019920	373199	3.3333299999999999e-06	2	\N
4019919	339540	3.3333299999999999e-06	2	\N
4019919	354012	3.3333299999999999e-06	2	\N
4019919	363074	3.3333299999999999e-06	2	\N
4020009	346894	3.3333299999999999e-06	2	\N
4020009	396321	3.3333299999999999e-06	2	\N
4020009	341438	3.3333299999999999e-06	2	\N
4020064	349948	3.3333299999999999e-06	2	\N
4020064	339916	3.3333299999999999e-06	2	\N
4020064	381225	3.3333299999999999e-06	2	\N
4020079	349954	3.3333299999999999e-06	2	\N
4020079	339922	3.3333299999999999e-06	2	\N
4020079	381231	3.3333299999999999e-06	2	\N
4020037	383739	3.3333299999999999e-06	2	\N
4020037	376437	3.3333299999999999e-06	2	\N
4020037	383915	3.3333299999999999e-06	2	\N
4019857	373189	3.3333299999999999e-06	2	\N
4019857	373101	3.3333299999999999e-06	2	\N
4019857	397321	3.3333299999999999e-06	2	\N
4019893	358012	3.3333299999999999e-06	2	\N
4019893	375435	3.3333299999999999e-06	2	\N
4019893	358100	3.3333299999999999e-06	2	\N
4020067	384939	3.3333299999999999e-06	2	\N
4020067	333763	3.3333299999999999e-06	2	\N
4020067	351550	3.3333299999999999e-06	2	\N
4020073	378691	3.3333299999999999e-06	2	\N
4020073	364610	3.3333299999999999e-06	2	\N
4020073	364082	3.3333299999999999e-06	2	\N
4020090	350555	3.3333299999999999e-06	2	\N
4020090	384912	3.3333299999999999e-06	2	\N
4020090	350467	3.3333299999999999e-06	2	\N
4020089	366125	3.3333299999999999e-06	2	\N
4020089	357412	3.3333299999999999e-06	2	\N
4020089	349364	3.3333299999999999e-06	2	\N
4020040	355884	3.3333299999999999e-06	2	\N
4020040	392911	3.3333299999999999e-06	2	\N
4020040	362922	3.3333299999999999e-06	2	\N
4019908	393476	3.3333299999999999e-06	2	\N
4019908	393212	3.3333299999999999e-06	2	\N
4019908	357153	3.3333299999999999e-06	2	\N
4019907	391681	3.3333299999999999e-06	2	\N
4019907	377211	3.3333299999999999e-06	2	\N
4019907	377827	3.3333299999999999e-06	2	\N
4020050	362817	3.3333299999999999e-06	2	\N
4020050	386576	3.3333299999999999e-06	2	\N
4020050	354987	3.3333299999999999e-06	2	\N
4020057	363848	3.3333299999999999e-06	2	\N
4020057	364200	3.3333299999999999e-06	2	\N
4020057	341546	3.3333299999999999e-06	2	\N
4019926	350705	3.3333299999999999e-06	2	\N
4019926	351849	3.3333299999999999e-06	2	\N
4019926	384710	3.3333299999999999e-06	2	\N
4019943	391173	3.3333299999999999e-06	2	\N
4019943	398107	3.3333299999999999e-06	2	\N
4019943	391437	3.3333299999999999e-06	2	\N
4020118	384878	3.3333299999999999e-06	2	\N
4020118	350433	3.3333299999999999e-06	2	\N
4020118	350521	3.3333299999999999e-06	2	\N
4019941	353560	3.3333299999999999e-06	2	\N
4019941	356640	3.3333299999999999e-06	2	\N
4019941	357872	3.3333299999999999e-06	2	\N
4019948	348444	3.3333299999999999e-06	2	\N
4019948	348356	3.3333299999999999e-06	2	\N
4019948	351436	3.3333299999999999e-06	2	\N
4019966	346767	3.3333299999999999e-06	2	\N
4019966	341047	3.3333299999999999e-06	2	\N
4019966	355607	3.3333299999999999e-06	2	\N
4019967	356163	3.3333299999999999e-06	2	\N
4019967	340459	3.3333299999999999e-06	2	\N
4019967	386168	3.3333299999999999e-06	2	\N
4020116	356821	3.3333299999999999e-06	2	\N
4020116	358581	3.3333299999999999e-06	2	\N
4020116	385330	3.3333299999999999e-06	2	\N
4020027	372939	3.3333299999999999e-06	2	\N
4020027	385257	3.3333299999999999e-06	2	\N
4020027	398479	3.3333299999999999e-06	2	\N
4020028	357721	3.3333299999999999e-06	2	\N
4020028	358249	3.3333299999999999e-06	2	\N
4020028	394044	3.3333299999999999e-06	2	\N
4020030	376006	3.3333299999999999e-06	2	\N
4020030	353919	3.3333299999999999e-06	2	\N
4020030	376182	3.3333299999999999e-06	2	\N
4020035	374270	3.3333299999999999e-06	2	\N
4020035	373478	3.3333299999999999e-06	2	\N
4020035	374182	3.3333299999999999e-06	2	\N
4020008	348810	3.3333299999999999e-06	2	\N
4020008	349514	3.3333299999999999e-06	2	\N
4020008	349162	3.3333299999999999e-06	2	\N
4020003	386828	3.3333299999999999e-06	2	\N
4020003	340679	3.3333299999999999e-06	2	\N
4020003	363773	3.3333299999999999e-06	2	\N
4019969	373617	3.3333299999999999e-06	2	\N
4019969	373881	3.3333299999999999e-06	2	\N
4019969	396517	3.3333299999999999e-06	2	\N
4019938	397330	3.3333299999999999e-06	2	\N
4019938	373110	3.3333299999999999e-06	2	\N
4019938	373198	3.3333299999999999e-06	2	\N
4020108	393981	3.3333299999999999e-06	2	\N
4020108	358186	3.3333299999999999e-06	2	\N
4020108	357658	3.3333299999999999e-06	2	\N
4020054	350512	3.3333299999999999e-06	2	\N
4020054	384869	3.3333299999999999e-06	2	\N
4020054	350424	3.3333299999999999e-06	2	\N
4019872	366416	3.3333299999999999e-06	2	\N
4019872	385156	3.3333299999999999e-06	2	\N
4019872	366680	3.3333299999999999e-06	2	\N
4020000	391129	3.3333299999999999e-06	2	\N
4020000	391393	3.3333299999999999e-06	2	\N
4020000	398063	3.3333299999999999e-06	2	\N
4019978	396676	3.3333299999999999e-06	2	\N
4019978	375536	3.3333299999999999e-06	2	\N
4019978	384598	3.3333299999999999e-06	2	\N
4019962	358741	3.3333299999999999e-06	2	\N
4019962	350869	3.3333299999999999e-06	2	\N
4019962	356541	3.3333299999999999e-06	2	\N
4020083	353799	3.3333299999999999e-06	2	\N
4020083	357319	3.3333299999999999e-06	2	\N
4020083	349535	3.3333299999999999e-06	2	\N
4020085	365940	3.3333299999999999e-06	2	\N
4020085	350150	3.3333299999999999e-06	2	\N
4020085	384067	3.3333299999999999e-06	2	\N
4020113	376137	3.3333299999999999e-06	2	\N
4020113	375961	3.3333299999999999e-06	2	\N
4020113	353874	3.3333299999999999e-06	2	\N
4020074	350151	3.3333299999999999e-06	2	\N
4020074	365941	3.3333299999999999e-06	2	\N
4020074	384068	3.3333299999999999e-06	2	\N
4019845	339672	3.3333299999999999e-06	2	\N
4019845	357488	3.3333299999999999e-06	2	\N
4019845	354144	3.3333299999999999e-06	2	\N
4019844	363042	3.3333299999999999e-06	2	\N
4019844	353980	3.3333299999999999e-06	2	\N
4019844	339508	3.3333299999999999e-06	2	\N
4019848	393210	3.3333299999999999e-06	2	\N
4019848	393474	3.3333299999999999e-06	2	\N
4019848	357151	3.3333299999999999e-06	2	\N
4019900	350662	3.3333299999999999e-06	2	\N
4019900	384667	3.3333299999999999e-06	2	\N
4019900	351806	3.3333299999999999e-06	2	\N
4019899	393197	3.3333299999999999e-06	2	\N
4019899	357138	3.3333299999999999e-06	2	\N
4019899	393461	3.3333299999999999e-06	2	\N
4019924	385235	3.3333299999999999e-06	2	\N
4019924	372917	3.3333299999999999e-06	2	\N
4019924	398457	3.3333299999999999e-06	2	\N
4019949	386377	3.3333299999999999e-06	2	\N
4019949	378547	3.3333299999999999e-06	2	\N
4019949	386465	3.3333299999999999e-06	2	\N
4019880	383802	3.3333299999999999e-06	2	\N
4019880	390794	3.3333299999999999e-06	2	\N
4019880	378348	3.3333299999999999e-06	2	\N
4020049	397083	3.3333299999999999e-06	2	\N
4020049	375063	3.3333299999999999e-06	2	\N
4020049	348624	3.3333299999999999e-06	2	\N
4019937	386672	3.3333299999999999e-06	2	\N
4019937	342547	3.3333299999999999e-06	2	\N
4019937	355699	3.3333299999999999e-06	2	\N
4020070	385066	3.3333299999999999e-06	2	\N
4020070	397144	3.3333299999999999e-06	2	\N
4020070	351061	3.3333299999999999e-06	2	\N
4019897	373895	3.3333299999999999e-06	2	\N
4019897	396531	3.3333299999999999e-06	2	\N
4019897	373631	3.3333299999999999e-06	2	\N
4019885	366413	3.3333299999999999e-06	2	\N
4019885	366677	3.3333299999999999e-06	2	\N
4019885	385153	3.3333299999999999e-06	2	\N
4019884	385978	3.3333299999999999e-06	2	\N
4019884	371372	3.3333299999999999e-06	2	\N
4019884	370846	3.3333299999999999e-06	2	\N
4019883	357239	3.3333299999999999e-06	2	\N
4019883	392770	3.3333299999999999e-06	2	\N
4019883	358647	3.3333299999999999e-06	2	\N
4019851	366891	3.3333299999999999e-06	2	\N
4019851	354306	3.3333299999999999e-06	2	\N
4019851	354130	3.3333299999999999e-06	2	\N
4019825	366350	3.3333299999999999e-06	2	\N
4019825	340085	3.3333299999999999e-06	2	\N
4019825	339469	3.3333299999999999e-06	2	\N
4019778	340096	3.3333299999999999e-06	2	\N
4019778	366361	3.3333299999999999e-06	2	\N
4019778	339480	3.3333299999999999e-06	2	\N
4020087	356857	3.3333299999999999e-06	2	\N
4020087	358617	3.3333299999999999e-06	2	\N
4020087	385366	3.3333299999999999e-06	2	\N
4020052	384283	3.3333299999999999e-06	2	\N
4020052	341214	3.3333299999999999e-06	2	\N
4020052	330449	3.3333299999999999e-06	2	\N
4020051	383769	3.3333299999999999e-06	2	\N
4020051	376467	3.3333299999999999e-06	2	\N
4020051	383945	3.3333299999999999e-06	2	\N
4020015	348722	3.3333299999999999e-06	2	\N
4020015	349778	3.3333299999999999e-06	2	\N
4020015	349690	3.3333299999999999e-06	2	\N
4019913	354070	3.3333299999999999e-06	2	\N
4019913	366831	3.3333299999999999e-06	2	\N
4019913	354246	3.3333299999999999e-06	2	\N
4020119	392873	3.3333299999999999e-06	2	\N
4020119	355846	3.3333299999999999e-06	2	\N
4020119	362884	3.3333299999999999e-06	2	\N
4019981	364060	3.3333299999999999e-06	2	\N
4019981	393433	3.3333299999999999e-06	2	\N
4019981	354734	3.3333299999999999e-06	2	\N
4019624	372430	3.3333299999999999e-06	2	\N
4019624	374366	3.3333299999999999e-06	2	\N
4019624	395242	3.3333299999999999e-06	2	\N
4019574	344089	3.3333299999999999e-06	2	\N
4019574	355745	3.3333299999999999e-06	2	\N
4019574	387422	3.3333299999999999e-06	2	\N
4020111	362830	3.3333299999999999e-06	2	\N
4020111	386589	3.3333299999999999e-06	2	\N
4020111	355000	3.3333299999999999e-06	2	\N
4020082	375407	3.3333299999999999e-06	2	\N
4020082	350024	3.3333299999999999e-06	2	\N
4020082	357104	3.3333299999999999e-06	2	\N
4019849	391673	3.3333299999999999e-06	2	\N
4019849	377203	3.3333299999999999e-06	2	\N
4019849	377819	3.3333299999999999e-06	2	\N
4019760	366338	3.3333299999999999e-06	2	\N
4019760	340073	3.3333299999999999e-06	2	\N
4019760	339457	3.3333299999999999e-06	2	\N
4019652	392359	3.3333299999999999e-06	2	\N
4019652	353748	3.3333299999999999e-06	2	\N
4019652	392711	3.3333299999999999e-06	2	\N
4019856	396583	3.3333299999999999e-06	2	\N
4019856	351204	3.3333299999999999e-06	2	\N
4019856	348476	3.3333299999999999e-06	2	\N
4020096	364626	3.3333299999999999e-06	2	\N
4020096	364098	3.3333299999999999e-06	2	\N
4020096	378707	3.3333299999999999e-06	2	\N
4020004	397775	3.3333299999999999e-06	2	\N
4020004	348260	3.3333299999999999e-06	2	\N
4020004	391897	3.3333299999999999e-06	2	\N
4019946	385452	3.3333299999999999e-06	2	\N
4019946	350831	3.3333299999999999e-06	2	\N
4019946	348191	3.3333299999999999e-06	2	\N
4019977	387742	3.3333299999999999e-06	2	\N
4019977	387566	3.3333299999999999e-06	2	\N
4019977	343617	3.3333299999999999e-06	2	\N
4019904	385127	3.3333299999999999e-06	2	\N
4019904	366387	3.3333299999999999e-06	2	\N
4019904	366651	3.3333299999999999e-06	2	\N
4019672	363128	3.3333299999999999e-06	2	\N
4019672	339770	3.3333299999999999e-06	2	\N
4019672	362688	3.3333299999999999e-06	2	\N
4019638	344090	3.3333299999999999e-06	2	\N
4019638	355746	3.3333299999999999e-06	2	\N
4019638	387423	3.3333299999999999e-06	2	\N
4019898	392952	3.3333299999999999e-06	2	\N
4019898	384786	3.3333299999999999e-06	2	\N
4019898	366750	3.3333299999999999e-06	2	\N
4019733	393902	3.3333299999999999e-06	2	\N
4019733	393638	3.3333299999999999e-06	2	\N
4019733	339939	3.3333299999999999e-06	2	\N
4019713	393069	3.3333299999999999e-06	2	\N
4019713	363256	3.3333299999999999e-06	2	\N
4019713	366075	3.3333299999999999e-06	2	\N
4019912	363055	3.3333299999999999e-06	2	\N
4019912	353993	3.3333299999999999e-06	2	\N
4019912	339521	3.3333299999999999e-06	2	\N
4020025	355978	3.3333299999999999e-06	2	\N
4020025	365304	3.3333299999999999e-06	2	\N
4020025	340450	3.3333299999999999e-06	2	\N
4019606	372387	3.3333299999999999e-06	2	\N
4019606	395199	3.3333299999999999e-06	2	\N
4019606	374323	3.3333299999999999e-06	2	\N
1138924	491003	5.00000000000000024e-05	31	\N
1130153	482232	5.00000000000000024e-05	45	\N
1133087	485166	5.00000000000000024e-05	41	\N
1133708	485787	5.00000000000000024e-05	39	\N
1131758	483837	5.00000000000000024e-05	43	\N
1131767	483846	5.00000000000000024e-05	29	\N
1132655	484734	5.00000000000000024e-05	40	\N
1133884	485963	5.00000000000000024e-05	47	\N
1152221	504300	5.00000000000000024e-05	43	\N
1143386	495465	5.00000000000000024e-05	40	\N
1152149	504228	5.00000000000000024e-05	35	\N
1133810	485889	5.00000000000000024e-05	60	\N
1133655	485734	5.00000000000000024e-05	47	\N
1143233	495312	5.00000000000000024e-05	34	\N
1133280	485359	5.00000000000000024e-05	44	\N
1152220	504299	5.00000000000000024e-05	70	\N
1130174	482253	5.00000000000000024e-05	35	\N
1152155	504234	5.00000000000000024e-05	36	\N
1152181	504260	5.00000000000000024e-05	51	\N
1152208	504287	5.00000000000000024e-05	38	\N
1131302	483381	5.00000000000000024e-05	37	\N
1142526	494605	5.00000000000000024e-05	40	\N
1130919	482998	5.00000000000000024e-05	45	\N
1130905	482984	5.00000000000000024e-05	40	\N
1133314	485393	5.00000000000000024e-05	35	\N
1133648	485727	5.00000000000000024e-05	52	\N
1142651	494730	5.00000000000000024e-05	51	\N
1138268	490347	5.00000000000000024e-05	41	\N
1133123	485202	5.00000000000000024e-05	55	\N
1142578	494657	5.00000000000000024e-05	54	\N
1142596	494675	5.00000000000000024e-05	45	\N
1144181	496260	5.00000000000000024e-05	37	\N
1139175	491254	5.00000000000000024e-05	45	\N
1145036	497115	5.00000000000000024e-05	77	\N
1139071	491150	5.00000000000000024e-05	38	\N
1144292	496371	5.00000000000000024e-05	39	\N
1152105	504184	5.00000000000000024e-05	70	\N
1133724	485803	5.00000000000000024e-05	55	\N
1152187	504266	5.00000000000000024e-05	48	\N
1145021	497100	5.00000000000000024e-05	45	\N
886304	406895	5.00000000000000024e-05	\N	\N
1133078	485157	5.00000000000000024e-05	44	\N
1133076	485155	5.00000000000000024e-05	51	\N
1132665	484744	5.00000000000000024e-05	63	\N
1143953	496032	5.00000000000000024e-05	44	\N
1139045	491124	5.00000000000000024e-05	41	\N
1132796	484875	5.00000000000000024e-05	41	\N
1130989	483068	5.00000000000000024e-05	46	\N
1132671	484750	5.00000000000000024e-05	54	\N
1143961	496040	5.00000000000000024e-05	38	\N
1132793	484872	5.00000000000000024e-05	36	\N
1144967	497046	5.00000000000000024e-05	47	\N
1130869	482948	5.00000000000000024e-05	45	\N
1130123	482202	5.00000000000000024e-05	38	\N
1152110	504189	5.00000000000000024e-05	36	\N
1143296	495375	5.00000000000000024e-05	42	\N
1149679	501758	5.00000000000000024e-05	51	\N
1134382	486461	5.00000000000000024e-05	38	\N
1153394	505473	5.00000000000000024e-05	51	\N
1153316	505395	5.00000000000000024e-05	41	\N
1135366	487445	5.00000000000000024e-05	59	\N
1135375	487454	5.00000000000000024e-05	39	\N
1133591	485670	5.00000000000000024e-05	39	\N
1136313	488392	5.00000000000000024e-05	42	\N
1149769	501848	5.00000000000000024e-05	49	\N
1149785	501864	5.00000000000000024e-05	45	\N
1150509	502588	5.00000000000000024e-05	46	\N
1153415	505494	5.00000000000000024e-05	35	\N
1152359	504438	5.00000000000000024e-05	45	\N
1149843	501922	5.00000000000000024e-05	45	\N
1130127	482206	5.00000000000000024e-05	36	\N
1150579	502658	5.00000000000000024e-05	45	\N
1141535	493614	5.00000000000000024e-05	49	\N
1150035	502114	5.00000000000000024e-05	33	\N
1136733	488812	5.00000000000000024e-05	47	\N
1149959	502038	5.00000000000000024e-05	45	\N
1141509	493588	5.00000000000000024e-05	52	\N
1140948	493027	5.00000000000000024e-05	38	\N
1136537	488616	5.00000000000000024e-05	58	\N
1135364	487443	5.00000000000000024e-05	50	\N
1138955	491034	5.00000000000000024e-05	39	\N
886236	406827	5.00000000000000024e-05	\N	\N
4239307	561423	5.00000000000000024e-05	6	\N
1144367	496446	5.00000000000000024e-05	34	\N
3349303	556792	5.00000000000000024e-05	37	\N
\.


--
-- Data for Name: sample_registration; Type: TABLE DATA; Schema: public; Owner: postgres
--

COPY sample_registration (sample_id, volume, time_stamp) FROM stdin;
\.


--
-- Name: sample_sample_id_seq; Type: SEQUENCE SET; Schema: public; Owner: postgres
--

SELECT pg_catalog.setval('sample_sample_id_seq', 1, false);


--
-- Name: sample_set_auto_label_seq; Type: SEQUENCE SET; Schema: public; Owner: postgres
--

SELECT pg_catalog.setval('sample_set_auto_label_seq', 1, false);


--
-- Data for Name: sample_set_sample; Type: TABLE DATA; Schema: public; Owner: postgres
--

COPY sample_set_sample (sample_set_id, sample_id) FROM stdin;
\.


--
-- Name: sample_set_sample_set_id_seq; Type: SEQUENCE SET; Schema: public; Owner: postgres
--

SELECT pg_catalog.setval('sample_set_sample_set_id_seq', 1, false);


--
-- Name: sample_set_type_sample_set_type_id_seq; Type: SEQUENCE SET; Schema: public; Owner: postgres
--

SELECT pg_catalog.setval('sample_set_type_sample_set_type_id_seq', 1, false);


--
-- Name: sample_type_sample_type_id_seq; Type: SEQUENCE SET; Schema: public; Owner: postgres
--

SELECT pg_catalog.setval('sample_type_sample_type_id_seq', 1, false);


--
-- Name: seq_identifier_type_seq_identifier_type_id_seq; Type: SEQUENCE SET; Schema: public; Owner: postgres
--

SELECT pg_catalog.setval('seq_identifier_type_seq_identifier_type_id_seq', 1, false);


--
-- Name: sequence_feature_sequence_feature_id_seq; Type: SEQUENCE SET; Schema: public; Owner: postgres
--

SELECT pg_catalog.setval('sequence_feature_sequence_feature_id_seq', 1, false);


--
-- Name: sequence_hybridization_sequence_hybridization_id_seq; Type: SEQUENCE SET; Schema: public; Owner: postgres
--

SELECT pg_catalog.setval('sequence_hybridization_sequence_hybridization_id_seq', 1, false);


--
-- Name: sequence_transcript_target_sequence_transcript_target_id_seq; Type: SEQUENCE SET; Schema: public; Owner: postgres
--

SELECT pg_catalog.setval('sequence_transcript_target_sequence_transcript_target_id_seq', 1, false);


--
-- Data for Name: single_supplier_molecule_design; Type: TABLE DATA; Schema: public; Owner: gathmann
--

COPY single_supplier_molecule_design (supplier_molecule_design_id, molecule_design_id) FROM stdin;
4694	10282120
4662	10282088
160848	10243998
3403	10394685
4134	10281560
4614	10282040
324067	10407250
160847	10243995
4423	10281849
161050	10243989
4385	10281811
4652	10282078
3432	10394714
4666	10282092
4658	10282084
4721	10282147
160912	10242330
4437	10281863
4692	10282118
4425	10281851
160906	10242287
4561	10281987
161045	10244019
4700	10282126
161112	10241353
4609	10282035
3458	10394740
3460	10394742
4723	10282149
4656	10282082
4704	10282130
4698	10282124
4567	10281993
4668	10282094
4601	10282027
4725	10282151
3401	10394683
3430	10394712
4565	10281991
4138	10281564
4616	10282042
4696	10282122
3405	10394687
4383	10281809
4381	10281807
4130	10281556
4607	10282033
4664	10282090
4421	10281847
3462	10394744
4605	10282031
4603	10282029
7052	10314733
19843	10327516
18258	10325922
10742	10318418
24873	10332543
22371	10330044
34241	10341902
22979	10330652
15116	10322786
32599	10340266
17884	10325549
9607	10317285
33253	10340918
12384	10320058
10594	10318270
22969	10330642
6368	10314049
5777	10313457
18108	10325772
19345	10327018
11821	10319495
19791	10327464
32835	10340502
6464	10314145
11476	10319152
13330	10321001
14219	10321889
35061	10342721
30600	10338268
35934	10343593
14866	10322536
11005	10318681
649	10246498
6276	10313957
14884	10322554
29148	10336816
34899	10342559
25059	10332729
7900	10315580
8215	10315894
7165	10314846
14594	10322264
10600	10318276
5735	10313415
5792	10313472
32804	10340471
13320	10320991
12896	10320567
28189	10335857
22308	10329981
15091	10322761
9985	10317662
5432	10313112
27116	10334784
22949	10330622
9723	10317401
23857	10331529
7767	10315447
28626	10336294
25435	10333104
19892	10327565
25688	10333357
11177	10318853
19567	10327240
35156	10342816
12266	10319940
28551	10336219
32156	10339823
20628	10328301
33092	10340758
16250	10323919
18550	10326214
21296	10328969
34700	10342360
33368	10341033
841	10246499
27306	10334974
18554	10326218
34534	10342195
30525	10338194
33966	10341627
11459	10319135
11679	10319355
35379	10343038
35285	10342944
33673	10341335
15136	10322806
25692	10333361
13138	10320809
15969	10323638
12356	10320030
15273	10322943
29223	10336891
35230	10342889
25666	10333335
9331	10317009
35843	10343502
17068	10324736
16256	10323925
22772	10330445
18960	10326623
26568	10334236
35275	10342934
5998	10313678
13444	10321115
24000	10331670
23496	10331168
33196	10340861
31685	10339351
34510	10342171
28610	10336278
6045	10313725
5731	10313411
10164	10317840
20934	10328607
10475	10318151
8174	10315853
279	10246412
29117	10336785
17679	10325345
10924	10318600
8359	10316038
23248	10330920
23273	10330945
31510	10339176
6765	10314446
26540	10334208
22723	10330396
31640	10339306
31214	10338880
8960	10316638
22750	10330423
21731	10329404
12533	10320207
7651	10315331
681	10246083
24251	10331921
22525	10330198
8731	10316410
33095	10340761
35839	10343498
32208	10339875
30765	10338431
14233	10321903
9751	10317429
23996	10331666
14546	10322216
10171	10317847
14949	10322619
12121	10319795
12833	10320504
26982	10334650
28502	10336170
7375	10315056
755	10246413
35656	10343315
18525	10326189
23459	10331131
12599	10320273
35729	10343388
22553	10330226
7803	10315483
22091	10329764
19775	10327448
35714	10343373
28039	10335707
29944	10337612
15391	10323061
24070	10331740
29957	10337625
13558	10321228
25465	10333134
10845	10318521
35536	10343195
26582	10334250
34706	10342366
33389	10341053
24160	10331830
16266	10323935
21282	10328955
29123	10336791
10304	10317980
7689	10315369
8365	10316044
27468	10335136
21169	10328842
6465	10314146
7288	10314969
7453	10315134
32140	10339807
20206	10327879
21153	10328826
18086	10325750
29754	10337422
16644	10324312
28982	10336650
29618	10337286
13110	10320781
7487	10315168
6519	10314200
23999	10331669
29227	10336895
24054	10331724
23055	10330727
16758	10324426
11118	10318794
15855	10323524
15146	10322816
5598	10313278
7751	10315431
22931	10330604
34412	10342073
11791	10319467
33231	10340896
17490	10325157
34212	10341873
21665	10329338
33291	10340956
6874	10314555
16630	10324298
35405	10343064
6586	10314267
10397	10318073
25452	10333121
10697	10318373
20175	10327848
6460	10314141
17349	10325017
11006	10318682
7494	10315175
6539	10314220
9927	10317604
10846	10318522
10841	10318517
14712	10322382
33180	10340845
871	10246082
24159	10331829
23192	10330864
23511	10331183
8198	10315877
10021	10317698
17871	10325536
9366	10317044
29201	10336869
17542	10325209
20016	10327689
20701	10328374
9962	10317639
27275	10334943
26534	10334202
34533	10342194
33087	10340753
35255	10342914
6275	10313956
16207	10323876
33340	10341005
10900	10318576
18112	10325776
6566	10314247
676	10246183
29152	10336820
9911	10317588
17139	10324807
22543	10330216
23188	10330860
30929	10338595
14893	10322563
11434	10319110
8632	10316311
12374	10320048
35427	10343086
21159	10328832
23349	10331021
14572	10322242
25128	10332798
24444	10332114
13314	10320985
8197	10315876
24331	10332001
18519	10326183
33567	10341229
32257	10339924
11458	10319134
14473	10322143
5545	10313225
34551	10342212
9771	10317449
14075	10321745
12170	10319844
18175	10325839
13478	10321149
14053	10321723
13362	10321033
10711	10318387
6182	10313862
17983	10325647
7319	10315000
7164	10314845
7469	10315150
16062	10323731
17623	10325289
19875	10327548
18047	10325711
18196	10325860
19177	10326840
7657	10315337
7756	10315436
6197	10313877
15384	10323054
26820	10334488
20170	10327843
25728	10333397
754	10246207
14410	10322080
26969	10334637
296	10246380
6253	10313934
20027	10327700
18975	10326638
12615	10320289
19933	10327606
204788	103548
10707	10318383
6780	10314461
5741	10313421
6208	10313888
18411	10326075
26972	10334640
12319	10319993
10145	10317821
15002	10322672
13719	10321389
12836	10320507
7376	10315057
228407	44697
19024	10326687
13670	10321340
12772	10320443
25147	10332817
7610	10315291
19675	10327348
17796	10325461
8985	10316663
12734	10320405
17976	10325640
6606	10314287
5873	10313553
17562	10325229
13683	10321353
20168	10327841
698	10246251
17856	10325521
17937	10325601
13099	10320770
14026	10321696
12705	10320376
19375	10327048
8227	10315906
20056	10327729
8084	10315763
10676	10318352
8824	10316502
13145	10320816
12691	10320362
12526	10320200
12845	10320516
13484	10321155
17836	10325501
14021	10321691
19381	10327054
408198	10410583
216425	120630
14641	10322311
17795	10325460
248940	41223
245956	39151
242491	127956
232536	23187
225253	146811
227293	18069
252388	271955
243105	128905
237777	29428
238171	35327
243725	37278
250245	149565
246100	260643
225044	5394
229521	138335
252539	263511
239502	148890
236150	127186
248877	128356
240858	125687
225150	147336
241562	149011
237460	121872
225151	147337
236086	219497
226444	145463
235267	25464
237645	127278
248176	128696
235030	126964
236698	123145
225046	122124
252251	264780
236163	235637
234640	24764
240492	141010
229310	137780
235483	140471
244123	129238
230007	122580
246970	126179
241561	149010
232756	133971
240857	125686
237574	132447
245962	129068
245803	129459
234545	135012
238015	127307
229522	138336
242343	131784
240273	130981
242489	127954
245517	44505
234095	135042
231351	219455
235268	125040
234639	24672
246971	126180
255050	265824
233809	134795
244853	130119
245957	128011
252362	25637
235975	125167
248174	128694
248876	128355
246972	126181
250246	149566
237646	127279
246002	218676
232762	108930
236164	261202
252538	263510
249829	217274
225410	10621
232755	133970
246101	260644
248939	41132
241633	149019
226801	20458
234543	135010
229311	137781
225710	146463
238016	127308
238516	123365
252387	271954
235031	126965
246001	218675
234550	134811
246003	218677
225051	148181
235973	26622
235972	26622
229224	138682
229326	138167
236148	127184
235009	131970
229523	138337
231352	219456
226872	108571
252587	272148
247434	129605
234549	23793
245958	128012
241549	34631
240419	127569
225045	122122
225409	10527
248175	128695
252585	272146
232462	148583
237153	133104
255048	265822
238172	109854
242913	128731
244854	130120
237835	29474
238173	216984
239010	127399
234698	123158
225149	147335
247432	129603
237458	121870
252475	272048
236165	284793
249828	141942
238014	29675
226774	17115
226142	145227
241634	149020
237836	123297
234641	135156
245804	129460
252389	271956
227419	215916
232971	21235
234096	135043
243726	37371
236084	219495
232464	148585
227292	17976
227417	9184
242342	44512
234697	123157
237459	121871
250049	258986
225709	44991
240420	127570
242914	128732
226707	5907
235481	25763
243103	128903
250247	149567
234599	140356
252586	272147
240057	148926
237647	127280
230009	122582
238514	123363
229309	137779
225492	146829
241550	34720
240058	241858
226709	116247
226870	108569
237151	28292
237709	147799
229223	138681
225255	146813
240964	127639
242912	26072
241551	131481
226803	144303
244122	129237
225491	146828
252476	272049
250047	258984
252250	264779
237778	148812
237776	29333
234386	122910
237834	29382
227418	9276
240421	127571
234387	122911
248941	148205
237572	132445
240272	130980
238515	123364
240059	241859
226708	6002
232463	148584
245519	45679
243727	141328
232761	108929
226141	16202
235011	131972
226802	20549
246902	129511
245963	129069
237710	147800
242490	127955
235269	125041
240962	127637
231353	219457
225050	148180
252249	264778
232973	46225
225708	14623
245518	45589
237730	29130
243323	42947
236697	123144
244084	217248
244124	129239
234598	140355
235482	140470
243324	129609
234597	140354
240963	127638
239504	148892
234551	134812
246903	129512
235010	131971
232763	135186
239011	127400
240491	141009
233807	23866
234544	135011
237708	147798
240856	125685
225493	146830
241635	149021
229324	138165
234696	123156
237573	132446
237731	29216
237732	29216
226776	215104
232534	22997
237152	133103
248878	128357
235974	125166
245964	129070
226443	145462
227294	142973
233808	23959
240493	141011
252537	263509
244855	130121
239503	148891
229222	138680
246099	260642
232972	21331
230008	122581
226445	145464
226143	145228
236149	127185
252360	25447
239009	127398
229325	138166
237733	133369
232535	23093
234385	24341
243104	128904
243325	129610
247433	129604
242344	131785
226775	17209
255049	265823
232757	133972
240271	130979
236085	219496
225411	106595
225254	146812
236699	123146
250048	258985
244083	124318
249830	217275
252361	25543
226871	108570
245805	129461
225052	148182
244085	217249
234094	24380
235032	126966
252474	272047
241563	149012
246901	39433
28145	10335813
16631	10324299
6240	10313921
19981	10327654
19966	10327639
7951	10315631
28244	10335912
8850	10316528
8394	10316073
26939	10334607
26978	10334646
27037	10334705
17733	10325398
17607	10325273
8914	10316592
9142	10316820
18367	10326031
304	10246028
17659	10325325
5463	10313143
8360	10316039
24820	10332490
24542	10332212
27010	10334678
7941	10315621
918	10246096
24648	10332318
19250	10326913
13434	10321105
27050	10334718
14220	10321890
11922	10319596
8075	10315754
18918	10326581
18307	10325971
8352	10316031
14105	10321775
9632	10317310
6310	10313991
24896	10332566
14074	10321744
15672	10326988
8983	10316661
25433	10333102
10587	10318263
18926	10326589
6226	10313907
8967	10316645
14195	10321865
25364	10333033
18457	10326121
6192	10313872
28223	10335891
11730	10319406
8576	10316255
9069	10316747
16061	10323730
5489	10313169
17677	10325343
27049	10334717
24632	10332302
16605	10324273
27188	10334856
8078	10315757
24704	10332374
7073	10314754
26984	10334652
6617	10314298
11509	10319185
14323	10321993
26934	10334602
7958	10315637
19912	10327585
10595	10318271
7064	10314745
8543	10316222
14376	10322046
5459	10313139
19141	10326804
10585	10318261
27016	10334684
8350	10316029
5510	10313190
8907	10316585
\.


--
-- Name: species_species_id_seq; Type: SEQUENCE SET; Schema: public; Owner: postgres
--

SELECT pg_catalog.setval('species_species_id_seq', 1, false);


--
-- Name: stock_rack_stock_rack_id_seq; Type: SEQUENCE SET; Schema: public; Owner: gathmann
--

SELECT pg_catalog.setval('stock_rack_stock_rack_id_seq', 1, false);


--
-- Data for Name: stock_sample; Type: TABLE DATA; Schema: public; Owner: gathmann
--

COPY stock_sample (sample_id, molecule_design_set_id, supplier_id, molecule_type, concentration) FROM stdin;
1098350	284356	49	COMPOUND	0.0100000000000000002
1098390	284396	49	COMPOUND	0.0100000000000000002
1098135	284141	49	COMPOUND	0.0100000000000000002
1098423	284429	49	COMPOUND	0.0100000000000000002
1098419	284425	49	COMPOUND	0.0100000000000000002
1098259	284265	49	COMPOUND	0.0100000000000000002
1098263	284269	49	COMPOUND	0.0100000000000000002
1098119	284125	49	COMPOUND	0.0100000000000000002
1098083	284089	49	COMPOUND	0.0100000000000000002
1098081	284087	49	COMPOUND	0.0100000000000000002
1098303	284309	49	COMPOUND	0.0100000000000000002
1098301	284307	49	COMPOUND	0.0100000000000000002
1098421	284427	49	COMPOUND	0.0100000000000000002
1098392	284398	49	COMPOUND	0.0100000000000000002
1098354	284360	49	COMPOUND	0.0100000000000000002
1098299	284305	49	COMPOUND	0.0100000000000000002
1098121	284127	49	COMPOUND	0.0100000000000000002
1098123	284129	49	COMPOUND	0.0100000000000000002
1098265	284271	49	COMPOUND	0.0100000000000000002
1098356	284362	49	COMPOUND	0.0100000000000000002
1098079	284085	49	COMPOUND	0.0100000000000000002
1098307	284313	49	COMPOUND	0.0100000000000000002
1098305	284311	49	COMPOUND	0.0100000000000000002
1097832	283838	49	COMPOUND	0.0100000000000000002
1097836	283842	49	COMPOUND	0.0100000000000000002
705417	281850	35	COMPOUND	0.0079376418853500004
608227	279661	35	COMPOUND	0.0135303350111000004
1097828	283834	49	COMPOUND	0.0100000000000000002
1098362	284368	49	COMPOUND	0.0100000000000000002
1098360	284366	49	COMPOUND	0.0100000000000000002
1098394	284400	49	COMPOUND	0.0100000000000000002
1098396	284402	49	COMPOUND	0.0100000000000000002
1098364	284370	49	COMPOUND	0.0100000000000000002
1098366	284372	49	COMPOUND	0.0100000000000000002
705426	281859	35	COMPOUND	0.00959149809608999919
1098314	284320	49	COMPOUND	0.0100000000000000002
1098312	284318	49	COMPOUND	0.0100000000000000002
705447	281880	35	COMPOUND	0.00902095568004000065
1098402	284408	49	COMPOUND	0.0100000000000000002
1098398	284404	49	COMPOUND	0.0100000000000000002
608184	279618	35	COMPOUND	0.0135319828413999997
705423	281856	35	COMPOUND	0.00882885269059
1418283	325776	61	COMPOUND	0.0100000000000000002
3430167	333763	62	COMPOUND	0.0050000000000000001
3430171	333763	62	COMPOUND	0.0050000000000000001
3430173	333763	62	COMPOUND	0.0050000000000000001
1418310	325803	61	COMPOUND	0.0100000000000000002
1418308	325801	61	COMPOUND	0.0100000000000000002
3430174	333763	62	COMPOUND	0.0050000000000000001
3430170	333763	62	COMPOUND	0.0050000000000000001
3430169	333763	62	COMPOUND	0.0050000000000000001
3430168	333763	62	COMPOUND	0.0050000000000000001
3430172	333763	62	COMPOUND	0.0050000000000000001
1418279	325772	61	COMPOUND	0.0100000000000000002
1418339	325832	61	COMPOUND	0.0100000000000000002
1418341	325834	61	COMPOUND	0.0100000000000000002
1523642	325848	35	COMPOUND	0.0100000000000000002
1418281	325774	61	COMPOUND	0.0100000000000000002
1418337	325830	61	COMPOUND	0.0100000000000000002
3349591	199937	18	SSDNA	0.000100000000000000005
3349404	204157	18	SSDNA	0.000100000000000000005
3349414	204148	18	SSDNA	0.000100000000000000005
3349447	197480	18	SSDNA	0.000100000000000000005
3349453	204169	18	SSDNA	0.000100000000000000005
3349468	204402	18	SSDNA	0.000100000000000000005
3349495	204258	18	SSDNA	0.000100000000000000005
3349434	204195	18	SSDNA	0.000100000000000000005
3349435	204197	18	SSDNA	0.000100000000000000005
3349511	204250	18	SSDNA	0.000100000000000000005
3349440	204160	18	SSDNA	0.000100000000000000005
3349578	204280	18	SSDNA	0.000100000000000000005
3349586	199092	18	SSDNA	0.000100000000000000005
3349415	201040	18	SSDNA	0.000100000000000000005
3349580	199476	18	SSDNA	0.000100000000000000005
3349381	204163	18	SSDNA	0.000100000000000000005
3349576	204266	18	SSDNA	0.000100000000000000005
3349368	200451	18	SSDNA	0.000100000000000000005
3349428	204159	18	SSDNA	0.000100000000000000005
3349402	199907	18	SSDNA	0.000100000000000000005
3349425	204139	18	SSDNA	0.000100000000000000005
3349371	197680	18	SSDNA	0.000100000000000000005
3349461	204293	18	SSDNA	0.000100000000000000005
3349443	204172	18	SSDNA	0.000100000000000000005
3349437	204140	18	SSDNA	0.000100000000000000005
3349382	204200	18	SSDNA	0.000100000000000000005
3349487	204326	18	SSDNA	0.000100000000000000005
3349400	204125	18	SSDNA	0.000100000000000000005
3349480	204228	18	SSDNA	0.000100000000000000005
3349375	204175	18	SSDNA	0.000100000000000000005
3349421	204187	18	SSDNA	0.000100000000000000005
3349420	204180	18	SSDNA	0.000100000000000000005
3349397	204185	18	SSDNA	0.000100000000000000005
3349590	179725	18	SSDNA	0.000100000000000000005
3349553	204291	18	SSDNA	0.000100000000000000005
3349549	204270	18	SSDNA	0.000100000000000000005
3349481	204212	18	SSDNA	0.000100000000000000005
3349430	204313	18	SSDNA	0.000100000000000000005
3349446	204174	18	SSDNA	0.000100000000000000005
3349457	204189	18	SSDNA	0.000100000000000000005
3349389	180153	18	SSDNA	0.000100000000000000005
3349376	204124	18	SSDNA	0.000100000000000000005
3349431	204208	18	SSDNA	0.000100000000000000005
3349399	204176	18	SSDNA	0.000100000000000000005
3349372	204173	18	SSDNA	0.000100000000000000005
3091075	197224	18	SSDNA	0.000100000000000000005
3349523	179948	18	SSDNA	0.000100000000000000005
3091082	203642	18	SSDNA	0.000100000000000000005
2971921	200800	18	SSDNA	0.000100000000000000005
1361657	202891	18	SSDNA	0.000100000000000000005
3349436	204135	18	SSDNA	0.000100000000000000005
3091057	203645	18	SSDNA	0.000100000000000000005
3093536	202911	18	SSDNA	0.000100000000000000005
3347286	204565	18	SSDNA	0.000100000000000000005
3349571	204279	18	SSDNA	0.000100000000000000005
1094473	202356	18	SSDNA	0.000100000000000000005
3196587	204034	18	SSDNA	0.000100000000000000005
3347384	199281	18	SSDNA	0.000100000000000000005
3237653	204048	18	SSDNA	0.000100000000000000005
3349467	204252	18	SSDNA	0.000100000000000000005
1087600	202223	18	SSDNA	0.000100000000000000005
3347371	204337	18	SSDNA	0.000100000000000000005
3318111	202085	18	SSDNA	0.000100000000000000005
2625865	203435	18	SSDNA	0.000100000000000000005
3258022	203447	18	SSDNA	0.000100000000000000005
3349377	204144	18	SSDNA	0.000100000000000000005
3349405	204165	18	SSDNA	0.000100000000000000005
3349492	200220	18	SSDNA	0.000100000000000000005
3318101	204105	18	SSDNA	0.000100000000000000005
3318104	204100	18	SSDNA	0.000100000000000000005
3318107	204100	18	SSDNA	0.000100000000000000005
3091081	203642	18	SSDNA	0.000100000000000000005
3091086	200698	18	SSDNA	0.000100000000000000005
3091085	200698	18	SSDNA	0.000100000000000000005
3318096	204103	18	SSDNA	0.000100000000000000005
3318097	204103	18	SSDNA	0.000100000000000000005
3347348	182260	18	SSDNA	0.000100000000000000005
3318098	204103	18	SSDNA	0.000100000000000000005
3318109	202085	18	SSDNA	0.000100000000000000005
3237668	204058	18	SSDNA	0.000100000000000000005
3349584	204281	18	SSDNA	0.000100000000000000005
3347223	204449	18	SSDNA	0.000100000000000000005
3349366	204142	18	SSDNA	0.000100000000000000005
1087555	182462	18	SSDNA	0.000100000000000000005
2625817	203457	18	SSDNA	0.000100000000000000005
3347309	182340	18	SSDNA	0.000100000000000000005
3349556	204271	18	SSDNA	0.000100000000000000005
2140039	203419	18	SSDNA	0.000100000000000000005
1320698	197713	18	SSDNA	0.000100000000000000005
3434924	205007	18	SSDNA	0.000100000000000000005
3347331	204120	18	SSDNA	0.000100000000000000005
3434907	204934	18	SSDNA	0.000100000000000000005
3347375	199508	18	SSDNA	0.000100000000000000005
937671	201622	18	SSDNA	0.000100000000000000005
1365498	202963	18	SSDNA	0.000100000000000000005
3566557	1063165	6	SIRNA	1.00000000000000008e-05
3566558	1056905	6	SIRNA	1.00000000000000008e-05
3566559	1060525	6	SIRNA	1.00000000000000008e-05
3566560	1064399	6	SIRNA	1.00000000000000008e-05
3566563	1056982	6	SIRNA	1.00000000000000008e-05
3566564	1062335	6	SIRNA	1.00000000000000008e-05
3566565	1062816	6	SIRNA	1.00000000000000008e-05
3566566	1061547	6	SIRNA	1.00000000000000008e-05
3566567	1063254	6	SIRNA	1.00000000000000008e-05
3566568	1059666	6	SIRNA	1.00000000000000008e-05
3566569	1061739	6	SIRNA	1.00000000000000008e-05
3566570	1063240	6	SIRNA	1.00000000000000008e-05
3566572	1061179	6	SIRNA	1.00000000000000008e-05
3566573	1058327	6	SIRNA	1.00000000000000008e-05
3566574	1061986	6	SIRNA	1.00000000000000008e-05
3566576	1065402	6	SIRNA	1.00000000000000008e-05
3566577	1058745	6	SIRNA	1.00000000000000008e-05
3566578	1064016	6	SIRNA	1.00000000000000008e-05
3566579	1066001	6	SIRNA	1.00000000000000008e-05
3566580	1063581	6	SIRNA	1.00000000000000008e-05
3566581	1059978	6	SIRNA	1.00000000000000008e-05
3566582	1056064	6	SIRNA	1.00000000000000008e-05
3566583	1062770	6	SIRNA	1.00000000000000008e-05
3566584	1063521	6	SIRNA	1.00000000000000008e-05
3566585	1064840	6	SIRNA	1.00000000000000008e-05
3566586	1063719	6	SIRNA	1.00000000000000008e-05
3566587	1065828	6	SIRNA	1.00000000000000008e-05
3566588	1062497	6	SIRNA	1.00000000000000008e-05
3566589	1057922	6	SIRNA	1.00000000000000008e-05
3566590	1063573	6	SIRNA	1.00000000000000008e-05
3566591	1057689	6	SIRNA	1.00000000000000008e-05
3566592	1065966	6	SIRNA	1.00000000000000008e-05
3566593	1059339	6	SIRNA	1.00000000000000008e-05
3566594	1062248	6	SIRNA	1.00000000000000008e-05
3566595	1064701	6	SIRNA	1.00000000000000008e-05
3566596	1056929	6	SIRNA	1.00000000000000008e-05
3566597	1056356	6	SIRNA	1.00000000000000008e-05
3566598	1063145	6	SIRNA	1.00000000000000008e-05
3566600	1058840	6	SIRNA	1.00000000000000008e-05
3566601	1060600	6	SIRNA	1.00000000000000008e-05
3566603	1062478	6	SIRNA	1.00000000000000008e-05
3566604	1062158	6	SIRNA	1.00000000000000008e-05
3566605	1062162	6	SIRNA	1.00000000000000008e-05
3566606	1064277	6	SIRNA	1.00000000000000008e-05
3566607	1060922	6	SIRNA	1.00000000000000008e-05
3566608	1064825	6	SIRNA	1.00000000000000008e-05
3566609	1057842	6	SIRNA	1.00000000000000008e-05
3566610	1058019	6	SIRNA	1.00000000000000008e-05
3566611	1066022	6	SIRNA	1.00000000000000008e-05
3566612	1059163	6	SIRNA	1.00000000000000008e-05
3566614	1061812	6	SIRNA	1.00000000000000008e-05
3566616	1058657	6	SIRNA	1.00000000000000008e-05
3566617	1062975	6	SIRNA	1.00000000000000008e-05
3566618	1059363	6	SIRNA	1.00000000000000008e-05
3566619	1056206	6	SIRNA	1.00000000000000008e-05
3566621	1063124	6	SIRNA	1.00000000000000008e-05
3566622	1056942	6	SIRNA	1.00000000000000008e-05
3566623	1060100	6	SIRNA	1.00000000000000008e-05
3566624	1065035	6	SIRNA	1.00000000000000008e-05
3566625	1061540	6	SIRNA	1.00000000000000008e-05
3566626	1064612	6	SIRNA	1.00000000000000008e-05
3566628	1063295	6	SIRNA	1.00000000000000008e-05
3566629	1060726	6	SIRNA	1.00000000000000008e-05
3566752	1063579	6	SIRNA	1.00000000000000008e-05
3566746	1065245	6	SIRNA	1.00000000000000008e-05
3566703	1060194	6	SIRNA	1.00000000000000008e-05
3566704	1059892	6	SIRNA	1.00000000000000008e-05
3566706	1056841	6	SIRNA	1.00000000000000008e-05
3566705	1066101	6	SIRNA	1.00000000000000008e-05
3566701	1059580	6	SIRNA	1.00000000000000008e-05
3566715	1057647	6	SIRNA	1.00000000000000008e-05
3566695	1059225	6	SIRNA	1.00000000000000008e-05
3566698	1065838	6	SIRNA	1.00000000000000008e-05
3566697	1061522	6	SIRNA	1.00000000000000008e-05
3566702	1065382	6	SIRNA	1.00000000000000008e-05
3566699	1059261	6	SIRNA	1.00000000000000008e-05
3566722	1064658	6	SIRNA	1.00000000000000008e-05
3566708	1062670	6	SIRNA	1.00000000000000008e-05
3566717	1061531	6	SIRNA	1.00000000000000008e-05
3566733	1058199	6	SIRNA	1.00000000000000008e-05
3566748	1059464	6	SIRNA	1.00000000000000008e-05
3566753	1065307	6	SIRNA	1.00000000000000008e-05
3566745	1062207	6	SIRNA	1.00000000000000008e-05
3566742	1062269	6	SIRNA	1.00000000000000008e-05
3566744	1065437	6	SIRNA	1.00000000000000008e-05
3566741	1063617	6	SIRNA	1.00000000000000008e-05
3566726	1062279	6	SIRNA	1.00000000000000008e-05
3566740	1061055	6	SIRNA	1.00000000000000008e-05
3566737	1059850	6	SIRNA	1.00000000000000008e-05
3566728	1063932	6	SIRNA	1.00000000000000008e-05
3566736	1057077	6	SIRNA	1.00000000000000008e-05
3566731	1063670	6	SIRNA	1.00000000000000008e-05
3566730	1062581	6	SIRNA	1.00000000000000008e-05
3566734	1064461	6	SIRNA	1.00000000000000008e-05
3566700	1060819	6	SIRNA	1.00000000000000008e-05
3566735	1065500	6	SIRNA	1.00000000000000008e-05
1137512	292225	6	SIRNA	5.00000000000000024e-05
1152143	306745	6	SIRNA	5.00000000000000024e-05
1132320	287040	6	SIRNA	5.00000000000000024e-05
1138312	293025	6	SIRNA	5.00000000000000024e-05
1130408	285129	6	SIRNA	5.00000000000000024e-05
1138870	293583	6	SIRNA	5.00000000000000024e-05
1138557	293270	6	SIRNA	5.00000000000000024e-05
1152140	306742	6	SIRNA	5.00000000000000024e-05
1131289	286010	6	SIRNA	5.00000000000000024e-05
1145082	299699	6	SIRNA	5.00000000000000024e-05
1142755	297378	6	SIRNA	5.00000000000000024e-05
3740430	287089	6	SIRNA	5.00000000000000024e-05
1142857	297480	6	SIRNA	5.00000000000000024e-05
3740418	1020102	6	SIRNA	5.00000000000000024e-05
1138876	293589	6	SIRNA	5.00000000000000024e-05
1130932	285653	6	SIRNA	5.00000000000000024e-05
1138520	293233	6	SIRNA	5.00000000000000024e-05
1138195	292908	6	SIRNA	5.00000000000000024e-05
1137526	292239	6	SIRNA	5.00000000000000024e-05
1132023	286744	6	SIRNA	5.00000000000000024e-05
3740428	286581	6	SIRNA	5.00000000000000024e-05
1130886	285607	6	SIRNA	5.00000000000000024e-05
1140145	282843	6	SIRNA	5.00000000000000024e-05
1139498	294211	6	SIRNA	5.00000000000000024e-05
1137596	292309	6	SIRNA	5.00000000000000024e-05
1137348	292061	6	SIRNA	5.00000000000000024e-05
1142715	297338	6	SIRNA	5.00000000000000024e-05
1138318	293031	6	SIRNA	5.00000000000000024e-05
1142481	297104	6	SIRNA	5.00000000000000024e-05
1145225	299842	6	SIRNA	5.00000000000000024e-05
1145223	299840	6	SIRNA	5.00000000000000024e-05
1142904	297526	6	SIRNA	5.00000000000000024e-05
1131468	286189	6	SIRNA	5.00000000000000024e-05
1142776	297399	6	SIRNA	5.00000000000000024e-05
1144010	298628	6	SIRNA	5.00000000000000024e-05
1139265	293978	6	SIRNA	5.00000000000000024e-05
1159281	313871	6	SIRNA	5.00000000000000024e-05
1137928	292641	6	SIRNA	5.00000000000000024e-05
1137556	292269	6	SIRNA	5.00000000000000024e-05
1150732	282887	6	SIRNA	5.00000000000000024e-05
1138925	293638	6	SIRNA	5.00000000000000024e-05
1132176	286897	6	SIRNA	5.00000000000000024e-05
1133726	288444	6	SIRNA	5.00000000000000024e-05
1132081	286802	6	SIRNA	5.00000000000000024e-05
1137669	292382	6	SIRNA	5.00000000000000024e-05
1137138	291851	6	SIRNA	5.00000000000000024e-05
1144433	299050	6	SIRNA	5.00000000000000024e-05
1137660	292373	6	SIRNA	5.00000000000000024e-05
1137974	292687	6	SIRNA	5.00000000000000024e-05
1144988	299605	6	SIRNA	5.00000000000000024e-05
1143340	297961	6	SIRNA	5.00000000000000024e-05
1130874	285595	6	SIRNA	5.00000000000000024e-05
1142714	297337	6	SIRNA	5.00000000000000024e-05
1142542	297165	6	SIRNA	5.00000000000000024e-05
1132469	287188	6	SIRNA	5.00000000000000024e-05
1151991	306593	6	SIRNA	5.00000000000000024e-05
1145111	299728	6	SIRNA	5.00000000000000024e-05
1130544	285265	6	SIRNA	5.00000000000000024e-05
1142970	297592	6	SIRNA	5.00000000000000024e-05
1132946	287665	6	SIRNA	5.00000000000000024e-05
1136986	291699	6	SIRNA	5.00000000000000024e-05
1143121	297743	6	SIRNA	5.00000000000000024e-05
1133564	288282	6	SIRNA	5.00000000000000024e-05
1144217	298834	6	SIRNA	5.00000000000000024e-05
1144730	299347	6	SIRNA	5.00000000000000024e-05
1143098	297720	6	SIRNA	5.00000000000000024e-05
1144061	298678	6	SIRNA	5.00000000000000024e-05
1138507	293220	6	SIRNA	5.00000000000000024e-05
1130858	285579	6	SIRNA	5.00000000000000024e-05
1144427	299044	6	SIRNA	5.00000000000000024e-05
1137439	292152	6	SIRNA	5.00000000000000024e-05
1144930	299547	6	SIRNA	5.00000000000000024e-05
1132802	287521	6	SIRNA	5.00000000000000024e-05
1135461	290175	6	SIRNA	5.00000000000000024e-05
1135496	290210	6	SIRNA	5.00000000000000024e-05
1135492	290206	6	SIRNA	5.00000000000000024e-05
3740423	325925	6	SIRNA	5.00000000000000024e-05
1134904	289619	6	SIRNA	5.00000000000000024e-05
1140949	295661	6	SIRNA	5.00000000000000024e-05
1150288	304902	6	SIRNA	5.00000000000000024e-05
1140252	294965	6	SIRNA	5.00000000000000024e-05
1139866	294579	6	SIRNA	5.00000000000000024e-05
592875	272970	6	SIRNA	5.00000000000000024e-05
596705	276786	6	SIRNA	5.00000000000000024e-05
1365313	317047	6	SIRNA	5.00000000000000024e-05
1138903	293616	6	SIRNA	5.00000000000000024e-05
4239211	1071223	6	SIRNA	5.00000000000000024e-05
4019875	1069666	6	SIRNA	1.00000000000000008e-05
4019867	1069675	6	SIRNA	1.00000000000000008e-05
4019862	1069959	6	SIRNA	1.00000000000000008e-05
4019841	1070128	6	SIRNA	1.00000000000000008e-05
4020103	1069625	6	SIRNA	1.00000000000000008e-05
4020101	1070238	6	SIRNA	1.00000000000000008e-05
4020099	1069986	6	SIRNA	1.00000000000000008e-05
4019920	1070066	6	SIRNA	1.00000000000000008e-05
4019919	1070050	6	SIRNA	1.00000000000000008e-05
4020009	1069895	6	SIRNA	1.00000000000000008e-05
4020064	1070036	6	SIRNA	1.00000000000000008e-05
4020079	1069973	6	SIRNA	1.00000000000000008e-05
4020037	1069688	6	SIRNA	1.00000000000000008e-05
4019857	1069685	6	SIRNA	1.00000000000000008e-05
4019893	1069614	6	SIRNA	1.00000000000000008e-05
4020067	1069601	6	SIRNA	1.00000000000000008e-05
4020073	1070135	6	SIRNA	1.00000000000000008e-05
4020090	1069678	6	SIRNA	1.00000000000000008e-05
4020089	1069900	6	SIRNA	1.00000000000000008e-05
4020040	1069618	6	SIRNA	1.00000000000000008e-05
4019908	1069620	6	SIRNA	1.00000000000000008e-05
4019907	1069964	6	SIRNA	1.00000000000000008e-05
4020050	1069795	6	SIRNA	1.00000000000000008e-05
4020057	1069731	6	SIRNA	1.00000000000000008e-05
4019926	1069737	6	SIRNA	1.00000000000000008e-05
4019943	1070116	6	SIRNA	1.00000000000000008e-05
4020118	1070144	6	SIRNA	1.00000000000000008e-05
4019941	1069806	6	SIRNA	1.00000000000000008e-05
4019948	1069821	6	SIRNA	1.00000000000000008e-05
4019966	1069752	6	SIRNA	1.00000000000000008e-05
4019967	1069718	6	SIRNA	1.00000000000000008e-05
4020116	1069747	6	SIRNA	1.00000000000000008e-05
4020027	1069906	6	SIRNA	1.00000000000000008e-05
4020028	1070038	6	SIRNA	1.00000000000000008e-05
4020030	1070310	6	SIRNA	1.00000000000000008e-05
4020035	1070045	6	SIRNA	1.00000000000000008e-05
4020008	1069690	6	SIRNA	1.00000000000000008e-05
4020003	1069608	6	SIRNA	1.00000000000000008e-05
4019969	1069704	6	SIRNA	1.00000000000000008e-05
4019938	1070137	6	SIRNA	1.00000000000000008e-05
4020108	1069870	6	SIRNA	1.00000000000000008e-05
4020054	1070171	6	SIRNA	1.00000000000000008e-05
4019872	1070217	6	SIRNA	1.00000000000000008e-05
4020000	1069612	6	SIRNA	1.00000000000000008e-05
4019978	1070200	6	SIRNA	1.00000000000000008e-05
4019962	1070175	6	SIRNA	1.00000000000000008e-05
4020083	1070130	6	SIRNA	1.00000000000000008e-05
4020085	1069791	6	SIRNA	1.00000000000000008e-05
4020113	1070280	6	SIRNA	1.00000000000000008e-05
4020074	1069800	6	SIRNA	1.00000000000000008e-05
4019845	1070059	6	SIRNA	1.00000000000000008e-05
4019844	1070071	6	SIRNA	1.00000000000000008e-05
4019848	1070194	6	SIRNA	1.00000000000000008e-05
4019900	1069823	6	SIRNA	1.00000000000000008e-05
4019899	1069637	6	SIRNA	1.00000000000000008e-05
4019924	1070182	6	SIRNA	1.00000000000000008e-05
4019949	1069741	6	SIRNA	1.00000000000000008e-05
4019880	1069967	6	SIRNA	1.00000000000000008e-05
4020049	1070233	6	SIRNA	1.00000000000000008e-05
4019937	1069754	6	SIRNA	1.00000000000000008e-05
4020070	1069668	6	SIRNA	1.00000000000000008e-05
4019897	1069812	6	SIRNA	1.00000000000000008e-05
4019885	1070055	6	SIRNA	1.00000000000000008e-05
4019884	1069979	6	SIRNA	1.00000000000000008e-05
4019883	1069960	6	SIRNA	1.00000000000000008e-05
4019851	1070100	6	SIRNA	1.00000000000000008e-05
4019825	1070032	6	SIRNA	1.00000000000000008e-05
4019778	1069871	6	SIRNA	1.00000000000000008e-05
4020087	1070154	6	SIRNA	1.00000000000000008e-05
4020052	1070092	6	SIRNA	1.00000000000000008e-05
4020051	1070103	6	SIRNA	1.00000000000000008e-05
4020015	1069696	6	SIRNA	1.00000000000000008e-05
4019913	1069651	6	SIRNA	1.00000000000000008e-05
4020119	1070110	6	SIRNA	1.00000000000000008e-05
4019981	1069694	6	SIRNA	1.00000000000000008e-05
4019624	1069867	6	SIRNA	1.00000000000000008e-05
4019574	1070040	6	SIRNA	1.00000000000000008e-05
4020111	1070104	6	SIRNA	1.00000000000000008e-05
4020082	1070187	6	SIRNA	1.00000000000000008e-05
4019849	1070149	6	SIRNA	1.00000000000000008e-05
4019760	1070026	6	SIRNA	1.00000000000000008e-05
4019652	1069965	6	SIRNA	1.00000000000000008e-05
4019856	1070151	6	SIRNA	1.00000000000000008e-05
4020096	1069655	6	SIRNA	1.00000000000000008e-05
4020004	1070211	6	SIRNA	1.00000000000000008e-05
4019946	1070153	6	SIRNA	1.00000000000000008e-05
4019977	1069700	6	SIRNA	1.00000000000000008e-05
4019904	1069649	6	SIRNA	1.00000000000000008e-05
4019672	1069936	6	SIRNA	1.00000000000000008e-05
4019638	1069942	6	SIRNA	1.00000000000000008e-05
4019898	1069644	6	SIRNA	1.00000000000000008e-05
4019733	1070037	6	SIRNA	1.00000000000000008e-05
4019713	1069933	6	SIRNA	1.00000000000000008e-05
4019912	1070087	6	SIRNA	1.00000000000000008e-05
4020025	1069595	6	SIRNA	1.00000000000000008e-05
4019606	1069931	6	SIRNA	1.00000000000000008e-05
1138924	293637	6	SIRNA	5.00000000000000024e-05
1130153	284874	6	SIRNA	5.00000000000000024e-05
1133087	287806	6	SIRNA	5.00000000000000024e-05
1133708	288426	6	SIRNA	5.00000000000000024e-05
1131758	286479	6	SIRNA	5.00000000000000024e-05
1131767	286488	6	SIRNA	5.00000000000000024e-05
1132655	287374	6	SIRNA	5.00000000000000024e-05
1133884	288602	6	SIRNA	5.00000000000000024e-05
1152221	306823	6	SIRNA	5.00000000000000024e-05
1143386	298007	6	SIRNA	5.00000000000000024e-05
1152149	306751	6	SIRNA	5.00000000000000024e-05
1133810	288528	6	SIRNA	5.00000000000000024e-05
1133655	288373	6	SIRNA	5.00000000000000024e-05
1143233	297855	6	SIRNA	5.00000000000000024e-05
1133280	287998	6	SIRNA	5.00000000000000024e-05
1152220	306822	6	SIRNA	5.00000000000000024e-05
1130174	284895	6	SIRNA	5.00000000000000024e-05
1152155	306757	6	SIRNA	5.00000000000000024e-05
1152181	306783	6	SIRNA	5.00000000000000024e-05
1152208	306810	6	SIRNA	5.00000000000000024e-05
1131302	286023	6	SIRNA	5.00000000000000024e-05
1142526	297149	6	SIRNA	5.00000000000000024e-05
1130919	285640	6	SIRNA	5.00000000000000024e-05
1130905	285626	6	SIRNA	5.00000000000000024e-05
1133314	288032	6	SIRNA	5.00000000000000024e-05
1133648	288366	6	SIRNA	5.00000000000000024e-05
1142651	297274	6	SIRNA	5.00000000000000024e-05
1138268	292981	6	SIRNA	5.00000000000000024e-05
1133123	287842	6	SIRNA	5.00000000000000024e-05
1142578	297201	6	SIRNA	5.00000000000000024e-05
1142596	297219	6	SIRNA	5.00000000000000024e-05
1144181	298798	6	SIRNA	5.00000000000000024e-05
1139175	293888	6	SIRNA	5.00000000000000024e-05
1145036	299653	6	SIRNA	5.00000000000000024e-05
1139071	293784	6	SIRNA	5.00000000000000024e-05
1144292	298909	6	SIRNA	5.00000000000000024e-05
1152105	306707	6	SIRNA	5.00000000000000024e-05
1133724	288442	6	SIRNA	5.00000000000000024e-05
1152187	306789	6	SIRNA	5.00000000000000024e-05
1145021	299638	6	SIRNA	5.00000000000000024e-05
886304	282735	6	SIRNA	5.00000000000000024e-05
1133078	287797	6	SIRNA	5.00000000000000024e-05
1133076	287795	6	SIRNA	5.00000000000000024e-05
1132665	287384	6	SIRNA	5.00000000000000024e-05
1143953	298571	6	SIRNA	5.00000000000000024e-05
1139045	293758	6	SIRNA	5.00000000000000024e-05
1132796	287515	6	SIRNA	5.00000000000000024e-05
1130989	285710	6	SIRNA	5.00000000000000024e-05
1132671	287390	6	SIRNA	5.00000000000000024e-05
1143961	298579	6	SIRNA	5.00000000000000024e-05
1132793	287512	6	SIRNA	5.00000000000000024e-05
1144967	299584	6	SIRNA	5.00000000000000024e-05
1130869	285590	6	SIRNA	5.00000000000000024e-05
1130123	284844	6	SIRNA	5.00000000000000024e-05
1152110	306712	6	SIRNA	5.00000000000000024e-05
1143296	297918	6	SIRNA	5.00000000000000024e-05
1149679	304295	6	SIRNA	5.00000000000000024e-05
1134382	289098	6	SIRNA	5.00000000000000024e-05
1153394	307995	6	SIRNA	5.00000000000000024e-05
1153316	307917	6	SIRNA	5.00000000000000024e-05
1135366	290080	6	SIRNA	5.00000000000000024e-05
1135375	290089	6	SIRNA	5.00000000000000024e-05
1133591	288309	6	SIRNA	5.00000000000000024e-05
1136313	291026	6	SIRNA	5.00000000000000024e-05
1149769	304385	6	SIRNA	5.00000000000000024e-05
1149785	304401	6	SIRNA	5.00000000000000024e-05
1150509	305122	6	SIRNA	5.00000000000000024e-05
1153415	308016	6	SIRNA	5.00000000000000024e-05
1152359	306961	6	SIRNA	5.00000000000000024e-05
1149843	304459	6	SIRNA	5.00000000000000024e-05
1130127	284848	6	SIRNA	5.00000000000000024e-05
1150579	305192	6	SIRNA	5.00000000000000024e-05
1141535	296246	6	SIRNA	5.00000000000000024e-05
1150035	304651	6	SIRNA	5.00000000000000024e-05
1136733	291446	6	SIRNA	5.00000000000000024e-05
1149959	304575	6	SIRNA	5.00000000000000024e-05
1141509	296220	6	SIRNA	5.00000000000000024e-05
1140948	295660	6	SIRNA	5.00000000000000024e-05
1136537	291250	6	SIRNA	5.00000000000000024e-05
1135364	290078	6	SIRNA	5.00000000000000024e-05
1138955	293668	6	SIRNA	5.00000000000000024e-05
886236	282667	6	SIRNA	5.00000000000000024e-05
4239307	333044	6	SIRNA	5.00000000000000024e-05
1144367	298984	6	SIRNA	5.00000000000000024e-05
3349303	326712	40	SIRNA	5.00000000000000024e-05
\.


--
-- Data for Name: stock_sample_creation_iso; Type: TABLE DATA; Schema: public; Owner: gathmann
--

COPY stock_sample_creation_iso (iso_id, ticket_number, layout_number) FROM stdin;
\.


--
-- Name: subproject_subproject_id_seq; Type: SEQUENCE SET; Schema: public; Owner: postgres
--

SELECT pg_catalog.setval('subproject_subproject_id_seq', 1, false);


--
-- Data for Name: supplier_barcode; Type: TABLE DATA; Schema: public; Owner: postgres
--

COPY supplier_barcode (supplier_barcode, rack_id, supplier_id) FROM stdin;
\.


--
-- Name: supplier_molecule_design_supplier_molecule_design_id_seq; Type: SEQUENCE SET; Schema: public; Owner: gathmann
--

SELECT pg_catalog.setval('supplier_molecule_design_supplier_molecule_design_id_seq', 1, false);


--
-- Data for Name: supplier_structure_annotation; Type: TABLE DATA; Schema: public; Owner: gathmann
--

COPY supplier_structure_annotation (supplier_molecule_design_id, chemical_structure_id, annotation) FROM stdin;
\.


--
-- Data for Name: tag_domain; Type: TABLE DATA; Schema: public; Owner: thelma
--

COPY tag_domain (tag_domain_id, domain) FROM stdin;
\.


--
-- Data for Name: tag_predicate; Type: TABLE DATA; Schema: public; Owner: thelma
--

COPY tag_predicate (tag_predicate_id, predicate) FROM stdin;
\.


--
-- Data for Name: tag_value; Type: TABLE DATA; Schema: public; Owner: thelma
--

COPY tag_value (tag_value_id, value) FROM stdin;
\.


--
-- Data for Name: tag; Type: TABLE DATA; Schema: public; Owner: thelma
--

COPY tag (tag_id, tag_domain_id, tag_predicate_id, tag_value_id) FROM stdin;
\.


--
-- Name: tag_domain_tag_domain_id_seq; Type: SEQUENCE SET; Schema: public; Owner: thelma
--

SELECT pg_catalog.setval('tag_domain_tag_domain_id_seq', 1, false);


--
-- Name: tag_predicate_tag_predicate_id_seq; Type: SEQUENCE SET; Schema: public; Owner: thelma
--

SELECT pg_catalog.setval('tag_predicate_tag_predicate_id_seq', 1, false);


--
-- Name: tag_tag_id_seq; Type: SEQUENCE SET; Schema: public; Owner: thelma
--

SELECT pg_catalog.setval('tag_tag_id_seq', 1, false);


--
-- Name: tag_value_tag_value_id_seq; Type: SEQUENCE SET; Schema: public; Owner: thelma
--

SELECT pg_catalog.setval('tag_value_tag_value_id_seq', 1, false);


--
-- Data for Name: tagged; Type: TABLE DATA; Schema: public; Owner: thelma
--

COPY tagged (tagged_id, type) FROM stdin;
\.


--
-- Data for Name: tagged_rack_position_set; Type: TABLE DATA; Schema: public; Owner: thelma
--

COPY tagged_rack_position_set (rack_layout_id, tagged_id, rack_position_set_id) FROM stdin;
\.


--
-- Name: tagged_tagged_id_seq; Type: SEQUENCE SET; Schema: public; Owner: thelma
--

SELECT pg_catalog.setval('tagged_tagged_id_seq', 1, false);


--
-- Data for Name: tagging; Type: TABLE DATA; Schema: public; Owner: thelma
--

COPY tagging (tagged_id, tag_id, user_id, time_stamp) FROM stdin;
\.


--
-- Data for Name: target; Type: TABLE DATA; Schema: public; Owner: thelma
--

COPY target (target_id, molecule_design_id, transcript_id) FROM stdin;
\.


--
-- Data for Name: target_set_member; Type: TABLE DATA; Schema: public; Owner: thelma
--

COPY target_set_member (target_set_id, target_id) FROM stdin;
\.


--
-- Name: target_set_target_set_id_seq; Type: SEQUENCE SET; Schema: public; Owner: thelma
--

SELECT pg_catalog.setval('target_set_target_set_id_seq', 1, false);


--
-- Name: target_target_id_seq; Type: SEQUENCE SET; Schema: public; Owner: thelma
--

SELECT pg_catalog.setval('target_target_id_seq', 1, false);


--
-- Name: task_item_task_item_id_seq; Type: SEQUENCE SET; Schema: public; Owner: postgres
--

SELECT pg_catalog.setval('task_item_task_item_id_seq', 1, false);


--
-- Data for Name: task_report; Type: TABLE DATA; Schema: public; Owner: postgres
--

COPY task_report (subproject_id, task_type_id, report_type) FROM stdin;
\.


--
-- Name: task_task_id_seq; Type: SEQUENCE SET; Schema: public; Owner: postgres
--

SELECT pg_catalog.setval('task_task_id_seq', 1, false);


--
-- Name: task_type_task_type_id_seq; Type: SEQUENCE SET; Schema: public; Owner: postgres
--

SELECT pg_catalog.setval('task_type_task_type_id_seq', 1, false);


--
-- Data for Name: transcript_gene; Type: TABLE DATA; Schema: public; Owner: thelma
--

COPY transcript_gene (transcript_id, gene_id) FROM stdin;
\.


--
-- Data for Name: transcript_identifier; Type: TABLE DATA; Schema: public; Owner: postgres
--

COPY transcript_identifier (transcript_identifier_id, name, seq_identifier_type_id, transcript_id) FROM stdin;
\.


--
-- Name: transcript_identifier_transcript_identifier_id_seq; Type: SEQUENCE SET; Schema: public; Owner: postgres
--

SELECT pg_catalog.setval('transcript_identifier_transcript_identifier_id_seq', 1, false);


--
-- Name: transcript_transcript_id_seq; Type: SEQUENCE SET; Schema: public; Owner: postgres
--

SELECT pg_catalog.setval('transcript_transcript_id_seq', 1, false);


--
-- Data for Name: transfection_job_step; Type: TABLE DATA; Schema: public; Owner: postgres
--

COPY transfection_job_step (job_step_id, cell_line_id) FROM stdin;
\.


--
-- Data for Name: tube_transfer; Type: TABLE DATA; Schema: public; Owner: thelma
--

COPY tube_transfer (tube_transfer_id, tube_id, source_rack_id, target_rack_id, source_position_id, target_position_id) FROM stdin;
\.


--
-- Name: tube_transfer_tube_transfer_id_seq; Type: SEQUENCE SET; Schema: public; Owner: thelma
--

SELECT pg_catalog.setval('tube_transfer_tube_transfer_id_seq', 1, false);


--
-- Data for Name: tube_transfer_worklist; Type: TABLE DATA; Schema: public; Owner: thelma
--

COPY tube_transfer_worklist (tube_transfer_worklist_id, db_user_id, "timestamp") FROM stdin;
\.


--
-- Data for Name: tube_transfer_worklist_member; Type: TABLE DATA; Schema: public; Owner: thelma
--

COPY tube_transfer_worklist_member (tube_transfer_worklist_id, tube_transfer_id) FROM stdin;
\.


--
-- Name: tube_transfer_worklist_tube_transfer_worklist_id_seq; Type: SEQUENCE SET; Schema: public; Owner: thelma
--

SELECT pg_catalog.setval('tube_transfer_worklist_tube_transfer_worklist_id_seq', 1, false);


--
-- Data for Name: user_preferences; Type: TABLE DATA; Schema: public; Owner: thelma
--

COPY user_preferences (user_id, app_name, preferences, user_preferences_id) FROM stdin;
\.


--
-- Name: user_preferences_user_preferences_id_seq; Type: SEQUENCE SET; Schema: public; Owner: thelma
--

SELECT pg_catalog.setval('user_preferences_user_preferences_id_seq', 1, false);


--
-- Data for Name: versioned_transcript_amplicon; Type: TABLE DATA; Schema: public; Owner: postgres
--

COPY versioned_transcript_amplicon (versioned_transcript_id, primer_pair_id, left_primer_start, right_primer_start) FROM stdin;
\.


--
-- Name: versioned_transcript_versioned_transcript_id_seq; Type: SEQUENCE SET; Schema: public; Owner: postgres
--

SELECT pg_catalog.setval('versioned_transcript_versioned_transcript_id_seq', 1, false);


--
-- Data for Name: worklist_series_experiment_design; Type: TABLE DATA; Schema: public; Owner: thelma
--

COPY worklist_series_experiment_design (experiment_design_id, worklist_series_id) FROM stdin;
\.


--
-- Data for Name: worklist_series_experiment_design_rack; Type: TABLE DATA; Schema: public; Owner: thelma
--

COPY worklist_series_experiment_design_rack (experiment_design_rack_id, worklist_series_id) FROM stdin;
\.


--
-- Data for Name: worklist_series_iso_job; Type: TABLE DATA; Schema: public; Owner: gathmann
--

COPY worklist_series_iso_job (job_id, worklist_series_id) FROM stdin;
\.


--
-- Data for Name: worklist_series_iso_request; Type: TABLE DATA; Schema: public; Owner: thelma
--

COPY worklist_series_iso_request (iso_request_id, worklist_series_id) FROM stdin;
\.


--
-- Data for Name: worklist_series_member; Type: TABLE DATA; Schema: public; Owner: thelma
--

COPY worklist_series_member (worklist_series_id, planned_worklist_id, index) FROM stdin;
\.


--
-- Name: worklist_series_worklist_series_id_seq; Type: SEQUENCE SET; Schema: public; Owner: thelma
--

SELECT pg_catalog.setval('worklist_series_worklist_series_id_seq', 1, false);


--
-- PostgreSQL database dump complete
--

